RFC,RAZON SOCIAL,SUPUESTO,EJERCICIO,PERIODO,FECHA DE PRIMERA PUBLICACION
MSC960101SR8,MUNICIPIO DE SANTA CATARINA ZAPOQUILA SIN TIPO DE SOCIEDAD,FRACCION VII,2020,12,23/07/2024
MSJ850101GD2,MUNICIPIO DE SAN JUAN COTZOCON SIN TIPO DE SOCIEDAD,FRACCION VII,2020,12,23/07/2024
MSM850101DC5,MUNICIPIO DE SAN MIGUEL DEL RIO SIN TIPO DE SOCIEDAD,FRACCION VII,2020,12,23/07/2024
MCS921222M67,MUNICIPIO DE CARDENAS SLP SIN TIPO DE SOCIEDAD,FRACCION VII,2020,12,23/07/2024
MAP850101PA7,MUNICIPIO DE APULCO ZAC SIN TIPO DE SOCIEDAD,FRACCION VII,2020,12,23/07/2024
MZA850101LF7,MUNICIPIO DE ZACUALPAN SIN TIPO DE SOCIEDAD,FRACCION VII,2021,1,23/07/2024
MTM850101U16,MUNICIPIO DE TINGAMBATO MICHOACAN SIN TIPO DE SOCIEDAD,FRACCION VII,2021,1,23/07/2024
MSC850101DE2,MUNICIPIO DE SANTA CATARINA TICUA SIN TIPO DE SOCIEDAD,FRACCION VII,2021,1,23/07/2024
MUH8501013N8,MUNICIPIO DE UNION HIDALGO SIN TIPO DE SOCIEDAD,FRACCION VII,2021,1,23/07/2024
MCS921222M67,MUNICIPIO DE CARDENAS SLP SIN TIPO DE SOCIEDAD,FRACCION VII,2021,1,23/07/2024
ITS021201J65,INSTITUTO TECNOLOGICO SUPERIOR DE LORETO SIN TIPO DE SOCIEDAD,FRACCION VII,2021,1,23/07/2024
MZA850101LF7,MUNICIPIO DE ZACUALPAN SIN TIPO DE SOCIEDAD,FRACCION VII,2021,2,23/07/2024
MAM850101N93,MUNICIPIO DE APORO MICHOACAN SIN TIPO DE SOCIEDAD,FRACCION VII,2021,2,23/07/2024
MTM850101U16,MUNICIPIO DE TINGAMBATO MICHOACAN SIN TIPO DE SOCIEDAD,FRACCION VII,2021,2,23/07/2024
MSC850101DE2,MUNICIPIO DE SANTA CATARINA TICUA SIN TIPO DE SOCIEDAD,FRACCION VII,2021,2,23/07/2024
MUH8501013N8,MUNICIPIO DE UNION HIDALGO SIN TIPO DE SOCIEDAD,FRACCION VII,2021,2,23/07/2024
MCS921222M67,MUNICIPIO DE CARDENAS SLP SIN TIPO DE SOCIEDAD,FRACCION VII,2021,2,23/07/2024
MZA850101LF7,MUNICIPIO DE ZACUALPAN SIN TIPO DE SOCIEDAD,FRACCION VII,2021,3,23/07/2024
MAM850101N93,MUNICIPIO DE APORO MICHOACAN SIN TIPO DE SOCIEDAD,FRACCION VII,2021,3,23/07/2024
MTM850101U16,MUNICIPIO DE TINGAMBATO MICHOACAN SIN TIPO DE SOCIEDAD,FRACCION VII,2021,3,23/07/2024
MCO8501016Z3,MUNICIPIO DE COSOLAPA OAXACA SIN TIPO DE SOCIEDAD,FRACCION VII,2021,3,23/07/2024
MSC850101DE2,MUNICIPIO DE SANTA CATARINA TICUA SIN TIPO DE SOCIEDAD,FRACCION VII,2021,3,23/07/2024
MSC960101SR8,MUNICIPIO DE SANTA CATARINA ZAPOQUILA SIN TIPO DE SOCIEDAD,FRACCION VII,2021,3,23/07/2024
MUH8501013N8,MUNICIPIO DE UNION HIDALGO SIN TIPO DE SOCIEDAD,FRACCION VII,2021,3,23/07/2024
MCM850101RUA,MUNICIPIO DE CIUDAD DEL MAIZ SLP SIN TIPO DE SOCIEDAD,FRACCION VII,2021,3,23/07/2024
MCS921222M67,MUNICIPIO DE CARDENAS SLP SIN TIPO DE SOCIEDAD,FRACCION VII,2021,3,23/07/2024
MZA850101LF7,MUNICIPIO DE ZACUALPAN SIN TIPO DE SOCIEDAD,FRACCION VII,2021,4,23/07/2024
MAM850101N93,MUNICIPIO DE APORO MICHOACAN SIN TIPO DE SOCIEDAD,FRACCION VII,2021,4,23/07/2024
MTM850101U16,MUNICIPIO DE TINGAMBATO MICHOACAN SIN TIPO DE SOCIEDAD,FRACCION VII,2021,4,23/07/2024
MSC850101DE2,MUNICIPIO DE SANTA CATARINA TICUA SIN TIPO DE SOCIEDAD,FRACCION VII,2021,4,23/07/2024
MSC960101SR8,MUNICIPIO DE SANTA CATARINA ZAPOQUILA SIN TIPO DE SOCIEDAD,FRACCION VII,2021,4,23/07/2024
MUH8501013N8,MUNICIPIO DE UNION HIDALGO SIN TIPO DE SOCIEDAD,FRACCION VII,2021,4,23/07/2024
MCM850101RUA,MUNICIPIO DE CIUDAD DEL MAIZ SLP SIN TIPO DE SOCIEDAD,FRACCION VII,2021,4,23/07/2024
MCS921222M67,MUNICIPIO DE CARDENAS SLP SIN TIPO DE SOCIEDAD,FRACCION VII,2021,4,23/07/2024
MZA850101LF7,MUNICIPIO DE ZACUALPAN SIN TIPO DE SOCIEDAD,FRACCION VII,2021,5,23/07/2024
MTM850101U16,MUNICIPIO DE TINGAMBATO MICHOACAN SIN TIPO DE SOCIEDAD,FRACCION VII,2021,5,23/07/2024
MCO8501016Z3,MUNICIPIO DE COSOLAPA OAXACA SIN TIPO DE SOCIEDAD,FRACCION VII,2021,5,23/07/2024
MSC960101SR8,MUNICIPIO DE SANTA CATARINA ZAPOQUILA SIN TIPO DE SOCIEDAD,FRACCION VII,2021,5,23/07/2024
MUH8501013N8,MUNICIPIO DE UNION HIDALGO SIN TIPO DE SOCIEDAD,FRACCION VII,2021,5,23/07/2024
MCS921222M67,MUNICIPIO DE CARDENAS SLP SIN TIPO DE SOCIEDAD,FRACCION VII,2021,5,23/07/2024
MZA850101LF7,MUNICIPIO DE ZACUALPAN SIN TIPO DE SOCIEDAD,FRACCION VII,2021,6,23/07/2024
MTM850101U16,MUNICIPIO DE TINGAMBATO MICHOACAN SIN TIPO DE SOCIEDAD,FRACCION VII,2021,6,23/07/2024
MCO8501016Z3,MUNICIPIO DE COSOLAPA OAXACA SIN TIPO DE SOCIEDAD,FRACCION VII,2021,6,23/07/2024
MSC960101SR8,MUNICIPIO DE SANTA CATARINA ZAPOQUILA SIN TIPO DE SOCIEDAD,FRACCION VII,2021,6,23/07/2024
MUH8501013N8,MUNICIPIO DE UNION HIDALGO SIN TIPO DE SOCIEDAD,FRACCION VII,2021,6,23/07/2024
MCS921222M67,MUNICIPIO DE CARDENAS SLP SIN TIPO DE SOCIEDAD,FRACCION VII,2021,6,23/07/2024
MZA850101LF7,MUNICIPIO DE ZACUALPAN SIN TIPO DE SOCIEDAD,FRACCION VII,2021,7,23/07/2024
MTM850101U16,MUNICIPIO DE TINGAMBATO MICHOACAN SIN TIPO DE SOCIEDAD,FRACCION VII,2021,7,23/07/2024
MCO8501016Z3,MUNICIPIO DE COSOLAPA OAXACA SIN TIPO DE SOCIEDAD,FRACCION VII,2021,7,23/07/2024
MSC960101SR8,MUNICIPIO DE SANTA CATARINA ZAPOQUILA SIN TIPO DE SOCIEDAD,FRACCION VII,2021,7,23/07/2024
MUH8501013N8,MUNICIPIO DE UNION HIDALGO SIN TIPO DE SOCIEDAD,FRACCION VII,2021,7,23/07/2024
MCS921222M67,MUNICIPIO DE CARDENAS SLP SIN TIPO DE SOCIEDAD,FRACCION VII,2021,7,23/07/2024
MZA850101LF7,MUNICIPIO DE ZACUALPAN SIN TIPO DE SOCIEDAD,FRACCION VII,2021,8,23/07/2024
MAM850101N93,MUNICIPIO DE APORO MICHOACAN SIN TIPO DE SOCIEDAD,FRACCION VII,2021,8,23/07/2024
MJM850101P52,MUNICIPIO DE JUNGAPEO MICHOACAN SIN TIPO DE SOCIEDAD,FRACCION VII,2021,8,23/07/2024
MTM850101U16,MUNICIPIO DE TINGAMBATO MICHOACAN SIN TIPO DE SOCIEDAD,FRACCION VII,2021,8,23/07/2024
OOM0002024W1,"ORGANISMO OPERADOR MUNICIPAL DE AGUA POTABLE, ALCANTARILLADO Y SANEAMIENTO DE TUXPAN, NAYARIT. SIN TIPO DE SOCIEDAD",FRACCION VII,2021,8,23/07/2024
MCO8501016Z3,MUNICIPIO DE COSOLAPA OAXACA SIN TIPO DE SOCIEDAD,FRACCION VII,2021,8,23/07/2024
MSC960101SR8,MUNICIPIO DE SANTA CATARINA ZAPOQUILA SIN TIPO DE SOCIEDAD,FRACCION VII,2021,8,23/07/2024
MUH8501013N8,MUNICIPIO DE UNION HIDALGO SIN TIPO DE SOCIEDAD,FRACCION VII,2021,8,23/07/2024
MCM850101RUA,MUNICIPIO DE CIUDAD DEL MAIZ SLP SIN TIPO DE SOCIEDAD,FRACCION VII,2021,8,23/07/2024
MCS921222M67,MUNICIPIO DE CARDENAS SLP SIN TIPO DE SOCIEDAD,FRACCION VII,2021,8,23/07/2024
MSG850101848,MUNICIPIO DE SOLEDAD DE GRACIANO SANCHEZ SLP SIN TIPO DE SOCIEDAD,FRACCION VII,2021,8,23/07/2024
MLT850101G65,MUNICIPIO DE LERDO DE TEJADA VER SIN TIPO DE SOCIEDAD,FRACCION VII,2021,8,23/07/2024
MZA850101LF7,MUNICIPIO DE ZACUALPAN SIN TIPO DE SOCIEDAD,FRACCION VII,2021,9,23/07/2024
MBM8501014W1,MUNICIPIO DE BUENAVISTA MICHOACAN SIN TIPO DE SOCIEDAD,FRACCION VII,2021,9,23/07/2024
MJM850101P52,MUNICIPIO DE JUNGAPEO MICHOACAN SIN TIPO DE SOCIEDAD,FRACCION VII,2021,9,23/07/2024
MCO8501016Z3,MUNICIPIO DE COSOLAPA OAXACA SIN TIPO DE SOCIEDAD,FRACCION VII,2021,9,23/07/2024
MSC960101SR8,MUNICIPIO DE SANTA CATARINA ZAPOQUILA SIN TIPO DE SOCIEDAD,FRACCION VII,2021,9,23/07/2024
MUH8501013N8,MUNICIPIO DE UNION HIDALGO SIN TIPO DE SOCIEDAD,FRACCION VII,2021,9,23/07/2024
MCM850101RUA,MUNICIPIO DE CIUDAD DEL MAIZ SLP SIN TIPO DE SOCIEDAD,FRACCION VII,2021,9,23/07/2024
MCS921222M67,MUNICIPIO DE CARDENAS SLP SIN TIPO DE SOCIEDAD,FRACCION VII,2021,9,23/07/2024
MSG850101848,MUNICIPIO DE SOLEDAD DE GRACIANO SANCHEZ SLP SIN TIPO DE SOCIEDAD,FRACCION VII,2021,9,23/07/2024
MLT850101G65,MUNICIPIO DE LERDO DE TEJADA VER SIN TIPO DE SOCIEDAD,FRACCION VII,2021,9,23/07/2024
MZA850101LF7,MUNICIPIO DE ZACUALPAN SIN TIPO DE SOCIEDAD,FRACCION VII,2021,10,23/07/2024
MBM8501014W1,MUNICIPIO DE BUENAVISTA MICHOACAN SIN TIPO DE SOCIEDAD,FRACCION VII,2021,10,23/07/2024
MJM850101P52,MUNICIPIO DE JUNGAPEO MICHOACAN SIN TIPO DE SOCIEDAD,FRACCION VII,2021,10,23/07/2024
MCO8501016Z3,MUNICIPIO DE COSOLAPA OAXACA SIN TIPO DE SOCIEDAD,FRACCION VII,2021,10,23/07/2024
MSC850101PSA,MUNICIPIO DE SANTA CATARINA MECHOACAN SIN TIPO DE SOCIEDAD,FRACCION VII,2021,10,23/07/2024
MSC960101SR8,MUNICIPIO DE SANTA CATARINA ZAPOQUILA SIN TIPO DE SOCIEDAD,FRACCION VII,2021,10,23/07/2024
MUH8501013N8,MUNICIPIO DE UNION HIDALGO SIN TIPO DE SOCIEDAD,FRACCION VII,2021,10,23/07/2024
MCM850101RUA,MUNICIPIO DE CIUDAD DEL MAIZ SLP SIN TIPO DE SOCIEDAD,FRACCION VII,2021,10,23/07/2024
MLT850101G65,MUNICIPIO DE LERDO DE TEJADA VER SIN TIPO DE SOCIEDAD,FRACCION VII,2021,10,23/07/2024
ITS021201J65,INSTITUTO TECNOLOGICO SUPERIOR DE LORETO SIN TIPO DE SOCIEDAD,FRACCION VII,2021,10,23/07/2024
MLM850101HD2,MUNICIPIO DE LUIS MOYA Z SIN TIPO DE SOCIEDAD,FRACCION VII,2021,10,23/07/2024
MZA850101LF7,MUNICIPIO DE ZACUALPAN SIN TIPO DE SOCIEDAD,FRACCION VII,2021,11,23/07/2024
MBM8501014W1,MUNICIPIO DE BUENAVISTA MICHOACAN SIN TIPO DE SOCIEDAD,FRACCION VII,2021,11,23/07/2024
MJM850101P52,MUNICIPIO DE JUNGAPEO MICHOACAN SIN TIPO DE SOCIEDAD,FRACCION VII,2021,11,23/07/2024
MCO8501016Z3,MUNICIPIO DE COSOLAPA OAXACA SIN TIPO DE SOCIEDAD,FRACCION VII,2021,11,23/07/2024
MSC850101PSA,MUNICIPIO DE SANTA CATARINA MECHOACAN SIN TIPO DE SOCIEDAD,FRACCION VII,2021,11,23/07/2024
MSC960101SR8,MUNICIPIO DE SANTA CATARINA ZAPOQUILA SIN TIPO DE SOCIEDAD,FRACCION VII,2021,11,23/07/2024
MSM850101AR4,MUNICIPIO DE SANTA MARIA YOSOYUA SIN TIPO DE SOCIEDAD,FRACCION VII,2021,11,23/07/2024
MUH8501013N8,MUNICIPIO DE UNION HIDALGO SIN TIPO DE SOCIEDAD,FRACCION VII,2021,11,23/07/2024
MCM850101RUA,MUNICIPIO DE CIUDAD DEL MAIZ SLP SIN TIPO DE SOCIEDAD,FRACCION VII,2021,11,23/07/2024
MLT850101G65,MUNICIPIO DE LERDO DE TEJADA VER SIN TIPO DE SOCIEDAD,FRACCION VII,2021,11,23/07/2024
MZA850101LF7,MUNICIPIO DE ZACUALPAN SIN TIPO DE SOCIEDAD,FRACCION VII,2021,12,23/07/2024
MBM8501014W1,MUNICIPIO DE BUENAVISTA MICHOACAN SIN TIPO DE SOCIEDAD,FRACCION VII,2021,12,23/07/2024
MJM850101P52,MUNICIPIO DE JUNGAPEO MICHOACAN SIN TIPO DE SOCIEDAD,FRACCION VII,2021,12,23/07/2024
MCO8501016Z3,MUNICIPIO DE COSOLAPA OAXACA SIN TIPO DE SOCIEDAD,FRACCION VII,2021,12,23/07/2024
MSC960101SR8,MUNICIPIO DE SANTA CATARINA ZAPOQUILA SIN TIPO DE SOCIEDAD,FRACCION VII,2021,12,23/07/2024
MUH8501013N8,MUNICIPIO DE UNION HIDALGO SIN TIPO DE SOCIEDAD,FRACCION VII,2021,12,23/07/2024
MCM850101RUA,MUNICIPIO DE CIUDAD DEL MAIZ SLP SIN TIPO DE SOCIEDAD,FRACCION VII,2021,12,23/07/2024
MCS921222M67,MUNICIPIO DE CARDENAS SLP SIN TIPO DE SOCIEDAD,FRACCION VII,2021,12,23/07/2024
MLT850101G65,MUNICIPIO DE LERDO DE TEJADA VER SIN TIPO DE SOCIEDAD,FRACCION VII,2021,12,23/07/2024
MTA8501016G6,MUNICIPIO DE TANCOCO SIN TIPO DE SOCIEDAD,FRACCION VII,2021,12,23/07/2024
IMC080404CY7,INSTITUTO MUNICIPAL DE CULTURA FISICA Y DEPORTE DE AMATEPEC SIN TIPO DE SOCIEDAD,FRACCION VII,2022,1,23/07/2024
MJM850101P52,MUNICIPIO DE JUNGAPEO MICHOACAN SIN TIPO DE SOCIEDAD,FRACCION VII,2022,1,23/07/2024
MSA850101V39,MUNICIPIO DE SANTA ANA ZEGACHE SIN TIPO DE SOCIEDAD,FRACCION VII,2022,1,23/07/2024
MSC960101SR8,MUNICIPIO DE SANTA CATARINA ZAPOQUILA SIN TIPO DE SOCIEDAD,FRACCION VII,2022,1,23/07/2024
MTP850101EU1,MUNICIPIO DE TEOTLALCO PUEBLA SIN TIPO DE SOCIEDAD,FRACCION VII,2022,1,23/07/2024
MCM850101RUA,MUNICIPIO DE CIUDAD DEL MAIZ SLP SIN TIPO DE SOCIEDAD,FRACCION VII,2022,1,23/07/2024
MAP850101PA7,MUNICIPIO DE APULCO ZAC SIN TIPO DE SOCIEDAD,FRACCION VII,2022,1,23/07/2024
IMC080404CY7,INSTITUTO MUNICIPAL DE CULTURA FISICA Y DEPORTE DE AMATEPEC SIN TIPO DE SOCIEDAD,FRACCION VII,2022,2,23/07/2024
MJM850101P52,MUNICIPIO DE JUNGAPEO MICHOACAN SIN TIPO DE SOCIEDAD,FRACCION VII,2022,2,23/07/2024
MSA850101V39,MUNICIPIO DE SANTA ANA ZEGACHE SIN TIPO DE SOCIEDAD,FRACCION VII,2022,2,23/07/2024
MSC960101SR8,MUNICIPIO DE SANTA CATARINA ZAPOQUILA SIN TIPO DE SOCIEDAD,FRACCION VII,2022,2,23/07/2024
MSD8501018B2,MUNICIPIO DE SANTO DOMINGO ARMENTA SIN TIPO DE SOCIEDAD,FRACCION VII,2022,2,23/07/2024
MCM850101RUA,MUNICIPIO DE CIUDAD DEL MAIZ SLP SIN TIPO DE SOCIEDAD,FRACCION VII,2022,2,23/07/2024
MAP850101PA7,MUNICIPIO DE APULCO ZAC SIN TIPO DE SOCIEDAD,FRACCION VII,2022,2,23/07/2024
IMC080404CY7,INSTITUTO MUNICIPAL DE CULTURA FISICA Y DEPORTE DE AMATEPEC SIN TIPO DE SOCIEDAD,FRACCION VII,2022,3,23/07/2024
MJM850101P52,MUNICIPIO DE JUNGAPEO MICHOACAN SIN TIPO DE SOCIEDAD,FRACCION VII,2022,3,23/07/2024
MSA850101V39,MUNICIPIO DE SANTA ANA ZEGACHE SIN TIPO DE SOCIEDAD,FRACCION VII,2022,3,23/07/2024
MSC960101SR8,MUNICIPIO DE SANTA CATARINA ZAPOQUILA SIN TIPO DE SOCIEDAD,FRACCION VII,2022,3,23/07/2024
MSD8501018B2,MUNICIPIO DE SANTO DOMINGO ARMENTA SIN TIPO DE SOCIEDAD,FRACCION VII,2022,3,23/07/2024
MCM850101RUA,MUNICIPIO DE CIUDAD DEL MAIZ SLP SIN TIPO DE SOCIEDAD,FRACCION VII,2022,3,23/07/2024
MCS921222M67,MUNICIPIO DE CARDENAS SLP SIN TIPO DE SOCIEDAD,FRACCION VII,2022,3,23/07/2024
MAP850101PA7,MUNICIPIO DE APULCO ZAC SIN TIPO DE SOCIEDAD,FRACCION VII,2022,3,23/07/2024
IMC080404CY7,INSTITUTO MUNICIPAL DE CULTURA FISICA Y DEPORTE DE AMATEPEC SIN TIPO DE SOCIEDAD,FRACCION VII,2022,4,23/07/2024
MJM850101P52,MUNICIPIO DE JUNGAPEO MICHOACAN SIN TIPO DE SOCIEDAD,FRACCION VII,2022,4,23/07/2024
MSA850101V39,MUNICIPIO DE SANTA ANA ZEGACHE SIN TIPO DE SOCIEDAD,FRACCION VII,2022,4,23/07/2024
MSC960101SR8,MUNICIPIO DE SANTA CATARINA ZAPOQUILA SIN TIPO DE SOCIEDAD,FRACCION VII,2022,4,23/07/2024
MSD8501018B2,MUNICIPIO DE SANTO DOMINGO ARMENTA SIN TIPO DE SOCIEDAD,FRACCION VII,2022,4,23/07/2024
MTP850101EU1,MUNICIPIO DE TEOTLALCO PUEBLA SIN TIPO DE SOCIEDAD,FRACCION VII,2022,4,23/07/2024
MCM850101RUA,MUNICIPIO DE CIUDAD DEL MAIZ SLP SIN TIPO DE SOCIEDAD,FRACCION VII,2022,4,23/07/2024
MCS921222M67,MUNICIPIO DE CARDENAS SLP SIN TIPO DE SOCIEDAD,FRACCION VII,2022,4,23/07/2024
MAP850101PA7,MUNICIPIO DE APULCO ZAC SIN TIPO DE SOCIEDAD,FRACCION VII,2022,4,23/07/2024
IMC080404CY7,INSTITUTO MUNICIPAL DE CULTURA FISICA Y DEPORTE DE AMATEPEC SIN TIPO DE SOCIEDAD,FRACCION VII,2022,5,23/07/2024
MJM850101P52,MUNICIPIO DE JUNGAPEO MICHOACAN SIN TIPO DE SOCIEDAD,FRACCION VII,2022,5,23/07/2024
MTM850101GY5,MUNICIPIO DE TIQUICHEO MICHOACAN SIN TIPO DE SOCIEDAD,FRACCION VII,2022,5,23/07/2024
MSA850101V39,MUNICIPIO DE SANTA ANA ZEGACHE SIN TIPO DE SOCIEDAD,FRACCION VII,2022,5,23/07/2024
MSD8501018B2,MUNICIPIO DE SANTO DOMINGO ARMENTA SIN TIPO DE SOCIEDAD,FRACCION VII,2022,5,23/07/2024
MCM850101RUA,MUNICIPIO DE CIUDAD DEL MAIZ SLP SIN TIPO DE SOCIEDAD,FRACCION VII,2022,5,23/07/2024
MCS921222M67,MUNICIPIO DE CARDENAS SLP SIN TIPO DE SOCIEDAD,FRACCION VII,2022,5,23/07/2024
MAP850101PA7,MUNICIPIO DE APULCO ZAC SIN TIPO DE SOCIEDAD,FRACCION VII,2022,5,23/07/2024
IMC080404CY7,INSTITUTO MUNICIPAL DE CULTURA FISICA Y DEPORTE DE AMATEPEC SIN TIPO DE SOCIEDAD,FRACCION VII,2022,6,23/07/2024
MJM850101P52,MUNICIPIO DE JUNGAPEO MICHOACAN SIN TIPO DE SOCIEDAD,FRACCION VII,2022,6,23/07/2024
MTM850101GY5,MUNICIPIO DE TIQUICHEO MICHOACAN SIN TIPO DE SOCIEDAD,FRACCION VII,2022,6,23/07/2024
MSA850101N25,MUNICIPIO DE SAN AGUSTIN ATENANGO SIN TIPO DE SOCIEDAD,FRACCION VII,2022,6,23/07/2024
MSA850101V39,MUNICIPIO DE SANTA ANA ZEGACHE SIN TIPO DE SOCIEDAD,FRACCION VII,2022,6,23/07/2024
MSC960101SR8,MUNICIPIO DE SANTA CATARINA ZAPOQUILA SIN TIPO DE SOCIEDAD,FRACCION VII,2022,6,23/07/2024
MSD8501018B2,MUNICIPIO DE SANTO DOMINGO ARMENTA SIN TIPO DE SOCIEDAD,FRACCION VII,2022,6,23/07/2024
MCM850101RUA,MUNICIPIO DE CIUDAD DEL MAIZ SLP SIN TIPO DE SOCIEDAD,FRACCION VII,2022,6,23/07/2024
MCS921222M67,MUNICIPIO DE CARDENAS SLP SIN TIPO DE SOCIEDAD,FRACCION VII,2022,6,23/07/2024
ICE050113LV7,INSTITUTO DE CATASTRO DEL ESTADO DE TLAXCALA SIN TIPO DE SOCIEDAD,FRACCION VII,2022,6,23/07/2024
MAP850101PA7,MUNICIPIO DE APULCO ZAC SIN TIPO DE SOCIEDAD,FRACCION VII,2022,6,23/07/2024
MJM850101P52,MUNICIPIO DE JUNGAPEO MICHOACAN SIN TIPO DE SOCIEDAD,FRACCION VII,2022,7,23/07/2024
MTM850101GY5,MUNICIPIO DE TIQUICHEO MICHOACAN SIN TIPO DE SOCIEDAD,FRACCION VII,2022,7,23/07/2024
MSA850101N25,MUNICIPIO DE SAN AGUSTIN ATENANGO SIN TIPO DE SOCIEDAD,FRACCION VII,2022,7,23/07/2024
MSA850101V39,MUNICIPIO DE SANTA ANA ZEGACHE SIN TIPO DE SOCIEDAD,FRACCION VII,2022,7,23/07/2024
MSC960101SR8,MUNICIPIO DE SANTA CATARINA ZAPOQUILA SIN TIPO DE SOCIEDAD,FRACCION VII,2022,7,23/07/2024
MSD8501018B2,MUNICIPIO DE SANTO DOMINGO ARMENTA SIN TIPO DE SOCIEDAD,FRACCION VII,2022,7,23/07/2024
MCM850101RUA,MUNICIPIO DE CIUDAD DEL MAIZ SLP SIN TIPO DE SOCIEDAD,FRACCION VII,2022,7,23/07/2024
MCS921222M67,MUNICIPIO DE CARDENAS SLP SIN TIPO DE SOCIEDAD,FRACCION VII,2022,7,23/07/2024
MAP850101PA7,MUNICIPIO DE APULCO ZAC SIN TIPO DE SOCIEDAD,FRACCION VII,2022,7,23/07/2024
MTM850101GY5,MUNICIPIO DE TIQUICHEO MICHOACAN SIN TIPO DE SOCIEDAD,FRACCION VII,2022,8,23/07/2024
MSA850101N25,MUNICIPIO DE SAN AGUSTIN ATENANGO SIN TIPO DE SOCIEDAD,FRACCION VII,2022,8,23/07/2024
MSA850101V39,MUNICIPIO DE SANTA ANA ZEGACHE SIN TIPO DE SOCIEDAD,FRACCION VII,2022,8,23/07/2024
MSC960101SR8,MUNICIPIO DE SANTA CATARINA ZAPOQUILA SIN TIPO DE SOCIEDAD,FRACCION VII,2022,8,23/07/2024
MSD8501018B2,MUNICIPIO DE SANTO DOMINGO ARMENTA SIN TIPO DE SOCIEDAD,FRACCION VII,2022,8,23/07/2024
MCM850101RUA,MUNICIPIO DE CIUDAD DEL MAIZ SLP SIN TIPO DE SOCIEDAD,FRACCION VII,2022,8,23/07/2024
MNS941202UQ9,MUNICIPIO DE EL NARANJO SLP SIN TIPO DE SOCIEDAD,FRACCION VII,2022,8,23/07/2024
MAP850101PA7,MUNICIPIO DE APULCO ZAC SIN TIPO DE SOCIEDAD,FRACCION VII,2022,8,23/07/2024
MTM850101GY5,MUNICIPIO DE TIQUICHEO MICHOACAN SIN TIPO DE SOCIEDAD,FRACCION VII,2022,9,23/07/2024
MMN74010184A,MUNICIPIO DE MINA NUEVO LEON SIN TIPO DE SOCIEDAD,FRACCION VII,2022,9,23/07/2024
MSA850101N25,MUNICIPIO DE SAN AGUSTIN ATENANGO SIN TIPO DE SOCIEDAD,FRACCION VII,2022,9,23/07/2024
MSA850101V39,MUNICIPIO DE SANTA ANA ZEGACHE SIN TIPO DE SOCIEDAD,FRACCION VII,2022,9,23/07/2024
MSC960101SR8,MUNICIPIO DE SANTA CATARINA ZAPOQUILA SIN TIPO DE SOCIEDAD,FRACCION VII,2022,9,23/07/2024
MSD8501018B2,MUNICIPIO DE SANTO DOMINGO ARMENTA SIN TIPO DE SOCIEDAD,FRACCION VII,2022,9,23/07/2024
MCM850101RUA,MUNICIPIO DE CIUDAD DEL MAIZ SLP SIN TIPO DE SOCIEDAD,FRACCION VII,2022,9,23/07/2024
MNS941202UQ9,MUNICIPIO DE EL NARANJO SLP SIN TIPO DE SOCIEDAD,FRACCION VII,2022,9,23/07/2024
MAP850101PA7,MUNICIPIO DE APULCO ZAC SIN TIPO DE SOCIEDAD,FRACCION VII,2022,9,23/07/2024
MBM8501014W1,MUNICIPIO DE BUENAVISTA MICHOACAN SIN TIPO DE SOCIEDAD,FRACCION VII,2022,10,23/07/2024
MTM850101GY5,MUNICIPIO DE TIQUICHEO MICHOACAN SIN TIPO DE SOCIEDAD,FRACCION VII,2022,10,23/07/2024
MMN74010184A,MUNICIPIO DE MINA NUEVO LEON SIN TIPO DE SOCIEDAD,FRACCION VII,2022,10,23/07/2024
MSA850101N25,MUNICIPIO DE SAN AGUSTIN ATENANGO SIN TIPO DE SOCIEDAD,FRACCION VII,2022,10,23/07/2024
MSA850101V39,MUNICIPIO DE SANTA ANA ZEGACHE SIN TIPO DE SOCIEDAD,FRACCION VII,2022,10,23/07/2024
MSD8501018B2,MUNICIPIO DE SANTO DOMINGO ARMENTA SIN TIPO DE SOCIEDAD,FRACCION VII,2022,10,23/07/2024
MCM850101RUA,MUNICIPIO DE CIUDAD DEL MAIZ SLP SIN TIPO DE SOCIEDAD,FRACCION VII,2022,10,23/07/2024
MCS921222M67,MUNICIPIO DE CARDENAS SLP SIN TIPO DE SOCIEDAD,FRACCION VII,2022,10,23/07/2024
MNS941202UQ9,MUNICIPIO DE EL NARANJO SLP SIN TIPO DE SOCIEDAD,FRACCION VII,2022,10,23/07/2024
MAP850101PA7,MUNICIPIO DE APULCO ZAC SIN TIPO DE SOCIEDAD,FRACCION VII,2022,10,23/07/2024
MTM850101GY5,MUNICIPIO DE TIQUICHEO MICHOACAN SIN TIPO DE SOCIEDAD,FRACCION VII,2022,11,23/07/2024
MMN74010184A,MUNICIPIO DE MINA NUEVO LEON SIN TIPO DE SOCIEDAD,FRACCION VII,2022,11,23/07/2024
MSA850101N25,MUNICIPIO DE SAN AGUSTIN ATENANGO SIN TIPO DE SOCIEDAD,FRACCION VII,2022,11,23/07/2024
MSA850101V39,MUNICIPIO DE SANTA ANA ZEGACHE SIN TIPO DE SOCIEDAD,FRACCION VII,2022,11,23/07/2024
MSC960101SR8,MUNICIPIO DE SANTA CATARINA ZAPOQUILA SIN TIPO DE SOCIEDAD,FRACCION VII,2022,11,23/07/2024
MSD8501018B2,MUNICIPIO DE SANTO DOMINGO ARMENTA SIN TIPO DE SOCIEDAD,FRACCION VII,2022,11,23/07/2024
MCM850101RUA,MUNICIPIO DE CIUDAD DEL MAIZ SLP SIN TIPO DE SOCIEDAD,FRACCION VII,2022,11,23/07/2024
MCS921222M67,MUNICIPIO DE CARDENAS SLP SIN TIPO DE SOCIEDAD,FRACCION VII,2022,11,23/07/2024
MNS941202UQ9,MUNICIPIO DE EL NARANJO SLP SIN TIPO DE SOCIEDAD,FRACCION VII,2022,11,23/07/2024
MAP850101PA7,MUNICIPIO DE APULCO ZAC SIN TIPO DE SOCIEDAD,FRACCION VII,2022,11,23/07/2024
MBM8501014W1,MUNICIPIO DE BUENAVISTA MICHOACAN SIN TIPO DE SOCIEDAD,FRACCION VII,2022,12,23/07/2024
MTM850101AS2,MUNICIPIO DE TANGAMANDAPIO MICHOACAN SIN TIPO DE SOCIEDAD,FRACCION VII,2022,12,23/07/2024
MTM850101GY5,MUNICIPIO DE TIQUICHEO MICHOACAN SIN TIPO DE SOCIEDAD,FRACCION VII,2022,12,23/07/2024
MMN74010184A,MUNICIPIO DE MINA NUEVO LEON SIN TIPO DE SOCIEDAD,FRACCION VII,2022,12,23/07/2024
MPH850101UL5,MUNICIPIO DE PLUMA HIDALGO SIN TIPO DE SOCIEDAD,FRACCION VII,2022,12,23/07/2024
MSA850101N25,MUNICIPIO DE SAN AGUSTIN ATENANGO SIN TIPO DE SOCIEDAD,FRACCION VII,2022,12,23/07/2024
MSA850101V39,MUNICIPIO DE SANTA ANA ZEGACHE SIN TIPO DE SOCIEDAD,FRACCION VII,2022,12,23/07/2024
MSC960101SR8,MUNICIPIO DE SANTA CATARINA ZAPOQUILA SIN TIPO DE SOCIEDAD,FRACCION VII,2022,12,23/07/2024
MSD8501018B2,MUNICIPIO DE SANTO DOMINGO ARMENTA SIN TIPO DE SOCIEDAD,FRACCION VII,2022,12,23/07/2024
MSM850101IJ9,MUNICIPIO DE SAN MARTIN ITUNYOSO SIN TIPO DE SOCIEDAD,FRACCION VII,2022,12,23/07/2024
MSM860201IX9,MUNICIPIO DE SAN MIGUEL CHIMALAPA SIN TIPO DE SOCIEDAD,FRACCION VII,2022,12,23/07/2024
MSP8501014G6,MUNICIPIO DE SAN PEDRO EL ALTO SIN TIPO DE SOCIEDAD,FRACCION VII,2022,12,23/07/2024
MCM850101RUA,MUNICIPIO DE CIUDAD DEL MAIZ SLP SIN TIPO DE SOCIEDAD,FRACCION VII,2022,12,23/07/2024
MCS921222M67,MUNICIPIO DE CARDENAS SLP SIN TIPO DE SOCIEDAD,FRACCION VII,2022,12,23/07/2024
MNS941202UQ9,MUNICIPIO DE EL NARANJO SLP SIN TIPO DE SOCIEDAD,FRACCION VII,2022,12,23/07/2024
MAP850101PA7,MUNICIPIO DE APULCO ZAC SIN TIPO DE SOCIEDAD,FRACCION VII,2022,12,23/07/2024
MAM8501017A5,MUNICIPIO DE AMATEPEC SIN TIPO DE SOCIEDAD,FRACCION VII,2023,1,23/07/2024
MZA850101LF7,MUNICIPIO DE ZACUALPAN SIN TIPO DE SOCIEDAD,FRACCION VII,2023,1,23/07/2024
MJM850101P52,MUNICIPIO DE JUNGAPEO MICHOACAN SIN TIPO DE SOCIEDAD,FRACCION VII,2023,1,23/07/2024
MAN8501013X3,MUNICIPIO DE ACAPONETA NAYARIT SIN TIPO DE SOCIEDAD,FRACCION VII,2023,1,23/07/2024
OOM0002024W1,"ORGANISMO OPERADOR MUNICIPAL DE AGUA POTABLE, ALCANTARILLADO Y SANEAMIENTO DE TUXPAN, NAYARIT. SIN TIPO DE SOCIEDAD",FRACCION VII,2023,1,23/07/2024
MMN74010184A,MUNICIPIO DE MINA NUEVO LEON SIN TIPO DE SOCIEDAD,FRACCION VII,2023,1,23/07/2024
MSA850101V39,MUNICIPIO DE SANTA ANA ZEGACHE SIN TIPO DE SOCIEDAD,FRACCION VII,2023,1,23/07/2024
MSD8501018B2,MUNICIPIO DE SANTO DOMINGO ARMENTA SIN TIPO DE SOCIEDAD,FRACCION VII,2023,1,23/07/2024
MSJ850101UU9,MUNICIPIO DE SAN JUAN CACAHUATEPEC SIN TIPO DE SOCIEDAD,FRACCION VII,2023,1,23/07/2024
MAP850101PA7,MUNICIPIO DE APULCO ZAC SIN TIPO DE SOCIEDAD,FRACCION VII,2023,1,23/07/2024
MAM8501017A5,MUNICIPIO DE AMATEPEC SIN TIPO DE SOCIEDAD,FRACCION VII,2023,2,23/07/2024
MZM850101GC7,MUNICIPIO DE ZACAZONAPAN SIN TIPO DE SOCIEDAD,FRACCION VII,2023,2,23/07/2024
MJM850101P52,MUNICIPIO DE JUNGAPEO MICHOACAN SIN TIPO DE SOCIEDAD,FRACCION VII,2023,2,23/07/2024
MTM850101GY5,MUNICIPIO DE TIQUICHEO MICHOACAN SIN TIPO DE SOCIEDAD,FRACCION VII,2023,2,23/07/2024
MMN74010184A,MUNICIPIO DE MINA NUEVO LEON SIN TIPO DE SOCIEDAD,FRACCION VII,2023,2,23/07/2024
MSA850101V39,MUNICIPIO DE SANTA ANA ZEGACHE SIN TIPO DE SOCIEDAD,FRACCION VII,2023,2,23/07/2024
MSD8501018B2,MUNICIPIO DE SANTO DOMINGO ARMENTA SIN TIPO DE SOCIEDAD,FRACCION VII,2023,2,23/07/2024
MSJ850101UU9,MUNICIPIO DE SAN JUAN CACAHUATEPEC SIN TIPO DE SOCIEDAD,FRACCION VII,2023,2,23/07/2024
MSM8501018RA,MUNICIPIO DE SANTA MARIA DEL RIO SLP SIN TIPO DE SOCIEDAD,FRACCION VII,2023,2,23/07/2024
MAP850101PA7,MUNICIPIO DE APULCO ZAC SIN TIPO DE SOCIEDAD,FRACCION VII,2023,2,23/07/2024
MAM8501017A5,MUNICIPIO DE AMATEPEC SIN TIPO DE SOCIEDAD,FRACCION VII,2023,3,23/07/2024
MZM850101GC7,MUNICIPIO DE ZACAZONAPAN SIN TIPO DE SOCIEDAD,FRACCION VII,2023,3,23/07/2024
MAM850101IE8,MUNICIPIO DE ANGAMACUTIRO MICHOACAN SIN TIPO DE SOCIEDAD,FRACCION VII,2023,3,23/07/2024
MJM850101P52,MUNICIPIO DE JUNGAPEO MICHOACAN SIN TIPO DE SOCIEDAD,FRACCION VII,2023,3,23/07/2024
MTM850101GY5,MUNICIPIO DE TIQUICHEO MICHOACAN SIN TIPO DE SOCIEDAD,FRACCION VII,2023,3,23/07/2024
MAN8501013X3,MUNICIPIO DE ACAPONETA NAYARIT SIN TIPO DE SOCIEDAD,FRACCION VII,2023,3,23/07/2024
MMN74010184A,MUNICIPIO DE MINA NUEVO LEON SIN TIPO DE SOCIEDAD,FRACCION VII,2023,3,23/07/2024
MSA850101V39,MUNICIPIO DE SANTA ANA ZEGACHE SIN TIPO DE SOCIEDAD,FRACCION VII,2023,3,23/07/2024
MSD8501018B2,MUNICIPIO DE SANTO DOMINGO ARMENTA SIN TIPO DE SOCIEDAD,FRACCION VII,2023,3,23/07/2024
MSJ8501016I0,MUNICIPIO DE SAN JUAN IHUALTEPEC SIN TIPO DE SOCIEDAD,FRACCION VII,2023,3,23/07/2024
MSJ850101UU9,MUNICIPIO DE SAN JUAN CACAHUATEPEC SIN TIPO DE SOCIEDAD,FRACCION VII,2023,3,23/07/2024
MSM8501018RA,MUNICIPIO DE SANTA MARIA DEL RIO SLP SIN TIPO DE SOCIEDAD,FRACCION VII,2023,3,23/07/2024
MAP850101PA7,MUNICIPIO DE APULCO ZAC SIN TIPO DE SOCIEDAD,FRACCION VII,2023,3,23/07/2024
MAM8501017A5,MUNICIPIO DE AMATEPEC SIN TIPO DE SOCIEDAD,FRACCION VII,2023,4,23/07/2024
MZM850101GC7,MUNICIPIO DE ZACAZONAPAN SIN TIPO DE SOCIEDAD,FRACCION VII,2023,4,23/07/2024
MAM850101IE8,MUNICIPIO DE ANGAMACUTIRO MICHOACAN SIN TIPO DE SOCIEDAD,FRACCION VII,2023,4,23/07/2024
MJM850101P52,MUNICIPIO DE JUNGAPEO MICHOACAN SIN TIPO DE SOCIEDAD,FRACCION VII,2023,4,23/07/2024
MTM850101GY5,MUNICIPIO DE TIQUICHEO MICHOACAN SIN TIPO DE SOCIEDAD,FRACCION VII,2023,4,23/07/2024
MAN8501013X3,MUNICIPIO DE ACAPONETA NAYARIT SIN TIPO DE SOCIEDAD,FRACCION VII,2023,4,23/07/2024
OOM0002024W1,"ORGANISMO OPERADOR MUNICIPAL DE AGUA POTABLE, ALCANTARILLADO Y SANEAMIENTO DE TUXPAN, NAYARIT. SIN TIPO DE SOCIEDAD",FRACCION VII,2023,4,23/07/2024
MMN74010184A,MUNICIPIO DE MINA NUEVO LEON SIN TIPO DE SOCIEDAD,FRACCION VII,2023,4,23/07/2024
MSA850101V39,MUNICIPIO DE SANTA ANA ZEGACHE SIN TIPO DE SOCIEDAD,FRACCION VII,2023,4,23/07/2024
MSD8501018B2,MUNICIPIO DE SANTO DOMINGO ARMENTA SIN TIPO DE SOCIEDAD,FRACCION VII,2023,4,23/07/2024
MSJ8501016I0,MUNICIPIO DE SAN JUAN IHUALTEPEC SIN TIPO DE SOCIEDAD,FRACCION VII,2023,4,23/07/2024
MSJ850101UU9,MUNICIPIO DE SAN JUAN CACAHUATEPEC SIN TIPO DE SOCIEDAD,FRACCION VII,2023,4,23/07/2024
MSM8501018RA,MUNICIPIO DE SANTA MARIA DEL RIO SLP SIN TIPO DE SOCIEDAD,FRACCION VII,2023,4,23/07/2024
MAP850101PA7,MUNICIPIO DE APULCO ZAC SIN TIPO DE SOCIEDAD,FRACCION VII,2023,4,23/07/2024
MAM8501017A5,MUNICIPIO DE AMATEPEC SIN TIPO DE SOCIEDAD,FRACCION VII,2023,5,23/07/2024
MLU020101R52,MUNICIPIO DE LUVIANOS SIN TIPO DE SOCIEDAD,FRACCION VII,2023,5,23/07/2024
MZM850101GC7,MUNICIPIO DE ZACAZONAPAN SIN TIPO DE SOCIEDAD,FRACCION VII,2023,5,23/07/2024
MAM850101IE8,MUNICIPIO DE ANGAMACUTIRO MICHOACAN SIN TIPO DE SOCIEDAD,FRACCION VII,2023,5,23/07/2024
MJM850101P52,MUNICIPIO DE JUNGAPEO MICHOACAN SIN TIPO DE SOCIEDAD,FRACCION VII,2023,5,23/07/2024
MTM850101GY5,MUNICIPIO DE TIQUICHEO MICHOACAN SIN TIPO DE SOCIEDAD,FRACCION VII,2023,5,23/07/2024
MAN8501013X3,MUNICIPIO DE ACAPONETA NAYARIT SIN TIPO DE SOCIEDAD,FRACCION VII,2023,5,23/07/2024
OOM0002024W1,"ORGANISMO OPERADOR MUNICIPAL DE AGUA POTABLE, ALCANTARILLADO Y SANEAMIENTO DE TUXPAN, NAYARIT. SIN TIPO DE SOCIEDAD",FRACCION VII,2023,5,23/07/2024
MMN74010184A,MUNICIPIO DE MINA NUEVO LEON SIN TIPO DE SOCIEDAD,FRACCION VII,2023,5,23/07/2024
MSA850101V39,MUNICIPIO DE SANTA ANA ZEGACHE SIN TIPO DE SOCIEDAD,FRACCION VII,2023,5,23/07/2024
MSD8501018B2,MUNICIPIO DE SANTO DOMINGO ARMENTA SIN TIPO DE SOCIEDAD,FRACCION VII,2023,5,23/07/2024
MSJ8501016I0,MUNICIPIO DE SAN JUAN IHUALTEPEC SIN TIPO DE SOCIEDAD,FRACCION VII,2023,5,23/07/2024
MSJ850101UU9,MUNICIPIO DE SAN JUAN CACAHUATEPEC SIN TIPO DE SOCIEDAD,FRACCION VII,2023,5,23/07/2024
MSM8501018RA,MUNICIPIO DE SANTA MARIA DEL RIO SLP SIN TIPO DE SOCIEDAD,FRACCION VII,2023,5,23/07/2024
MAP850101PA7,MUNICIPIO DE APULCO ZAC SIN TIPO DE SOCIEDAD,FRACCION VII,2023,5,23/07/2024
MLU020101R52,MUNICIPIO DE LUVIANOS SIN TIPO DE SOCIEDAD,FRACCION VII,2023,6,23/07/2024
MOC850101CZ5,MUNICIPIO DE OCUILAN SIN TIPO DE SOCIEDAD,FRACCION VII,2023,6,23/07/2024
MZM850101GC7,MUNICIPIO DE ZACAZONAPAN SIN TIPO DE SOCIEDAD,FRACCION VII,2023,6,23/07/2024
MAM850101IE8,MUNICIPIO DE ANGAMACUTIRO MICHOACAN SIN TIPO DE SOCIEDAD,FRACCION VII,2023,6,23/07/2024
MJM850101P52,MUNICIPIO DE JUNGAPEO MICHOACAN SIN TIPO DE SOCIEDAD,FRACCION VII,2023,6,23/07/2024
MTM850101GY5,MUNICIPIO DE TIQUICHEO MICHOACAN SIN TIPO DE SOCIEDAD,FRACCION VII,2023,6,23/07/2024
MAN8501013X3,MUNICIPIO DE ACAPONETA NAYARIT SIN TIPO DE SOCIEDAD,FRACCION VII,2023,6,23/07/2024
OOM0002024W1,"ORGANISMO OPERADOR MUNICIPAL DE AGUA POTABLE, ALCANTARILLADO Y SANEAMIENTO DE TUXPAN, NAYARIT. SIN TIPO DE SOCIEDAD",FRACCION VII,2023,6,23/07/2024
MMN74010184A,MUNICIPIO DE MINA NUEVO LEON SIN TIPO DE SOCIEDAD,FRACCION VII,2023,6,23/07/2024
MSA8501015AA,MUNICIPIO DE SANTA ANA TLAPACOYAN SIN TIPO DE SOCIEDAD,FRACCION VII,2023,6,23/07/2024
MSA850101V39,MUNICIPIO DE SANTA ANA ZEGACHE SIN TIPO DE SOCIEDAD,FRACCION VII,2023,6,23/07/2024
MSD8501018B2,MUNICIPIO DE SANTO DOMINGO ARMENTA SIN TIPO DE SOCIEDAD,FRACCION VII,2023,6,23/07/2024
MSJ8501016I0,MUNICIPIO DE SAN JUAN IHUALTEPEC SIN TIPO DE SOCIEDAD,FRACCION VII,2023,6,23/07/2024
MSJ850101UU9,MUNICIPIO DE SAN JUAN CACAHUATEPEC SIN TIPO DE SOCIEDAD,FRACCION VII,2023,6,23/07/2024
MJP850101AM9,MUNICIPIO DE JONOTLA PUEBLA SIN TIPO DE SOCIEDAD,FRACCION VII,2023,6,23/07/2024
MNS941202UQ9,MUNICIPIO DE EL NARANJO SLP SIN TIPO DE SOCIEDAD,FRACCION VII,2023,6,23/07/2024
MSM8501018RA,MUNICIPIO DE SANTA MARIA DEL RIO SLP SIN TIPO DE SOCIEDAD,FRACCION VII,2023,6,23/07/2024
MAP850101PA7,MUNICIPIO DE APULCO ZAC SIN TIPO DE SOCIEDAD,FRACCION VII,2023,6,23/07/2024
MTG850101RQ1,MUNICIPIO DE TEUL DE GONZALEZ ORTEGA ZAC SIN TIPO DE SOCIEDAD,FRACCION VII,2023,6,23/07/2024
MLU020101R52,MUNICIPIO DE LUVIANOS SIN TIPO DE SOCIEDAD,FRACCION VII,2023,7,23/07/2024
MOC850101CZ5,MUNICIPIO DE OCUILAN SIN TIPO DE SOCIEDAD,FRACCION VII,2023,7,23/07/2024
MZM850101GC7,MUNICIPIO DE ZACAZONAPAN SIN TIPO DE SOCIEDAD,FRACCION VII,2023,7,23/07/2024
MAM850101IE8,MUNICIPIO DE ANGAMACUTIRO MICHOACAN SIN TIPO DE SOCIEDAD,FRACCION VII,2023,7,23/07/2024
MJM850101P52,MUNICIPIO DE JUNGAPEO MICHOACAN SIN TIPO DE SOCIEDAD,FRACCION VII,2023,7,23/07/2024
MTM850101GY5,MUNICIPIO DE TIQUICHEO MICHOACAN SIN TIPO DE SOCIEDAD,FRACCION VII,2023,7,23/07/2024
MAN8501013X3,MUNICIPIO DE ACAPONETA NAYARIT SIN TIPO DE SOCIEDAD,FRACCION VII,2023,7,23/07/2024
OOM0002024W1,"ORGANISMO OPERADOR MUNICIPAL DE AGUA POTABLE, ALCANTARILLADO Y SANEAMIENTO DE TUXPAN, NAYARIT. SIN TIPO DE SOCIEDAD",FRACCION VII,2023,7,23/07/2024
MSA8501015AA,MUNICIPIO DE SANTA ANA TLAPACOYAN SIN TIPO DE SOCIEDAD,FRACCION VII,2023,7,23/07/2024
MSA850101V39,MUNICIPIO DE SANTA ANA ZEGACHE SIN TIPO DE SOCIEDAD,FRACCION VII,2023,7,23/07/2024
MSD8501018B2,MUNICIPIO DE SANTO DOMINGO ARMENTA SIN TIPO DE SOCIEDAD,FRACCION VII,2023,7,23/07/2024
MSJ850101UU9,MUNICIPIO DE SAN JUAN CACAHUATEPEC SIN TIPO DE SOCIEDAD,FRACCION VII,2023,7,23/07/2024
MJP850101AM9,MUNICIPIO DE JONOTLA PUEBLA SIN TIPO DE SOCIEDAD,FRACCION VII,2023,7,23/07/2024
MNS941202UQ9,MUNICIPIO DE EL NARANJO SLP SIN TIPO DE SOCIEDAD,FRACCION VII,2023,7,23/07/2024
MSM8501018RA,MUNICIPIO DE SANTA MARIA DEL RIO SLP SIN TIPO DE SOCIEDAD,FRACCION VII,2023,7,23/07/2024
MKY850101GU4,MUNICIPIO DE KOPOMA SIN TIPO DE SOCIEDAD,FRACCION VII,2023,7,23/07/2024
MAP850101PA7,MUNICIPIO DE APULCO ZAC SIN TIPO DE SOCIEDAD,FRACCION VII,2023,7,23/07/2024
MLU020101R52,MUNICIPIO DE LUVIANOS SIN TIPO DE SOCIEDAD,FRACCION VII,2023,8,23/07/2024
MOC850101CZ5,MUNICIPIO DE OCUILAN SIN TIPO DE SOCIEDAD,FRACCION VII,2023,8,23/07/2024
MZA850101LF7,MUNICIPIO DE ZACUALPAN SIN TIPO DE SOCIEDAD,FRACCION VII,2023,8,23/07/2024
MZM850101GC7,MUNICIPIO DE ZACAZONAPAN SIN TIPO DE SOCIEDAD,FRACCION VII,2023,8,23/07/2024
MAM850101IE8,MUNICIPIO DE ANGAMACUTIRO MICHOACAN SIN TIPO DE SOCIEDAD,FRACCION VII,2023,8,23/07/2024
MJM850101P52,MUNICIPIO DE JUNGAPEO MICHOACAN SIN TIPO DE SOCIEDAD,FRACCION VII,2023,8,23/07/2024
MTM850101GY5,MUNICIPIO DE TIQUICHEO MICHOACAN SIN TIPO DE SOCIEDAD,FRACCION VII,2023,8,23/07/2024
MAN8501013X3,MUNICIPIO DE ACAPONETA NAYARIT SIN TIPO DE SOCIEDAD,FRACCION VII,2023,8,23/07/2024
OOM0002024W1,"ORGANISMO OPERADOR MUNICIPAL DE AGUA POTABLE, ALCANTARILLADO Y SANEAMIENTO DE TUXPAN, NAYARIT. SIN TIPO DE SOCIEDAD",FRACCION VII,2023,8,23/07/2024
MSA8501015AA,MUNICIPIO DE SANTA ANA TLAPACOYAN SIN TIPO DE SOCIEDAD,FRACCION VII,2023,8,23/07/2024
MSA850101V39,MUNICIPIO DE SANTA ANA ZEGACHE SIN TIPO DE SOCIEDAD,FRACCION VII,2023,8,23/07/2024
MSD8501018B2,MUNICIPIO DE SANTO DOMINGO ARMENTA SIN TIPO DE SOCIEDAD,FRACCION VII,2023,8,23/07/2024
MSF8501015W2,MUNICIPIO DE SAN FELIPE USILA SIN TIPO DE SOCIEDAD,FRACCION VII,2023,8,23/07/2024
MSJ8501016I0,MUNICIPIO DE SAN JUAN IHUALTEPEC SIN TIPO DE SOCIEDAD,FRACCION VII,2023,8,23/07/2024
MSJ850101AV4,MUNICIPIO DE SAN JACINTO AMILPAS SIN TIPO DE SOCIEDAD,FRACCION VII,2023,8,23/07/2024
MSJ850101UU9,MUNICIPIO DE SAN JUAN CACAHUATEPEC SIN TIPO DE SOCIEDAD,FRACCION VII,2023,8,23/07/2024
MSP850101PR4,MUNICIPIO DE SAN PEDRO MARTIR SIN TIPO DE SOCIEDAD,FRACCION VII,2023,8,23/07/2024
MJP850101AM9,MUNICIPIO DE JONOTLA PUEBLA SIN TIPO DE SOCIEDAD,FRACCION VII,2023,8,23/07/2024
MNS941202UQ9,MUNICIPIO DE EL NARANJO SLP SIN TIPO DE SOCIEDAD,FRACCION VII,2023,8,23/07/2024
MSM8501018RA,MUNICIPIO DE SANTA MARIA DEL RIO SLP SIN TIPO DE SOCIEDAD,FRACCION VII,2023,8,23/07/2024
MAP850101PA7,MUNICIPIO DE APULCO ZAC SIN TIPO DE SOCIEDAD,FRACCION VII,2023,8,23/07/2024
MTG850101RQ1,MUNICIPIO DE TEUL DE GONZALEZ ORTEGA ZAC SIN TIPO DE SOCIEDAD,FRACCION VII,2023,8,23/07/2024
MAM8501017A5,MUNICIPIO DE AMATEPEC SIN TIPO DE SOCIEDAD,FRACCION VII,2023,9,23/07/2024
MLU020101R52,MUNICIPIO DE LUVIANOS SIN TIPO DE SOCIEDAD,FRACCION VII,2023,9,23/07/2024
MOC850101CZ5,MUNICIPIO DE OCUILAN SIN TIPO DE SOCIEDAD,FRACCION VII,2023,9,23/07/2024
MZA850101LF7,MUNICIPIO DE ZACUALPAN SIN TIPO DE SOCIEDAD,FRACCION VII,2023,9,23/07/2024
MZM850101GC7,MUNICIPIO DE ZACAZONAPAN SIN TIPO DE SOCIEDAD,FRACCION VII,2023,9,23/07/2024
MAM850101IE8,MUNICIPIO DE ANGAMACUTIRO MICHOACAN SIN TIPO DE SOCIEDAD,FRACCION VII,2023,9,23/07/2024
MJM850101P52,MUNICIPIO DE JUNGAPEO MICHOACAN SIN TIPO DE SOCIEDAD,FRACCION VII,2023,9,23/07/2024
MTM850101GY5,MUNICIPIO DE TIQUICHEO MICHOACAN SIN TIPO DE SOCIEDAD,FRACCION VII,2023,9,23/07/2024
MTN850101GP2,MUNICIPIO DE TECUALA NAYARIT SIN TIPO DE SOCIEDAD,FRACCION VII,2023,9,23/07/2024
MSA8501015AA,MUNICIPIO DE SANTA ANA TLAPACOYAN SIN TIPO DE SOCIEDAD,FRACCION VII,2023,9,23/07/2024
MSA850101V39,MUNICIPIO DE SANTA ANA ZEGACHE SIN TIPO DE SOCIEDAD,FRACCION VII,2023,9,23/07/2024
MSD8501018B2,MUNICIPIO DE SANTO DOMINGO ARMENTA SIN TIPO DE SOCIEDAD,FRACCION VII,2023,9,23/07/2024
MSF8501015W2,MUNICIPIO DE SAN FELIPE USILA SIN TIPO DE SOCIEDAD,FRACCION VII,2023,9,23/07/2024
MSJ8501016I0,MUNICIPIO DE SAN JUAN IHUALTEPEC SIN TIPO DE SOCIEDAD,FRACCION VII,2023,9,23/07/2024
MSJ850101AV4,MUNICIPIO DE SAN JACINTO AMILPAS SIN TIPO DE SOCIEDAD,FRACCION VII,2023,9,23/07/2024
MSJ850101UU9,MUNICIPIO DE SAN JUAN CACAHUATEPEC SIN TIPO DE SOCIEDAD,FRACCION VII,2023,9,23/07/2024
MJP850101AM9,MUNICIPIO DE JONOTLA PUEBLA SIN TIPO DE SOCIEDAD,FRACCION VII,2023,9,23/07/2024
MNS941202UQ9,MUNICIPIO DE EL NARANJO SLP SIN TIPO DE SOCIEDAD,FRACCION VII,2023,9,23/07/2024
MSM8501018RA,MUNICIPIO DE SANTA MARIA DEL RIO SLP SIN TIPO DE SOCIEDAD,FRACCION VII,2023,9,23/07/2024
MKY850101GU4,MUNICIPIO DE KOPOMA SIN TIPO DE SOCIEDAD,FRACCION VII,2023,9,23/07/2024
MAP850101PA7,MUNICIPIO DE APULCO ZAC SIN TIPO DE SOCIEDAD,FRACCION VII,2023,9,23/07/2024
MTG850101RQ1,MUNICIPIO DE TEUL DE GONZALEZ ORTEGA ZAC SIN TIPO DE SOCIEDAD,FRACCION VII,2023,9,23/07/2024
MAM8501017A5,MUNICIPIO DE AMATEPEC SIN TIPO DE SOCIEDAD,FRACCION VII,2023,10,23/07/2024
MLU020101R52,MUNICIPIO DE LUVIANOS SIN TIPO DE SOCIEDAD,FRACCION VII,2023,10,23/07/2024
MOC850101CZ5,MUNICIPIO DE OCUILAN SIN TIPO DE SOCIEDAD,FRACCION VII,2023,10,23/07/2024
MZA850101LF7,MUNICIPIO DE ZACUALPAN SIN TIPO DE SOCIEDAD,FRACCION VII,2023,10,23/07/2024
MZM850101GC7,MUNICIPIO DE ZACAZONAPAN SIN TIPO DE SOCIEDAD,FRACCION VII,2023,10,23/07/2024
MAM850101IE8,MUNICIPIO DE ANGAMACUTIRO MICHOACAN SIN TIPO DE SOCIEDAD,FRACCION VII,2023,10,23/07/2024
MJM850101P52,MUNICIPIO DE JUNGAPEO MICHOACAN SIN TIPO DE SOCIEDAD,FRACCION VII,2023,10,23/07/2024
MTM850101GY5,MUNICIPIO DE TIQUICHEO MICHOACAN SIN TIPO DE SOCIEDAD,FRACCION VII,2023,10,23/07/2024
MAN8501013X3,MUNICIPIO DE ACAPONETA NAYARIT SIN TIPO DE SOCIEDAD,FRACCION VII,2023,10,23/07/2024
MTN850101GP2,MUNICIPIO DE TECUALA NAYARIT SIN TIPO DE SOCIEDAD,FRACCION VII,2023,10,23/07/2024
MMO850101JE8,MUNICIPIO DE MONJAS SIN TIPO DE SOCIEDAD,FRACCION VII,2023,10,23/07/2024
MSA8501015AA,MUNICIPIO DE SANTA ANA TLAPACOYAN SIN TIPO DE SOCIEDAD,FRACCION VII,2023,10,23/07/2024
MSA850101V39,MUNICIPIO DE SANTA ANA ZEGACHE SIN TIPO DE SOCIEDAD,FRACCION VII,2023,10,23/07/2024
MSD8501018B2,MUNICIPIO DE SANTO DOMINGO ARMENTA SIN TIPO DE SOCIEDAD,FRACCION VII,2023,10,23/07/2024
MSF8501015W2,MUNICIPIO DE SAN FELIPE USILA SIN TIPO DE SOCIEDAD,FRACCION VII,2023,10,23/07/2024
MSJ8501016I0,MUNICIPIO DE SAN JUAN IHUALTEPEC SIN TIPO DE SOCIEDAD,FRACCION VII,2023,10,23/07/2024
MSJ850101AV4,MUNICIPIO DE SAN JACINTO AMILPAS SIN TIPO DE SOCIEDAD,FRACCION VII,2023,10,23/07/2024
MGV850101893,MUNICIPIO DE GUADALUPE VICTORIA PUEBLA SIN TIPO DE SOCIEDAD,FRACCION VII,2023,10,23/07/2024
MJP850101AM9,MUNICIPIO DE JONOTLA PUEBLA SIN TIPO DE SOCIEDAD,FRACCION VII,2023,10,23/07/2024
MNS941202UQ9,MUNICIPIO DE EL NARANJO SLP SIN TIPO DE SOCIEDAD,FRACCION VII,2023,10,23/07/2024
MSM8501018RA,MUNICIPIO DE SANTA MARIA DEL RIO SLP SIN TIPO DE SOCIEDAD,FRACCION VII,2023,10,23/07/2024
MKY850101GU4,MUNICIPIO DE KOPOMA SIN TIPO DE SOCIEDAD,FRACCION VII,2023,10,23/07/2024
MAP850101PA7,MUNICIPIO DE APULCO ZAC SIN TIPO DE SOCIEDAD,FRACCION VII,2023,10,23/07/2024
MTG850101RQ1,MUNICIPIO DE TEUL DE GONZALEZ ORTEGA ZAC SIN TIPO DE SOCIEDAD,FRACCION VII,2023,10,23/07/2024
MAM8501017A5,MUNICIPIO DE AMATEPEC SIN TIPO DE SOCIEDAD,FRACCION VII,2023,11,23/07/2024
MLU020101R52,MUNICIPIO DE LUVIANOS SIN TIPO DE SOCIEDAD,FRACCION VII,2023,11,23/07/2024
MZA850101LF7,MUNICIPIO DE ZACUALPAN SIN TIPO DE SOCIEDAD,FRACCION VII,2023,11,23/07/2024
MZM850101GC7,MUNICIPIO DE ZACAZONAPAN SIN TIPO DE SOCIEDAD,FRACCION VII,2023,11,23/07/2024
MAM850101IE8,MUNICIPIO DE ANGAMACUTIRO MICHOACAN SIN TIPO DE SOCIEDAD,FRACCION VII,2023,11,23/07/2024
MJM850101P52,MUNICIPIO DE JUNGAPEO MICHOACAN SIN TIPO DE SOCIEDAD,FRACCION VII,2023,11,23/07/2024
MTM850101GY5,MUNICIPIO DE TIQUICHEO MICHOACAN SIN TIPO DE SOCIEDAD,FRACCION VII,2023,11,23/07/2024
MAN8501013X3,MUNICIPIO DE ACAPONETA NAYARIT SIN TIPO DE SOCIEDAD,FRACCION VII,2023,11,23/07/2024
MTN850101GP2,MUNICIPIO DE TECUALA NAYARIT SIN TIPO DE SOCIEDAD,FRACCION VII,2023,11,23/07/2024
MMO850101JE8,MUNICIPIO DE MONJAS SIN TIPO DE SOCIEDAD,FRACCION VII,2023,11,23/07/2024
MSA8501015AA,MUNICIPIO DE SANTA ANA TLAPACOYAN SIN TIPO DE SOCIEDAD,FRACCION VII,2023,11,23/07/2024
MSA850101V39,MUNICIPIO DE SANTA ANA ZEGACHE SIN TIPO DE SOCIEDAD,FRACCION VII,2023,11,23/07/2024
MSD8501018B2,MUNICIPIO DE SANTO DOMINGO ARMENTA SIN TIPO DE SOCIEDAD,FRACCION VII,2023,11,23/07/2024
MSF8501015W2,MUNICIPIO DE SAN FELIPE USILA SIN TIPO DE SOCIEDAD,FRACCION VII,2023,11,23/07/2024
MSJ8501016I0,MUNICIPIO DE SAN JUAN IHUALTEPEC SIN TIPO DE SOCIEDAD,FRACCION VII,2023,11,23/07/2024
MSJ850101AV4,MUNICIPIO DE SAN JACINTO AMILPAS SIN TIPO DE SOCIEDAD,FRACCION VII,2023,11,23/07/2024
MGV850101893,MUNICIPIO DE GUADALUPE VICTORIA PUEBLA SIN TIPO DE SOCIEDAD,FRACCION VII,2023,11,23/07/2024
MJP850101AM9,MUNICIPIO DE JONOTLA PUEBLA SIN TIPO DE SOCIEDAD,FRACCION VII,2023,11,23/07/2024
MSM8501018RA,MUNICIPIO DE SANTA MARIA DEL RIO SLP SIN TIPO DE SOCIEDAD,FRACCION VII,2023,11,23/07/2024
MKY850101GU4,MUNICIPIO DE KOPOMA SIN TIPO DE SOCIEDAD,FRACCION VII,2023,11,23/07/2024
MAP850101PA7,MUNICIPIO DE APULCO ZAC SIN TIPO DE SOCIEDAD,FRACCION VII,2023,11,23/07/2024
MTG850101RQ1,MUNICIPIO DE TEUL DE GONZALEZ ORTEGA ZAC SIN TIPO DE SOCIEDAD,FRACCION VII,2023,11,23/07/2024
MAM8501017A5,MUNICIPIO DE AMATEPEC SIN TIPO DE SOCIEDAD,FRACCION VII,2023,12,23/07/2024
MLU020101R52,MUNICIPIO DE LUVIANOS SIN TIPO DE SOCIEDAD,FRACCION VII,2023,12,23/07/2024
MOC850101CZ5,MUNICIPIO DE OCUILAN SIN TIPO DE SOCIEDAD,FRACCION VII,2023,12,23/07/2024
MZA850101LF7,MUNICIPIO DE ZACUALPAN SIN TIPO DE SOCIEDAD,FRACCION VII,2023,12,23/07/2024
MZM850101GC7,MUNICIPIO DE ZACAZONAPAN SIN TIPO DE SOCIEDAD,FRACCION VII,2023,12,23/07/2024
MAM850101IE8,MUNICIPIO DE ANGAMACUTIRO MICHOACAN SIN TIPO DE SOCIEDAD,FRACCION VII,2023,12,23/07/2024
MJM850101P52,MUNICIPIO DE JUNGAPEO MICHOACAN SIN TIPO DE SOCIEDAD,FRACCION VII,2023,12,23/07/2024
MTM850101GY5,MUNICIPIO DE TIQUICHEO MICHOACAN SIN TIPO DE SOCIEDAD,FRACCION VII,2023,12,23/07/2024
MAN8501013X3,MUNICIPIO DE ACAPONETA NAYARIT SIN TIPO DE SOCIEDAD,FRACCION VII,2023,12,23/07/2024
MTN850101GP2,MUNICIPIO DE TECUALA NAYARIT SIN TIPO DE SOCIEDAD,FRACCION VII,2023,12,23/07/2024
MMO850101JE8,MUNICIPIO DE MONJAS SIN TIPO DE SOCIEDAD,FRACCION VII,2023,12,23/07/2024
MSA8501015AA,MUNICIPIO DE SANTA ANA TLAPACOYAN SIN TIPO DE SOCIEDAD,FRACCION VII,2023,12,23/07/2024
MSA850101V39,MUNICIPIO DE SANTA ANA ZEGACHE SIN TIPO DE SOCIEDAD,FRACCION VII,2023,12,23/07/2024
MSD8501018B2,MUNICIPIO DE SANTO DOMINGO ARMENTA SIN TIPO DE SOCIEDAD,FRACCION VII,2023,12,23/07/2024
MSF8501015W2,MUNICIPIO DE SAN FELIPE USILA SIN TIPO DE SOCIEDAD,FRACCION VII,2023,12,23/07/2024
MSJ8501016I0,MUNICIPIO DE SAN JUAN IHUALTEPEC SIN TIPO DE SOCIEDAD,FRACCION VII,2023,12,23/07/2024
MSJ850101AV4,MUNICIPIO DE SAN JACINTO AMILPAS SIN TIPO DE SOCIEDAD,FRACCION VII,2023,12,23/07/2024
MGV850101893,MUNICIPIO DE GUADALUPE VICTORIA PUEBLA SIN TIPO DE SOCIEDAD,FRACCION VII,2023,12,23/07/2024
MJP850101AM9,MUNICIPIO DE JONOTLA PUEBLA SIN TIPO DE SOCIEDAD,FRACCION VII,2023,12,23/07/2024
HCD461117MZ6,HOSPITAL CENTRAL DR. IGNACIO MORONES PRIETO SIN TIPO DE SOCIEDAD,FRACCION VII,2023,12,23/07/2024
MNS941202UQ9,MUNICIPIO DE EL NARANJO SLP SIN TIPO DE SOCIEDAD,FRACCION VII,2023,12,23/07/2024
MSM8501018RA,MUNICIPIO DE SANTA MARIA DEL RIO SLP SIN TIPO DE SOCIEDAD,FRACCION VII,2023,12,23/07/2024
MKY850101GU4,MUNICIPIO DE KOPOMA SIN TIPO DE SOCIEDAD,FRACCION VII,2023,12,23/07/2024
MAP850101PA7,MUNICIPIO DE APULCO ZAC SIN TIPO DE SOCIEDAD,FRACCION VII,2023,12,23/07/2024
MLM850101HD2,MUNICIPIO DE LUIS MOYA Z SIN TIPO DE SOCIEDAD,FRACCION VII,2023,12,23/07/2024
MTG850101RQ1,MUNICIPIO DE TEUL DE GONZALEZ ORTEGA ZAC SIN TIPO DE SOCIEDAD,FRACCION VII,2023,12,23/07/2024
MAM8501017A5,MUNICIPIO DE AMATEPEC SIN TIPO DE SOCIEDAD,FRACCION VII,2024,1,23/07/2024
MLU020101R52,MUNICIPIO DE LUVIANOS SIN TIPO DE SOCIEDAD,FRACCION VII,2024,1,23/07/2024
MOC850101CZ5,MUNICIPIO DE OCUILAN SIN TIPO DE SOCIEDAD,FRACCION VII,2024,1,23/07/2024
MZA850101LF7,MUNICIPIO DE ZACUALPAN SIN TIPO DE SOCIEDAD,FRACCION VII,2024,1,23/07/2024
MTM850101AS2,MUNICIPIO DE TANGAMANDAPIO MICHOACAN SIN TIPO DE SOCIEDAD,FRACCION VII,2024,1,23/07/2024
MTM850101GY5,MUNICIPIO DE TIQUICHEO MICHOACAN SIN TIPO DE SOCIEDAD,FRACCION VII,2024,1,23/07/2024
MVC850101EF8,MUNICIPIO VENUSTIANO CARRANZA SIN TIPO DE SOCIEDAD,FRACCION VII,2024,1,23/07/2024
MJA850101JX8,MUNICIPIO DE JANTETELCO SIN TIPO DE SOCIEDAD,FRACCION VII,2024,1,23/07/2024
MAN8501013X3,MUNICIPIO DE ACAPONETA NAYARIT SIN TIPO DE SOCIEDAD,FRACCION VII,2024,1,23/07/2024
MRN850101KI6,MUNICIPIO DE ROSAMORADA NAYARIT SIN TIPO DE SOCIEDAD,FRACCION VII,2024,1,23/07/2024
OOM0002024W1,"ORGANISMO OPERADOR MUNICIPAL DE AGUA POTABLE, ALCANTARILLADO Y SANEAMIENTO DE TUXPAN, NAYARIT. SIN TIPO DE SOCIEDAD",FRACCION VII,2024,1,23/07/2024
MMO850101JE8,MUNICIPIO DE MONJAS SIN TIPO DE SOCIEDAD,FRACCION VII,2024,1,23/07/2024
MOM850101IB3,MUNICIPIO DE OCOTLAN DE MORELOS SIN TIPO DE SOCIEDAD,FRACCION VII,2024,1,23/07/2024
MSA850101V39,MUNICIPIO DE SANTA ANA ZEGACHE SIN TIPO DE SOCIEDAD,FRACCION VII,2024,1,23/07/2024
MSD8501018B2,MUNICIPIO DE SANTO DOMINGO ARMENTA SIN TIPO DE SOCIEDAD,FRACCION VII,2024,1,23/07/2024
MSJ8501016I0,MUNICIPIO DE SAN JUAN IHUALTEPEC SIN TIPO DE SOCIEDAD,FRACCION VII,2024,1,23/07/2024
MSJ850101AV4,MUNICIPIO DE SAN JACINTO AMILPAS SIN TIPO DE SOCIEDAD,FRACCION VII,2024,1,23/07/2024
MSM8501016A8,MUNICIPIO DE SAN MIGUEL DEL PUERTO SIN TIPO DE SOCIEDAD,FRACCION VII,2024,1,23/07/2024
MJP850101AM9,MUNICIPIO DE JONOTLA PUEBLA SIN TIPO DE SOCIEDAD,FRACCION VII,2024,1,23/07/2024
MTP9302152T8,MUNICIPIO DE TLAXCO PUEBLA SIN TIPO DE SOCIEDAD,FRACCION VII,2024,1,23/07/2024
HCD461117MZ6,HOSPITAL CENTRAL DR. IGNACIO MORONES PRIETO SIN TIPO DE SOCIEDAD,FRACCION VII,2024,1,23/07/2024
MCM850101RUA,MUNICIPIO DE CIUDAD DEL MAIZ SLP SIN TIPO DE SOCIEDAD,FRACCION VII,2024,1,23/07/2024
MMS850101IJ5,MUNICIPIO DE MOCTEZUMA SLP SIN TIPO DE SOCIEDAD,FRACCION VII,2024,1,23/07/2024
MNS941202UQ9,MUNICIPIO DE EL NARANJO SLP SIN TIPO DE SOCIEDAD,FRACCION VII,2024,1,23/07/2024
MSM8501018RA,MUNICIPIO DE SANTA MARIA DEL RIO SLP SIN TIPO DE SOCIEDAD,FRACCION VII,2024,1,23/07/2024
AMS890920IB2,GRAL. PLUTARCO ELIAS CALLES SIN TIPO DE SOCIEDAD,FRACCION VII,2024,1,23/07/2024
MSI961227530,MUNICIPIO DE SAN IGNACIO RIO MUERTO SIN TIPO DE SOCIEDAD,FRACCION VII,2024,1,23/07/2024
MCU850101H71,MUNICIPIO DE CHUMATLAN SIN TIPO DE SOCIEDAD,FRACCION VII,2024,1,23/07/2024
MLT850101G65,MUNICIPIO DE LERDO DE TEJADA VER SIN TIPO DE SOCIEDAD,FRACCION VII,2024,1,23/07/2024
MSY860201B36,MUNICIPIO DE SAMAHIL SIN TIPO DE SOCIEDAD,FRACCION VII,2024,1,23/07/2024
MAP850101PA7,MUNICIPIO DE APULCO ZAC SIN TIPO DE SOCIEDAD,FRACCION VII,2024,1,23/07/2024
MLM850101HD2,MUNICIPIO DE LUIS MOYA Z SIN TIPO DE SOCIEDAD,FRACCION VII,2024,1,23/07/2024
MAM8501017A5,MUNICIPIO DE AMATEPEC SIN TIPO DE SOCIEDAD,FRACCION VII,2024,2,23/07/2024
MLU020101R52,MUNICIPIO DE LUVIANOS SIN TIPO DE SOCIEDAD,FRACCION VII,2024,2,23/07/2024
MOC850101CZ5,MUNICIPIO DE OCUILAN SIN TIPO DE SOCIEDAD,FRACCION VII,2024,2,23/07/2024
MZA850101LF7,MUNICIPIO DE ZACUALPAN SIN TIPO DE SOCIEDAD,FRACCION VII,2024,2,23/07/2024
MTM850101AS2,MUNICIPIO DE TANGAMANDAPIO MICHOACAN SIN TIPO DE SOCIEDAD,FRACCION VII,2024,2,23/07/2024
MTM850101GY5,MUNICIPIO DE TIQUICHEO MICHOACAN SIN TIPO DE SOCIEDAD,FRACCION VII,2024,2,23/07/2024
MVC850101EF8,MUNICIPIO VENUSTIANO CARRANZA SIN TIPO DE SOCIEDAD,FRACCION VII,2024,2,23/07/2024
MJA850101JX8,MUNICIPIO DE JANTETELCO SIN TIPO DE SOCIEDAD,FRACCION VII,2024,2,23/07/2024
MRN850101KI6,MUNICIPIO DE ROSAMORADA NAYARIT SIN TIPO DE SOCIEDAD,FRACCION VII,2024,2,23/07/2024
MMO850101JE8,MUNICIPIO DE MONJAS SIN TIPO DE SOCIEDAD,FRACCION VII,2024,2,23/07/2024
MSA8501015AA,MUNICIPIO DE SANTA ANA TLAPACOYAN SIN TIPO DE SOCIEDAD,FRACCION VII,2024,2,23/07/2024
MSA850101V39,MUNICIPIO DE SANTA ANA ZEGACHE SIN TIPO DE SOCIEDAD,FRACCION VII,2024,2,23/07/2024
MSD8501018B2,MUNICIPIO DE SANTO DOMINGO ARMENTA SIN TIPO DE SOCIEDAD,FRACCION VII,2024,2,23/07/2024
MSJ8501016I0,MUNICIPIO DE SAN JUAN IHUALTEPEC SIN TIPO DE SOCIEDAD,FRACCION VII,2024,2,23/07/2024
MSJ850101AV4,MUNICIPIO DE SAN JACINTO AMILPAS SIN TIPO DE SOCIEDAD,FRACCION VII,2024,2,23/07/2024
MSM8501016A8,MUNICIPIO DE SAN MIGUEL DEL PUERTO SIN TIPO DE SOCIEDAD,FRACCION VII,2024,2,23/07/2024
MJP850101AM9,MUNICIPIO DE JONOTLA PUEBLA SIN TIPO DE SOCIEDAD,FRACCION VII,2024,2,23/07/2024
MTP9302152T8,MUNICIPIO DE TLAXCO PUEBLA SIN TIPO DE SOCIEDAD,FRACCION VII,2024,2,23/07/2024
HCD461117MZ6,HOSPITAL CENTRAL DR. IGNACIO MORONES PRIETO SIN TIPO DE SOCIEDAD,FRACCION VII,2024,2,23/07/2024
MCM850101RUA,MUNICIPIO DE CIUDAD DEL MAIZ SLP SIN TIPO DE SOCIEDAD,FRACCION VII,2024,2,23/07/2024
MMS850101IJ5,MUNICIPIO DE MOCTEZUMA SLP SIN TIPO DE SOCIEDAD,FRACCION VII,2024,2,23/07/2024
MNS941202UQ9,MUNICIPIO DE EL NARANJO SLP SIN TIPO DE SOCIEDAD,FRACCION VII,2024,2,23/07/2024
AMS890920IB2,GRAL. PLUTARCO ELIAS CALLES SIN TIPO DE SOCIEDAD,FRACCION VII,2024,2,23/07/2024
MSI961227530,MUNICIPIO DE SAN IGNACIO RIO MUERTO SIN TIPO DE SOCIEDAD,FRACCION VII,2024,2,23/07/2024
MCU850101H71,MUNICIPIO DE CHUMATLAN SIN TIPO DE SOCIEDAD,FRACCION VII,2024,2,23/07/2024
MLT850101G65,MUNICIPIO DE LERDO DE TEJADA VER SIN TIPO DE SOCIEDAD,FRACCION VII,2024,2,23/07/2024
MSY860201B36,MUNICIPIO DE SAMAHIL SIN TIPO DE SOCIEDAD,FRACCION VII,2024,2,23/07/2024
MAP850101PA7,MUNICIPIO DE APULCO ZAC SIN TIPO DE SOCIEDAD,FRACCION VII,2024,2,23/07/2024
MLM850101HD2,MUNICIPIO DE LUIS MOYA Z SIN TIPO DE SOCIEDAD,FRACCION VII,2024,2,23/07/2024
MAM8501017A5,MUNICIPIO DE AMATEPEC SIN TIPO DE SOCIEDAD,FRACCION VII,2024,3,23/07/2024
MXO850101LAA,MUNICIPIO DE XONACATLAN SIN TIPO DE SOCIEDAD,FRACCION VII,2024,3,23/07/2024
MZA850101LF7,MUNICIPIO DE ZACUALPAN SIN TIPO DE SOCIEDAD,FRACCION VII,2024,3,23/07/2024
MTM850101AS2,MUNICIPIO DE TANGAMANDAPIO MICHOACAN SIN TIPO DE SOCIEDAD,FRACCION VII,2024,3,23/07/2024
MTM850101GY5,MUNICIPIO DE TIQUICHEO MICHOACAN SIN TIPO DE SOCIEDAD,FRACCION VII,2024,3,23/07/2024
MVC850101EF8,MUNICIPIO VENUSTIANO CARRANZA SIN TIPO DE SOCIEDAD,FRACCION VII,2024,3,23/07/2024
MJA850101JX8,MUNICIPIO DE JANTETELCO SIN TIPO DE SOCIEDAD,FRACCION VII,2024,3,23/07/2024
MRN850101KI6,MUNICIPIO DE ROSAMORADA NAYARIT SIN TIPO DE SOCIEDAD,FRACCION VII,2024,3,23/07/2024
MMO850101JE8,MUNICIPIO DE MONJAS SIN TIPO DE SOCIEDAD,FRACCION VII,2024,3,23/07/2024
MSA8501015AA,MUNICIPIO DE SANTA ANA TLAPACOYAN SIN TIPO DE SOCIEDAD,FRACCION VII,2024,3,23/07/2024
MSA850101V39,MUNICIPIO DE SANTA ANA ZEGACHE SIN TIPO DE SOCIEDAD,FRACCION VII,2024,3,23/07/2024
MSD8501018B2,MUNICIPIO DE SANTO DOMINGO ARMENTA SIN TIPO DE SOCIEDAD,FRACCION VII,2024,3,23/07/2024
MSJ8501016I0,MUNICIPIO DE SAN JUAN IHUALTEPEC SIN TIPO DE SOCIEDAD,FRACCION VII,2024,3,23/07/2024
MSJ850101AV4,MUNICIPIO DE SAN JACINTO AMILPAS SIN TIPO DE SOCIEDAD,FRACCION VII,2024,3,23/07/2024
MSM8501016A8,MUNICIPIO DE SAN MIGUEL DEL PUERTO SIN TIPO DE SOCIEDAD,FRACCION VII,2024,3,23/07/2024
MJP850101AM9,MUNICIPIO DE JONOTLA PUEBLA SIN TIPO DE SOCIEDAD,FRACCION VII,2024,3,23/07/2024
MTP9302152T8,MUNICIPIO DE TLAXCO PUEBLA SIN TIPO DE SOCIEDAD,FRACCION VII,2024,3,23/07/2024
HCD461117MZ6,HOSPITAL CENTRAL DR. IGNACIO MORONES PRIETO SIN TIPO DE SOCIEDAD,FRACCION VII,2024,3,23/07/2024
MCM850101RUA,MUNICIPIO DE CIUDAD DEL MAIZ SLP SIN TIPO DE SOCIEDAD,FRACCION VII,2024,3,23/07/2024
MMS850101IJ5,MUNICIPIO DE MOCTEZUMA SLP SIN TIPO DE SOCIEDAD,FRACCION VII,2024,3,23/07/2024
MNS941202UQ9,MUNICIPIO DE EL NARANJO SLP SIN TIPO DE SOCIEDAD,FRACCION VII,2024,3,23/07/2024
MCO980112TJ0,MUNICIPIO DE COSALA SIN TIPO DE SOCIEDAD,FRACCION VII,2024,3,23/07/2024
AMS890920IB2,GRAL. PLUTARCO ELIAS CALLES SIN TIPO DE SOCIEDAD,FRACCION VII,2024,3,23/07/2024
MSI961227530,MUNICIPIO DE SAN IGNACIO RIO MUERTO SIN TIPO DE SOCIEDAD,FRACCION VII,2024,3,23/07/2024
MCU850101H71,MUNICIPIO DE CHUMATLAN SIN TIPO DE SOCIEDAD,FRACCION VII,2024,3,23/07/2024
MLT850101G65,MUNICIPIO DE LERDO DE TEJADA VER SIN TIPO DE SOCIEDAD,FRACCION VII,2024,3,23/07/2024
MSY860201B36,MUNICIPIO DE SAMAHIL SIN TIPO DE SOCIEDAD,FRACCION VII,2024,3,23/07/2024
MAP850101PA7,MUNICIPIO DE APULCO ZAC SIN TIPO DE SOCIEDAD,FRACCION VII,2024,3,23/07/2024
MLM850101HD2,MUNICIPIO DE LUIS MOYA Z SIN TIPO DE SOCIEDAD,FRACCION VII,2024,3,23/07/2024
MOC850101CZ5,MUNICIPIO DE OCUILAN SIN TIPO DE SOCIEDAD,FRACCION VII,2024,4,23/07/2024
MXO850101LAA,MUNICIPIO DE XONACATLAN SIN TIPO DE SOCIEDAD,FRACCION VII,2024,4,23/07/2024
MZA850101LF7,MUNICIPIO DE ZACUALPAN SIN TIPO DE SOCIEDAD,FRACCION VII,2024,4,23/07/2024
MTM850101AS2,MUNICIPIO DE TANGAMANDAPIO MICHOACAN SIN TIPO DE SOCIEDAD,FRACCION VII,2024,4,23/07/2024
MTM850101GY5,MUNICIPIO DE TIQUICHEO MICHOACAN SIN TIPO DE SOCIEDAD,FRACCION VII,2024,4,23/07/2024
MVC850101EF8,MUNICIPIO VENUSTIANO CARRANZA SIN TIPO DE SOCIEDAD,FRACCION VII,2024,4,23/07/2024
MAN8501013X3,MUNICIPIO DE ACAPONETA NAYARIT SIN TIPO DE SOCIEDAD,FRACCION VII,2024,4,23/07/2024
MRN850101KI6,MUNICIPIO DE ROSAMORADA NAYARIT SIN TIPO DE SOCIEDAD,FRACCION VII,2024,4,23/07/2024
MMN74010184A,MUNICIPIO DE MINA NUEVO LEON SIN TIPO DE SOCIEDAD,FRACCION VII,2024,4,23/07/2024
MMO850101JE8,MUNICIPIO DE MONJAS SIN TIPO DE SOCIEDAD,FRACCION VII,2024,4,23/07/2024
MSA850101V39,MUNICIPIO DE SANTA ANA ZEGACHE SIN TIPO DE SOCIEDAD,FRACCION VII,2024,4,23/07/2024
MSD8501018B2,MUNICIPIO DE SANTO DOMINGO ARMENTA SIN TIPO DE SOCIEDAD,FRACCION VII,2024,4,23/07/2024
MSJ850101AV4,MUNICIPIO DE SAN JACINTO AMILPAS SIN TIPO DE SOCIEDAD,FRACCION VII,2024,4,23/07/2024
MSJ960101K93,MUNICIPIO DE SANTIAGO JOCOTEPEC SIN TIPO DE SOCIEDAD,FRACCION VII,2024,4,23/07/2024
MSM8501016A8,MUNICIPIO DE SAN MIGUEL DEL PUERTO SIN TIPO DE SOCIEDAD,FRACCION VII,2024,4,23/07/2024
MJP850101AM9,MUNICIPIO DE JONOTLA PUEBLA SIN TIPO DE SOCIEDAD,FRACCION VII,2024,4,23/07/2024
MPA850101CZ3,MUNICIPIO DE PINAL DE AMOLES QUERETARO SIN TIPO DE SOCIEDAD,FRACCION VII,2024,4,23/07/2024
HCD461117MZ6,HOSPITAL CENTRAL DR. IGNACIO MORONES PRIETO SIN TIPO DE SOCIEDAD,FRACCION VII,2024,4,23/07/2024
MCM850101RUA,MUNICIPIO DE CIUDAD DEL MAIZ SLP SIN TIPO DE SOCIEDAD,FRACCION VII,2024,4,23/07/2024
MMS850101IJ5,MUNICIPIO DE MOCTEZUMA SLP SIN TIPO DE SOCIEDAD,FRACCION VII,2024,4,23/07/2024
MNS941202UQ9,MUNICIPIO DE EL NARANJO SLP SIN TIPO DE SOCIEDAD,FRACCION VII,2024,4,23/07/2024
MCO980112TJ0,MUNICIPIO DE COSALA SIN TIPO DE SOCIEDAD,FRACCION VII,2024,4,23/07/2024
AMS890920IB2,GRAL. PLUTARCO ELIAS CALLES SIN TIPO DE SOCIEDAD,FRACCION VII,2024,4,23/07/2024
MSI961227530,MUNICIPIO DE SAN IGNACIO RIO MUERTO SIN TIPO DE SOCIEDAD,FRACCION VII,2024,4,23/07/2024
MAD8812014V1,MUNICIPIO DE AGUA DULCE VER SIN TIPO DE SOCIEDAD,FRACCION VII,2024,4,23/07/2024
MCU850101H71,MUNICIPIO DE CHUMATLAN SIN TIPO DE SOCIEDAD,FRACCION VII,2024,4,23/07/2024
MLT850101G65,MUNICIPIO DE LERDO DE TEJADA VER SIN TIPO DE SOCIEDAD,FRACCION VII,2024,4,23/07/2024
MSY860201B36,MUNICIPIO DE SAMAHIL SIN TIPO DE SOCIEDAD,FRACCION VII,2024,4,23/07/2024
MAP850101PA7,MUNICIPIO DE APULCO ZAC SIN TIPO DE SOCIEDAD,FRACCION VII,2024,4,23/07/2024
MLM850101HD2,MUNICIPIO DE LUIS MOYA Z SIN TIPO DE SOCIEDAD,FRACCION VII,2024,4,23/07/2024
MAM8501017A5,MUNICIPIO DE AMATEPEC SIN TIPO DE SOCIEDAD,FRACCION VII,2024,5,01/10/2024
MAM8501017A5,MUNICIPIO DE AMATEPEC SIN TIPO DE SOCIEDAD,FRACCION VII,2024,6,01/10/2024
MAM8501017A5,MUNICIPIO DE AMATEPEC SIN TIPO DE SOCIEDAD,FRACCION VII,2024,7,01/10/2024
MAM8501017A5,MUNICIPIO DE AMATEPEC SIN TIPO DE SOCIEDAD,FRACCION VII,2024,8,01/10/2024
PMI8501019M0,MUNICIPIO DE IXTAPAN DEL ORO SIN TIPO DE SOCIEDAD,FRACCION VII,2024,8,01/10/2024
MOC850101CZ5,MUNICIPIO DE OCUILAN SIN TIPO DE SOCIEDAD,FRACCION VII,2024,5,01/10/2024
MOC850101CZ5,MUNICIPIO DE OCUILAN SIN TIPO DE SOCIEDAD,FRACCION VII,2024,6,01/10/2024
MOC850101CZ5,MUNICIPIO DE OCUILAN SIN TIPO DE SOCIEDAD,FRACCION VII,2024,7,01/10/2024
MOC850101CZ5,MUNICIPIO DE OCUILAN SIN TIPO DE SOCIEDAD,FRACCION VII,2024,8,01/10/2024
MXO850101LAA,MUNICIPIO DE XONACATLAN SIN TIPO DE SOCIEDAD,FRACCION VII,2024,5,01/10/2024
MXO850101LAA,MUNICIPIO DE XONACATLAN SIN TIPO DE SOCIEDAD,FRACCION VII,2024,6,01/10/2024
MXO850101LAA,MUNICIPIO DE XONACATLAN SIN TIPO DE SOCIEDAD,FRACCION VII,2024,7,01/10/2024
MXO850101LAA,MUNICIPIO DE XONACATLAN SIN TIPO DE SOCIEDAD,FRACCION VII,2024,8,01/10/2024
MZM850101GC7,MUNICIPIO DE ZACAZONAPAN SIN TIPO DE SOCIEDAD,FRACCION VII,2024,5,01/10/2024
MZM850101GC7,MUNICIPIO DE ZACAZONAPAN SIN TIPO DE SOCIEDAD,FRACCION VII,2024,6,01/10/2024
MZM850101GC7,MUNICIPIO DE ZACAZONAPAN SIN TIPO DE SOCIEDAD,FRACCION VII,2024,7,01/10/2024
MZM850101GC7,MUNICIPIO DE ZACAZONAPAN SIN TIPO DE SOCIEDAD,FRACCION VII,2024,8,01/10/2024
MZA850101LF7,MUNICIPIO DE ZACUALPAN SIN TIPO DE SOCIEDAD,FRACCION VII,2024,5,01/10/2024
MZA850101LF7,MUNICIPIO DE ZACUALPAN SIN TIPO DE SOCIEDAD,FRACCION VII,2024,6,01/10/2024
MZA850101LF7,MUNICIPIO DE ZACUALPAN SIN TIPO DE SOCIEDAD,FRACCION VII,2024,7,01/10/2024
MZA850101LF7,MUNICIPIO DE ZACUALPAN SIN TIPO DE SOCIEDAD,FRACCION VII,2024,8,01/10/2024
MTM850101AS2,MUNICIPIO DE TANGAMANDAPIO MICHOACAN SIN TIPO DE SOCIEDAD,FRACCION VII,2024,5,01/10/2024
MTM850101AS2,MUNICIPIO DE TANGAMANDAPIO MICHOACAN SIN TIPO DE SOCIEDAD,FRACCION VII,2024,6,01/10/2024
MTM850101AS2,MUNICIPIO DE TANGAMANDAPIO MICHOACAN SIN TIPO DE SOCIEDAD,FRACCION VII,2024,7,01/10/2024
MTM850101AS2,MUNICIPIO DE TANGAMANDAPIO MICHOACAN SIN TIPO DE SOCIEDAD,FRACCION VII,2024,8,01/10/2024
MTM850101HD2,MUNICIPIO DE TARETAN MICHOACAN SIN TIPO DE SOCIEDAD,FRACCION VII,2024,8,01/10/2024
MTM850101GY5,MUNICIPIO DE TIQUICHEO MICHOACAN SIN TIPO DE SOCIEDAD,FRACCION VII,2024,5,01/10/2024
MTM850101GY5,MUNICIPIO DE TIQUICHEO MICHOACAN SIN TIPO DE SOCIEDAD,FRACCION VII,2024,6,01/10/2024
MTM850101GY5,MUNICIPIO DE TIQUICHEO MICHOACAN SIN TIPO DE SOCIEDAD,FRACCION VII,2024,7,01/10/2024
MTM850101GY5,MUNICIPIO DE TIQUICHEO MICHOACAN SIN TIPO DE SOCIEDAD,FRACCION VII,2024,8,01/10/2024
MVC850101EF8,MUNICIPIO VENUSTIANO CARRANZA SIN TIPO DE SOCIEDAD,FRACCION VII,2024,5,01/10/2024
MVC850101EF8,MUNICIPIO VENUSTIANO CARRANZA SIN TIPO DE SOCIEDAD,FRACCION VII,2024,6,01/10/2024
MVC850101EF8,MUNICIPIO VENUSTIANO CARRANZA SIN TIPO DE SOCIEDAD,FRACCION VII,2024,7,01/10/2024
MVC850101EF8,MUNICIPIO VENUSTIANO CARRANZA SIN TIPO DE SOCIEDAD,FRACCION VII,2024,8,01/10/2024
MJA850101JX8,MUNICIPIO DE JANTETELCO SIN TIPO DE SOCIEDAD,FRACCION VII,2024,8,01/10/2024
MTL850101753,MUNICIPIO DE TLALTIZAPAN SIN TIPO DE SOCIEDAD,FRACCION VII,2024,5,01/10/2024
MTL850101753,MUNICIPIO DE TLALTIZAPAN SIN TIPO DE SOCIEDAD,FRACCION VII,2024,6,01/10/2024
MTL850101753,MUNICIPIO DE TLALTIZAPAN SIN TIPO DE SOCIEDAD,FRACCION VII,2024,7,01/10/2024
MTL850101753,MUNICIPIO DE TLALTIZAPAN SIN TIPO DE SOCIEDAD,FRACCION VII,2024,8,01/10/2024
MXO190101BG4,MUNICIPIO DE XOXOCOTLA SIN TIPO DE SOCIEDAD,FRACCION VII,2024,8,01/10/2024
MAN8501013X3,MUNICIPIO DE ACAPONETA NAYARIT SIN TIPO DE SOCIEDAD,FRACCION VII,2024,8,01/10/2024
MRN850101KI6,MUNICIPIO DE ROSAMORADA NAYARIT SIN TIPO DE SOCIEDAD,FRACCION VII,2024,5,01/10/2024
MRN850101KI6,MUNICIPIO DE ROSAMORADA NAYARIT SIN TIPO DE SOCIEDAD,FRACCION VII,2024,6,01/10/2024
MRN850101KI6,MUNICIPIO DE ROSAMORADA NAYARIT SIN TIPO DE SOCIEDAD,FRACCION VII,2024,7,01/10/2024
MRN850101KI6,MUNICIPIO DE ROSAMORADA NAYARIT SIN TIPO DE SOCIEDAD,FRACCION VII,2024,8,01/10/2024
MMN74010184A,MUNICIPIO DE MINA NUEVO LEON SIN TIPO DE SOCIEDAD,FRACCION VII,2024,5,01/10/2024
MMN74010184A,MUNICIPIO DE MINA NUEVO LEON SIN TIPO DE SOCIEDAD,FRACCION VII,2024,8,01/10/2024
MAT8501015S3,MUNICIPIO DE ANIMAS TRUJANO SIN TIPO DE SOCIEDAD,FRACCION VII,2024,7,01/10/2024
MAT8501015S3,MUNICIPIO DE ANIMAS TRUJANO SIN TIPO DE SOCIEDAD,FRACCION VII,2024,8,01/10/2024
MMO850101JE8,MUNICIPIO DE MONJAS SIN TIPO DE SOCIEDAD,FRACCION VII,2024,5,01/10/2024
MMO850101JE8,MUNICIPIO DE MONJAS SIN TIPO DE SOCIEDAD,FRACCION VII,2024,6,01/10/2024
MMO850101JE8,MUNICIPIO DE MONJAS SIN TIPO DE SOCIEDAD,FRACCION VII,2024,7,01/10/2024
MMO850101JE8,MUNICIPIO DE MONJAS SIN TIPO DE SOCIEDAD,FRACCION VII,2024,8,01/10/2024
MSJ850101AV4,MUNICIPIO DE SAN JACINTO AMILPAS SIN TIPO DE SOCIEDAD,FRACCION VII,2024,5,01/10/2024
MSJ850101AV4,MUNICIPIO DE SAN JACINTO AMILPAS SIN TIPO DE SOCIEDAD,FRACCION VII,2024,6,01/10/2024
MSJ850101AV4,MUNICIPIO DE SAN JACINTO AMILPAS SIN TIPO DE SOCIEDAD,FRACCION VII,2024,7,01/10/2024
MSJ850101AV4,MUNICIPIO DE SAN JACINTO AMILPAS SIN TIPO DE SOCIEDAD,FRACCION VII,2024,8,01/10/2024
MSM8501016A8,MUNICIPIO DE SAN MIGUEL DEL PUERTO SIN TIPO DE SOCIEDAD,FRACCION VII,2024,5,01/10/2024
MSP8501017U0,MUNICIPIO DE SAN PEDRO IXTLAHUACA SIN TIPO DE SOCIEDAD,FRACCION VII,2024,5,01/10/2024
MSP8501017U0,MUNICIPIO DE SAN PEDRO IXTLAHUACA SIN TIPO DE SOCIEDAD,FRACCION VII,2024,6,01/10/2024
MSP8501017U0,MUNICIPIO DE SAN PEDRO IXTLAHUACA SIN TIPO DE SOCIEDAD,FRACCION VII,2024,7,01/10/2024
MSP8501017U0,MUNICIPIO DE SAN PEDRO IXTLAHUACA SIN TIPO DE SOCIEDAD,FRACCION VII,2024,8,01/10/2024
MSA8501015AA,MUNICIPIO DE SANTA ANA TLAPACOYAN SIN TIPO DE SOCIEDAD,FRACCION VII,2024,5,01/10/2024
MSA8501015AA,MUNICIPIO DE SANTA ANA TLAPACOYAN SIN TIPO DE SOCIEDAD,FRACCION VII,2024,6,01/10/2024
MSA850101V39,MUNICIPIO DE SANTA ANA ZEGACHE SIN TIPO DE SOCIEDAD,FRACCION VII,2024,5,01/10/2024
MSA850101V39,MUNICIPIO DE SANTA ANA ZEGACHE SIN TIPO DE SOCIEDAD,FRACCION VII,2024,6,01/10/2024
MSA850101V39,MUNICIPIO DE SANTA ANA ZEGACHE SIN TIPO DE SOCIEDAD,FRACCION VII,2024,7,01/10/2024
MSA850101V39,MUNICIPIO DE SANTA ANA ZEGACHE SIN TIPO DE SOCIEDAD,FRACCION VII,2024,8,01/10/2024
MSC850101K68,MUNICIPIO DE SANTA CRUZ ACATEPEC SIN TIPO DE SOCIEDAD,FRACCION VII,2024,5,01/10/2024
MSC850101K68,MUNICIPIO DE SANTA CRUZ ACATEPEC SIN TIPO DE SOCIEDAD,FRACCION VII,2024,6,01/10/2024
MSC850101K68,MUNICIPIO DE SANTA CRUZ ACATEPEC SIN TIPO DE SOCIEDAD,FRACCION VII,2024,7,01/10/2024
MSC850101K68,MUNICIPIO DE SANTA CRUZ ACATEPEC SIN TIPO DE SOCIEDAD,FRACCION VII,2024,8,01/10/2024
MSM850101NL1,MUNICIPIO DE SANTA MARIA MIXTEQUILLA SIN TIPO DE SOCIEDAD,FRACCION VII,2024,6,01/10/2024
MSJ960101K93,MUNICIPIO DE SANTIAGO JOCOTEPEC SIN TIPO DE SOCIEDAD,FRACCION VII,2024,5,01/10/2024
MSJ960101K93,MUNICIPIO DE SANTIAGO JOCOTEPEC SIN TIPO DE SOCIEDAD,FRACCION VII,2024,6,01/10/2024
MSJ960101K93,MUNICIPIO DE SANTIAGO JOCOTEPEC SIN TIPO DE SOCIEDAD,FRACCION VII,2024,7,01/10/2024
MSJ960101K93,MUNICIPIO DE SANTIAGO JOCOTEPEC SIN TIPO DE SOCIEDAD,FRACCION VII,2024,8,01/10/2024
MSD8501018B2,MUNICIPIO DE SANTO DOMINGO ARMENTA SIN TIPO DE SOCIEDAD,FRACCION VII,2024,5,01/10/2024
MSD8501018B2,MUNICIPIO DE SANTO DOMINGO ARMENTA SIN TIPO DE SOCIEDAD,FRACCION VII,2024,6,01/10/2024
MSD8501018B2,MUNICIPIO DE SANTO DOMINGO ARMENTA SIN TIPO DE SOCIEDAD,FRACCION VII,2024,7,01/10/2024
MSD8501018B2,MUNICIPIO DE SANTO DOMINGO ARMENTA SIN TIPO DE SOCIEDAD,FRACCION VII,2024,8,01/10/2024
MCP850101PT0,MUNICIPIO DE CALPAN PUEBLA SIN TIPO DE SOCIEDAD,FRACCION VII,2024,6,01/10/2024
MCP850101PT0,MUNICIPIO DE CALPAN PUEBLA SIN TIPO DE SOCIEDAD,FRACCION VII,2024,7,01/10/2024
MCP850101PT0,MUNICIPIO DE CALPAN PUEBLA SIN TIPO DE SOCIEDAD,FRACCION VII,2024,8,01/10/2024
MJP850101AM9,MUNICIPIO DE JONOTLA PUEBLA SIN TIPO DE SOCIEDAD,FRACCION VII,2024,5,01/10/2024
MJP850101AM9,MUNICIPIO DE JONOTLA PUEBLA SIN TIPO DE SOCIEDAD,FRACCION VII,2024,6,01/10/2024
MJP850101AM9,MUNICIPIO DE JONOTLA PUEBLA SIN TIPO DE SOCIEDAD,FRACCION VII,2024,7,01/10/2024
MJP850101AM9,MUNICIPIO DE JONOTLA PUEBLA SIN TIPO DE SOCIEDAD,FRACCION VII,2024,8,01/10/2024
MTP9302152T8,MUNICIPIO DE TLAXCO PUEBLA SIN TIPO DE SOCIEDAD,FRACCION VII,2024,6,01/10/2024
MTP9302152T8,MUNICIPIO DE TLAXCO PUEBLA SIN TIPO DE SOCIEDAD,FRACCION VII,2024,7,01/10/2024
MTP9302152T8,MUNICIPIO DE TLAXCO PUEBLA SIN TIPO DE SOCIEDAD,FRACCION VII,2024,8,01/10/2024
MPA850101CZ3,MUNICIPIO DE PINAL DE AMOLES QUERETARO SIN TIPO DE SOCIEDAD,FRACCION VII,2024,5,01/10/2024
MPA850101CZ3,MUNICIPIO DE PINAL DE AMOLES QUERETARO SIN TIPO DE SOCIEDAD,FRACCION VII,2024,6,01/10/2024
MPA850101CZ3,MUNICIPIO DE PINAL DE AMOLES QUERETARO SIN TIPO DE SOCIEDAD,FRACCION VII,2024,8,01/10/2024
HCD461117MZ6,HOSPITAL CENTRAL DR. IGNACIO MORONES PRIETO SIN TIPO DE SOCIEDAD,FRACCION VII,2024,5,01/10/2024
HCD461117MZ6,HOSPITAL CENTRAL DR. IGNACIO MORONES PRIETO SIN TIPO DE SOCIEDAD,FRACCION VII,2024,6,01/10/2024
HCD461117MZ6,HOSPITAL CENTRAL DR. IGNACIO MORONES PRIETO SIN TIPO DE SOCIEDAD,FRACCION VII,2024,7,01/10/2024
MCM850101RUA,MUNICIPIO DE CIUDAD DEL MAIZ SLP SIN TIPO DE SOCIEDAD,FRACCION VII,2024,5,01/10/2024
MCM850101RUA,MUNICIPIO DE CIUDAD DEL MAIZ SLP SIN TIPO DE SOCIEDAD,FRACCION VII,2024,6,01/10/2024
MCM850101RUA,MUNICIPIO DE CIUDAD DEL MAIZ SLP SIN TIPO DE SOCIEDAD,FRACCION VII,2024,7,01/10/2024
MCM850101RUA,MUNICIPIO DE CIUDAD DEL MAIZ SLP SIN TIPO DE SOCIEDAD,FRACCION VII,2024,8,01/10/2024
MNS941202UQ9,MUNICIPIO DE EL NARANJO SLP SIN TIPO DE SOCIEDAD,FRACCION VII,2024,5,01/10/2024
MNS941202UQ9,MUNICIPIO DE EL NARANJO SLP SIN TIPO DE SOCIEDAD,FRACCION VII,2024,6,01/10/2024
MNS941202UQ9,MUNICIPIO DE EL NARANJO SLP SIN TIPO DE SOCIEDAD,FRACCION VII,2024,7,01/10/2024
MNS941202UQ9,MUNICIPIO DE EL NARANJO SLP SIN TIPO DE SOCIEDAD,FRACCION VII,2024,8,01/10/2024
MMS850101IJ5,MUNICIPIO DE MOCTEZUMA SLP SIN TIPO DE SOCIEDAD,FRACCION VII,2024,5,01/10/2024
MMS850101IJ5,MUNICIPIO DE MOCTEZUMA SLP SIN TIPO DE SOCIEDAD,FRACCION VII,2024,6,01/10/2024
MMS850101IJ5,MUNICIPIO DE MOCTEZUMA SLP SIN TIPO DE SOCIEDAD,FRACCION VII,2024,7,01/10/2024
MMS850101IJ5,MUNICIPIO DE MOCTEZUMA SLP SIN TIPO DE SOCIEDAD,FRACCION VII,2024,8,01/10/2024
MTS850101HIA,MUNICIPIO DE TAMPACAN SLP SIN TIPO DE SOCIEDAD,FRACCION VII,2024,8,01/10/2024
MTS850101N49,MUNICIPIO DE TAMUIN SLP SIN TIPO DE SOCIEDAD,FRACCION VII,2024,5,01/10/2024
MTS850101N49,MUNICIPIO DE TAMUIN SLP SIN TIPO DE SOCIEDAD,FRACCION VII,2024,6,01/10/2024
MTS850101N49,MUNICIPIO DE TAMUIN SLP SIN TIPO DE SOCIEDAD,FRACCION VII,2024,7,01/10/2024
MTS850101N49,MUNICIPIO DE TAMUIN SLP SIN TIPO DE SOCIEDAD,FRACCION VII,2024,8,01/10/2024
MCO980112TJ0,MUNICIPIO DE COSALA SIN TIPO DE SOCIEDAD,FRACCION VII,2024,5,01/10/2024
MCO980112TJ0,MUNICIPIO DE COSALA SIN TIPO DE SOCIEDAD,FRACCION VII,2024,6,01/10/2024
MCO980112TJ0,MUNICIPIO DE COSALA SIN TIPO DE SOCIEDAD,FRACCION VII,2024,7,01/10/2024
MCO980112TJ0,MUNICIPIO DE COSALA SIN TIPO DE SOCIEDAD,FRACCION VII,2024,8,01/10/2024
AMS890920IB2,GRAL. PLUTARCO ELIAS CALLES SIN TIPO DE SOCIEDAD,FRACCION VII,2024,5,01/10/2024
AMS890920IB2,GRAL. PLUTARCO ELIAS CALLES SIN TIPO DE SOCIEDAD,FRACCION VII,2024,6,01/10/2024
AMS890920IB2,GRAL. PLUTARCO ELIAS CALLES SIN TIPO DE SOCIEDAD,FRACCION VII,2024,7,01/10/2024
AMS890920IB2,GRAL. PLUTARCO ELIAS CALLES SIN TIPO DE SOCIEDAD,FRACCION VII,2024,8,01/10/2024
MBJ961227K65,MUNICIPIO DE BENITO JUAREZ SIN TIPO DE SOCIEDAD,FRACCION VII,2024,8,01/10/2024
MSI961227530,MUNICIPIO DE SAN IGNACIO RIO MUERTO SIN TIPO DE SOCIEDAD,FRACCION VII,2024,5,01/10/2024
MSI961227530,MUNICIPIO DE SAN IGNACIO RIO MUERTO SIN TIPO DE SOCIEDAD,FRACCION VII,2024,6,01/10/2024
MUR8509164Z5,MUNICIPIO DE URES SIN TIPO DE SOCIEDAD,FRACCION VII,2024,5,01/10/2024
MUR8509164Z5,MUNICIPIO DE URES SIN TIPO DE SOCIEDAD,FRACCION VII,2024,8,01/10/2024
MAD8812014V1,MUNICIPIO DE AGUA DULCE VER SIN TIPO DE SOCIEDAD,FRACCION VII,2024,5,01/10/2024
MAD8812014V1,MUNICIPIO DE AGUA DULCE VER SIN TIPO DE SOCIEDAD,FRACCION VII,2024,6,01/10/2024
MAD8812014V1,MUNICIPIO DE AGUA DULCE VER SIN TIPO DE SOCIEDAD,FRACCION VII,2024,7,01/10/2024
MAD8812014V1,MUNICIPIO DE AGUA DULCE VER SIN TIPO DE SOCIEDAD,FRACCION VII,2024,8,01/10/2024
MCU850101H71,MUNICIPIO DE CHUMATLAN SIN TIPO DE SOCIEDAD,FRACCION VII,2024,5,01/10/2024
MCU850101H71,MUNICIPIO DE CHUMATLAN SIN TIPO DE SOCIEDAD,FRACCION VII,2024,6,01/10/2024
MCU850101H71,MUNICIPIO DE CHUMATLAN SIN TIPO DE SOCIEDAD,FRACCION VII,2024,7,01/10/2024
MCU850101H71,MUNICIPIO DE CHUMATLAN SIN TIPO DE SOCIEDAD,FRACCION VII,2024,8,01/10/2024
MLT850101G65,MUNICIPIO DE LERDO DE TEJADA VER SIN TIPO DE SOCIEDAD,FRACCION VII,2024,5,01/10/2024
MLT850101G65,MUNICIPIO DE LERDO DE TEJADA VER SIN TIPO DE SOCIEDAD,FRACCION VII,2024,6,01/10/2024
MLT850101G65,MUNICIPIO DE LERDO DE TEJADA VER SIN TIPO DE SOCIEDAD,FRACCION VII,2024,7,01/10/2024
MLT850101G65,MUNICIPIO DE LERDO DE TEJADA VER SIN TIPO DE SOCIEDAD,FRACCION VII,2024,8,01/10/2024
MVJ2612111P5,MUNICIPIO JOSE AZUETA SIN TIPO DE SOCIEDAD,FRACCION VII,2024,8,01/10/2024
MDB850101AM5,MUNICIPIO DE DZILAM DE BRAVO SIN TIPO DE SOCIEDAD,FRACCION VII,2024,8,01/10/2024
MEY8501017Q6,MUNICIPIO DE ESPITA SIN TIPO DE SOCIEDAD,FRACCION VII,2024,7,01/10/2024
MEY8501017Q6,MUNICIPIO DE ESPITA SIN TIPO DE SOCIEDAD,FRACCION VII,2024,8,01/10/2024
MKY850101GU4,MUNICIPIO DE KOPOMA SIN TIPO DE SOCIEDAD,FRACCION VII,2024,5,01/10/2024
MKY850101GU4,MUNICIPIO DE KOPOMA SIN TIPO DE SOCIEDAD,FRACCION VII,2024,6,01/10/2024
MKY850101GU4,MUNICIPIO DE KOPOMA SIN TIPO DE SOCIEDAD,FRACCION VII,2024,7,01/10/2024
MKY850101GU4,MUNICIPIO DE KOPOMA SIN TIPO DE SOCIEDAD,FRACCION VII,2024,8,01/10/2024
MSY850101497,MUNICIPIO DE SACALUM SIN TIPO DE SOCIEDAD,FRACCION VII,2024,8,01/10/2024
MSY860201B36,MUNICIPIO DE SAMAHIL SIN TIPO DE SOCIEDAD,FRACCION VII,2024,5,01/10/2024
MSY860201B36,MUNICIPIO DE SAMAHIL SIN TIPO DE SOCIEDAD,FRACCION VII,2024,6,01/10/2024
MSY860201B36,MUNICIPIO DE SAMAHIL SIN TIPO DE SOCIEDAD,FRACCION VII,2024,7,01/10/2024
MSY860201B36,MUNICIPIO DE SAMAHIL SIN TIPO DE SOCIEDAD,FRACCION VII,2024,8,01/10/2024
MTP850101RWA,MUNICIPIO DE TELCHAC PUEBLO SIN TIPO DE SOCIEDAD,FRACCION VII,2024,8,01/10/2024
MAP850101PA7,MUNICIPIO DE APULCO ZAC SIN TIPO DE SOCIEDAD,FRACCION VII,2024,5,01/10/2024
MAP850101PA7,MUNICIPIO DE APULCO ZAC SIN TIPO DE SOCIEDAD,FRACCION VII,2024,6,01/10/2024
MAP850101PA7,MUNICIPIO DE APULCO ZAC SIN TIPO DE SOCIEDAD,FRACCION VII,2024,7,01/10/2024
MAP850101PA7,MUNICIPIO DE APULCO ZAC SIN TIPO DE SOCIEDAD,FRACCION VII,2024,8,01/10/2024
MLM850101HD2,MUNICIPIO DE LUIS MOYA Z SIN TIPO DE SOCIEDAD,FRACCION VII,2024,5,01/10/2024
MLM850101HD2,MUNICIPIO DE LUIS MOYA Z SIN TIPO DE SOCIEDAD,FRACCION VII,2024,6,01/10/2024
MLM850101HD2,MUNICIPIO DE LUIS MOYA Z SIN TIPO DE SOCIEDAD,FRACCION VII,2024,7,01/10/2024
MLM850101HD2,MUNICIPIO DE LUIS MOYA Z SIN TIPO DE SOCIEDAD,FRACCION VII,2024,8,01/10/2024
MTG850101RQ1,MUNICIPIO DE TEUL DE GONZALEZ ORTEGA ZAC SIN TIPO DE SOCIEDAD,FRACCION VII,2024,7,01/10/2024
MTG850101RQ1,MUNICIPIO DE TEUL DE GONZALEZ ORTEGA ZAC SIN TIPO DE SOCIEDAD,FRACCION VII,2024,8,01/10/2024
AMS890920IB2,GRAL. PLUTARCO ELIAS CALLES SIN TIPO DE SOCIEDAD,FRACCION VII,2024,9,01/01/2025
CEC910820IX9,COLEGIO DE ESTUDIOS CIENTIFICOS Y TECNOLOGICOS DEL ESTADO DE SAN LUIS POTOSI SIN TIPO DE SOCIEDAD,FRACCION VII,2024,11,01/01/2025
MAC850101V49,MUNICIPIO DE ACATZINGO SIN TIPO DE SOCIEDAD,FRACCION VII,2023,1,01/01/2025
MAC850101V49,MUNICIPIO DE ACATZINGO SIN TIPO DE SOCIEDAD,FRACCION VII,2023,2,01/01/2025
MAC850101V49,MUNICIPIO DE ACATZINGO SIN TIPO DE SOCIEDAD,FRACCION VII,2023,3,01/01/2025
MAD8812014V1,MUNICIPIO DE AGUA DULCE VER SIN TIPO DE SOCIEDAD,FRACCION VII,2024,9,01/01/2025
MAD8812014V1,MUNICIPIO DE AGUA DULCE VER SIN TIPO DE SOCIEDAD,FRACCION VII,2024,10,01/01/2025
MAD8812014V1,MUNICIPIO DE AGUA DULCE VER SIN TIPO DE SOCIEDAD,FRACCION VII,2024,11,01/01/2025
MAM8501017A5,MUNICIPIO DE AMATEPEC SIN TIPO DE SOCIEDAD,FRACCION VII,2024,9,01/01/2025
MAM8501017A5,MUNICIPIO DE AMATEPEC SIN TIPO DE SOCIEDAD,FRACCION VII,2024,10,01/01/2025
MAM8501017A5,MUNICIPIO DE AMATEPEC SIN TIPO DE SOCIEDAD,FRACCION VII,2024,11,01/01/2025
MAN8501013X3,MUNICIPIO DE ACAPONETA NAYARIT SIN TIPO DE SOCIEDAD,FRACCION VII,2024,9,01/01/2025
MAP850101PA7,MUNICIPIO DE APULCO ZAC SIN TIPO DE SOCIEDAD,FRACCION VII,2024,10,01/01/2025
MAP850101PA7,MUNICIPIO DE APULCO ZAC SIN TIPO DE SOCIEDAD,FRACCION VII,2024,11,01/01/2025
MAS850101GF8,MUNICIPIO DE AQUISMON SLP SIN TIPO DE SOCIEDAD,FRACCION VII,2021,10,01/01/2025
MAT8501015S3,MUNICIPIO DE ANIMAS TRUJANO SIN TIPO DE SOCIEDAD,FRACCION VII,2024,9,01/01/2025
MAT8501015S3,MUNICIPIO DE ANIMAS TRUJANO SIN TIPO DE SOCIEDAD,FRACCION VII,2024,10,01/01/2025
MAT8501015S3,MUNICIPIO DE ANIMAS TRUJANO SIN TIPO DE SOCIEDAD,FRACCION VII,2024,11,01/01/2025
MBJ961227K65,MUNICIPIO DE BENITO JUAREZ SIN TIPO DE SOCIEDAD,FRACCION VII,2024,9,01/01/2025
MBJ961227K65,MUNICIPIO DE BENITO JUAREZ SIN TIPO DE SOCIEDAD,FRACCION VII,2024,11,01/01/2025
MCA850101AC2,MUNICIPIO DE CATORCE SIN TIPO DE SOCIEDAD,FRACCION VII,2024,9,01/01/2025
MCM850101RUA,MUNICIPIO DE CIUDAD DEL MAIZ SLP SIN TIPO DE SOCIEDAD,FRACCION VII,2024,9,01/01/2025
MCM850101RUA,MUNICIPIO DE CIUDAD DEL MAIZ SLP SIN TIPO DE SOCIEDAD,FRACCION VII,2024,10,01/01/2025
MCM850101RUA,MUNICIPIO DE CIUDAD DEL MAIZ SLP SIN TIPO DE SOCIEDAD,FRACCION VII,2024,11,01/01/2025
MCO850101HI6,MUNICIPIO DE CHOIX SIN TIPO DE SOCIEDAD,FRACCION VII,2024,10,01/01/2025
MCO850101HI6,MUNICIPIO DE CHOIX SIN TIPO DE SOCIEDAD,FRACCION VII,2024,11,01/01/2025
MCO980112TJ0,MUNICIPIO DE COSALA SIN TIPO DE SOCIEDAD,FRACCION VII,2024,9,01/01/2025
MCO980112TJ0,MUNICIPIO DE COSALA SIN TIPO DE SOCIEDAD,FRACCION VII,2024,10,01/01/2025
MCO980112TJ0,MUNICIPIO DE COSALA SIN TIPO DE SOCIEDAD,FRACCION VII,2024,11,01/01/2025
MCP850101PT0,MUNICIPIO DE CALPAN PUEBLA SIN TIPO DE SOCIEDAD,FRACCION VII,2024,9,01/01/2025
MCP850101PT0,MUNICIPIO DE CALPAN PUEBLA SIN TIPO DE SOCIEDAD,FRACCION VII,2024,10,01/01/2025
MCP850101PT0,MUNICIPIO DE CALPAN PUEBLA SIN TIPO DE SOCIEDAD,FRACCION VII,2024,11,01/01/2025
MCU850101H71,MUNICIPIO DE CHUMATLAN SIN TIPO DE SOCIEDAD,FRACCION VII,2024,9,01/01/2025
MCU850101H71,MUNICIPIO DE CHUMATLAN SIN TIPO DE SOCIEDAD,FRACCION VII,2024,10,01/01/2025
MCU850101H71,MUNICIPIO DE CHUMATLAN SIN TIPO DE SOCIEDAD,FRACCION VII,2024,11,01/01/2025
MFM8501017C1,MUNICIPIO DE FILOMENO MATA SIN TIPO DE SOCIEDAD,FRACCION VII,2024,9,01/01/2025
MFM8501017C1,MUNICIPIO DE FILOMENO MATA SIN TIPO DE SOCIEDAD,FRACCION VII,2024,10,01/01/2025
MFM8501017C1,MUNICIPIO DE FILOMENO MATA SIN TIPO DE SOCIEDAD,FRACCION VII,2024,11,01/01/2025
MJA850101JX8,MUNICIPIO DE JANTETELCO SIN TIPO DE SOCIEDAD,FRACCION VII,2024,9,01/01/2025
MJA850101JX8,MUNICIPIO DE JANTETELCO SIN TIPO DE SOCIEDAD,FRACCION VII,2024,10,01/01/2025
MJA850101JX8,MUNICIPIO DE JANTETELCO SIN TIPO DE SOCIEDAD,FRACCION VII,2024,11,01/01/2025
MJM850101EE9,MUNICIPIO DE JIQUILPAN MICHOACAN SIN TIPO DE SOCIEDAD,FRACCION VII,2024,10,01/01/2025
MJM850101EE9,MUNICIPIO DE JIQUILPAN MICHOACAN SIN TIPO DE SOCIEDAD,FRACCION VII,2024,11,01/01/2025
MJP850101AM9,MUNICIPIO DE JONOTLA PUEBLA SIN TIPO DE SOCIEDAD,FRACCION VII,2024,9,01/01/2025
MLM850101HD2,MUNICIPIO DE LUIS MOYA Z SIN TIPO DE SOCIEDAD,FRACCION VII,2024,9,01/01/2025
MLM850101HD2,MUNICIPIO DE LUIS MOYA Z SIN TIPO DE SOCIEDAD,FRACCION VII,2024,10,01/01/2025
MLM850101HD2,MUNICIPIO DE LUIS MOYA Z SIN TIPO DE SOCIEDAD,FRACCION VII,2024,11,01/01/2025
MLT850101G65,MUNICIPIO DE LERDO DE TEJADA VER SIN TIPO DE SOCIEDAD,FRACCION VII,2024,9,01/01/2025
MLT850101G65,MUNICIPIO DE LERDO DE TEJADA VER SIN TIPO DE SOCIEDAD,FRACCION VII,2024,10,01/01/2025
MLT850101G65,MUNICIPIO DE LERDO DE TEJADA VER SIN TIPO DE SOCIEDAD,FRACCION VII,2024,11,01/01/2025
MMM850101SV5,MUNICIPIO DE MADERO SIN TIPO DE SOCIEDAD,FRACCION VII,2024,9,01/01/2025
MMM850101SV5,MUNICIPIO DE MADERO SIN TIPO DE SOCIEDAD,FRACCION VII,2024,10,01/01/2025
MMM850101SV5,MUNICIPIO DE MADERO SIN TIPO DE SOCIEDAD,FRACCION VII,2024,11,01/01/2025
MMN8501015Y6,MUNICIPIO DE MIER Y NORIEGA NL SIN TIPO DE SOCIEDAD,FRACCION VII,2024,10,01/01/2025
MMN8501015Y6,MUNICIPIO DE MIER Y NORIEGA NL SIN TIPO DE SOCIEDAD,FRACCION VII,2024,11,01/01/2025
MMO850101JE8,MUNICIPIO DE MONJAS SIN TIPO DE SOCIEDAD,FRACCION VII,2024,9,01/01/2025
MMO850101JE8,MUNICIPIO DE MONJAS SIN TIPO DE SOCIEDAD,FRACCION VII,2024,10,01/01/2025
MMO850101JE8,MUNICIPIO DE MONJAS SIN TIPO DE SOCIEDAD,FRACCION VII,2024,11,01/01/2025
MMS850101IJ5,MUNICIPIO DE MOCTEZUMA SLP SIN TIPO DE SOCIEDAD,FRACCION VII,2024,9,01/01/2025
MNS941202UQ9,MUNICIPIO DE EL NARANJO SLP SIN TIPO DE SOCIEDAD,FRACCION VII,2024,9,01/01/2025
MOC850101CZ5,MUNICIPIO DE OCUILAN SIN TIPO DE SOCIEDAD,FRACCION VII,2024,9,01/01/2025
MOC850101CZ5,MUNICIPIO DE OCUILAN SIN TIPO DE SOCIEDAD,FRACCION VII,2024,10,01/01/2025
MOC850101CZ5,MUNICIPIO DE OCUILAN SIN TIPO DE SOCIEDAD,FRACCION VII,2024,11,01/01/2025
MRN920101DM1,MUNICIPIO DE LOS RAMONES NL SIN TIPO DE SOCIEDAD,FRACCION VII,2024,10,01/01/2025
MRN920101DM1,MUNICIPIO DE LOS RAMONES NL SIN TIPO DE SOCIEDAD,FRACCION VII,2024,11,01/01/2025
MSA850101V39,MUNICIPIO DE SANTA ANA ZEGACHE SIN TIPO DE SOCIEDAD,FRACCION VII,2024,9,01/01/2025
MSA850101V39,MUNICIPIO DE SANTA ANA ZEGACHE SIN TIPO DE SOCIEDAD,FRACCION VII,2024,11,01/01/2025
MSA860201CR5,MUNICIPIO DE SAN ANTONIO SLP SIN TIPO DE SOCIEDAD,FRACCION VII,2024,9,01/01/2025
MSC850101K68,MUNICIPIO DE SANTA CRUZ ACATEPEC SIN TIPO DE SOCIEDAD,FRACCION VII,2024,9,01/01/2025
MSC850101K68,MUNICIPIO DE SANTA CRUZ ACATEPEC SIN TIPO DE SOCIEDAD,FRACCION VII,2024,10,01/01/2025
MSC850101K68,MUNICIPIO DE SANTA CRUZ ACATEPEC SIN TIPO DE SOCIEDAD,FRACCION VII,2024,11,01/01/2025
MSD8501018B2,MUNICIPIO DE SANTO DOMINGO ARMENTA SIN TIPO DE SOCIEDAD,FRACCION VII,2024,9,01/01/2025
MSD8501018B2,MUNICIPIO DE SANTO DOMINGO ARMENTA SIN TIPO DE SOCIEDAD,FRACCION VII,2024,10,01/01/2025
MSD8501018B2,MUNICIPIO DE SANTO DOMINGO ARMENTA SIN TIPO DE SOCIEDAD,FRACCION VII,2024,11,01/01/2025
MSI961227530,MUNICIPIO DE SAN IGNACIO RIO MUERTO SIN TIPO DE SOCIEDAD,FRACCION VII,2024,9,01/01/2025
MSI961227530,MUNICIPIO DE SAN IGNACIO RIO MUERTO SIN TIPO DE SOCIEDAD,FRACCION VII,2024,10,01/01/2025
MSI961227530,MUNICIPIO DE SAN IGNACIO RIO MUERTO SIN TIPO DE SOCIEDAD,FRACCION VII,2024,11,01/01/2025
MSJ850101AV4,MUNICIPIO DE SAN JACINTO AMILPAS SIN TIPO DE SOCIEDAD,FRACCION VII,2024,9,01/01/2025
MSJ850101AV4,MUNICIPIO DE SAN JACINTO AMILPAS SIN TIPO DE SOCIEDAD,FRACCION VII,2024,10,01/01/2025
MSJ850101AV4,MUNICIPIO DE SAN JACINTO AMILPAS SIN TIPO DE SOCIEDAD,FRACCION VII,2024,11,01/01/2025
MSJ850101M85,MUNICIPIO DE SAN JUAN MAZATLAN SIN TIPO DE SOCIEDAD,FRACCION VII,2024,10,01/01/2025
MSJ960101K93,MUNICIPIO DE SANTIAGO JOCOTEPEC SIN TIPO DE SOCIEDAD,FRACCION VII,2024,9,01/01/2025
MSJ960101K93,MUNICIPIO DE SANTIAGO JOCOTEPEC SIN TIPO DE SOCIEDAD,FRACCION VII,2024,10,01/01/2025
MSJ960101K93,MUNICIPIO DE SANTIAGO JOCOTEPEC SIN TIPO DE SOCIEDAD,FRACCION VII,2024,11,01/01/2025
MSP8501017U0,MUNICIPIO DE SAN PEDRO IXTLAHUACA SIN TIPO DE SOCIEDAD,FRACCION VII,2024,9,01/01/2025
MSP8501017U0,MUNICIPIO DE SAN PEDRO IXTLAHUACA SIN TIPO DE SOCIEDAD,FRACCION VII,2024,10,01/01/2025
MSP8501017U0,MUNICIPIO DE SAN PEDRO IXTLAHUACA SIN TIPO DE SOCIEDAD,FRACCION VII,2024,11,01/01/2025
MSS850101QL7,MUNICIPIO SAN SEBASTIAN IXCAPA SIN TIPO DE SOCIEDAD,FRACCION VII,2024,11,01/01/2025
MSY8501013Y2,MUNICIPIO DE SOTUTA SIN TIPO DE SOCIEDAD,FRACCION VII,2024,10,01/01/2025
MSY8501013Y2,MUNICIPIO DE SOTUTA SIN TIPO DE SOCIEDAD,FRACCION VII,2024,11,01/01/2025
MSY860201B36,MUNICIPIO DE SAMAHIL SIN TIPO DE SOCIEDAD,FRACCION VII,2024,10,01/01/2025
MSY860201B36,MUNICIPIO DE SAMAHIL SIN TIPO DE SOCIEDAD,FRACCION VII,2024,11,01/01/2025
MTE850101E90,MUNICIPIO DE TANQUIAN DE ESCOBEDO SLP SIN TIPO DE SOCIEDAD,FRACCION VII,2024,9,01/01/2025
MTG850101RQ1,MUNICIPIO DE TEUL DE GONZALEZ ORTEGA ZAC SIN TIPO DE SOCIEDAD,FRACCION VII,2024,9,01/01/2025
MTG850101RQ1,MUNICIPIO DE TEUL DE GONZALEZ ORTEGA ZAC SIN TIPO DE SOCIEDAD,FRACCION VII,2024,10,01/01/2025
MTG850101RQ1,MUNICIPIO DE TEUL DE GONZALEZ ORTEGA ZAC SIN TIPO DE SOCIEDAD,FRACCION VII,2024,11,01/01/2025
MTL850101753,MUNICIPIO DE TLALTIZAPAN SIN TIPO DE SOCIEDAD,FRACCION VII,2024,9,01/01/2025
MTL850101753,MUNICIPIO DE TLALTIZAPAN SIN TIPO DE SOCIEDAD,FRACCION VII,2024,10,01/01/2025
MTL850101753,MUNICIPIO DE TLALTIZAPAN SIN TIPO DE SOCIEDAD,FRACCION VII,2024,11,01/01/2025
MTM850101GY5,MUNICIPIO DE TIQUICHEO MICHOACAN SIN TIPO DE SOCIEDAD,FRACCION VII,2024,9,01/01/2025
MTM850101GY5,MUNICIPIO DE TIQUICHEO MICHOACAN SIN TIPO DE SOCIEDAD,FRACCION VII,2024,10,01/01/2025
MTM850101GY5,MUNICIPIO DE TIQUICHEO MICHOACAN SIN TIPO DE SOCIEDAD,FRACCION VII,2024,11,01/01/2025
MTP850101RWA,MUNICIPIO DE TELCHAC PUEBLO SIN TIPO DE SOCIEDAD,FRACCION VII,2024,9,01/01/2025
MTP850101RWA,MUNICIPIO DE TELCHAC PUEBLO SIN TIPO DE SOCIEDAD,FRACCION VII,2024,10,01/01/2025
MTP850101RWA,MUNICIPIO DE TELCHAC PUEBLO SIN TIPO DE SOCIEDAD,FRACCION VII,2024,11,01/01/2025
MTP9302152T8,MUNICIPIO DE TLAXCO PUEBLA SIN TIPO DE SOCIEDAD,FRACCION VII,2024,10,01/01/2025
MTP9302152T8,MUNICIPIO DE TLAXCO PUEBLA SIN TIPO DE SOCIEDAD,FRACCION VII,2024,11,01/01/2025
MTS850101734,MUNICIPIO TANLAJAS SLP SIN TIPO DE SOCIEDAD,FRACCION VII,2024,9,01/01/2025
MTS850101HIA,MUNICIPIO DE TAMPACAN SLP SIN TIPO DE SOCIEDAD,FRACCION VII,2024,9,01/01/2025
MTS850101N49,MUNICIPIO DE TAMUIN SLP SIN TIPO DE SOCIEDAD,FRACCION VII,2024,9,01/01/2025
MTS850101N49,MUNICIPIO DE TAMUIN SLP SIN TIPO DE SOCIEDAD,FRACCION VII,2024,10,01/01/2025
MTS850101N49,MUNICIPIO DE TAMUIN SLP SIN TIPO DE SOCIEDAD,FRACCION VII,2024,11,01/01/2025
MUH8501013N8,MUNICIPIO DE UNION HIDALGO SIN TIPO DE SOCIEDAD,FRACCION VII,2024,10,01/01/2025
MUH8501013N8,MUNICIPIO DE UNION HIDALGO SIN TIPO DE SOCIEDAD,FRACCION VII,2024,11,01/01/2025
MVC850101EF8,MUNICIPIO VENUSTIANO CARRANZA SIN TIPO DE SOCIEDAD,FRACCION VII,2024,9,01/01/2025
MVC850101EF8,MUNICIPIO VENUSTIANO CARRANZA SIN TIPO DE SOCIEDAD,FRACCION VII,2024,10,01/01/2025
MVC850101EF8,MUNICIPIO VENUSTIANO CARRANZA SIN TIPO DE SOCIEDAD,FRACCION VII,2024,11,01/01/2025
MVJ2612111P5,MUNICIPIO JOSE AZUETA SIN TIPO DE SOCIEDAD,FRACCION VII,2024,9,01/01/2025
MVJ2612111P5,MUNICIPIO JOSE AZUETA SIN TIPO DE SOCIEDAD,FRACCION VII,2024,10,01/01/2025
MVJ2612111P5,MUNICIPIO JOSE AZUETA SIN TIPO DE SOCIEDAD,FRACCION VII,2024,11,01/01/2025
MXO190101BG4,MUNICIPIO DE XOXOCOTLA SIN TIPO DE SOCIEDAD,FRACCION VII,2024,9,01/01/2025
MXO190101BG4,MUNICIPIO DE XOXOCOTLA SIN TIPO DE SOCIEDAD,FRACCION VII,2024,10,01/01/2025
MXO190101BG4,MUNICIPIO DE XOXOCOTLA SIN TIPO DE SOCIEDAD,FRACCION VII,2024,11,01/01/2025
MZA850101LF7,MUNICIPIO DE ZACUALPAN SIN TIPO DE SOCIEDAD,FRACCION VII,2024,9,01/01/2025
MZA850101LF7,MUNICIPIO DE ZACUALPAN SIN TIPO DE SOCIEDAD,FRACCION VII,2024,10,01/01/2025
MZA850101LF7,MUNICIPIO DE ZACUALPAN SIN TIPO DE SOCIEDAD,FRACCION VII,2024,11,01/01/2025
MZM850101GC7,MUNICIPIO DE ZACAZONAPAN SIN TIPO DE SOCIEDAD,FRACCION VII,2024,9,01/01/2025
MZM850101GC7,MUNICIPIO DE ZACAZONAPAN SIN TIPO DE SOCIEDAD,FRACCION VII,2024,10,01/01/2025
MZM850101GC7,MUNICIPIO DE ZACAZONAPAN SIN TIPO DE SOCIEDAD,FRACCION VII,2024,11,01/01/2025
PMI8501019M0,MUNICIPIO DE IXTAPAN DEL ORO SIN TIPO DE SOCIEDAD,FRACCION VII,2024,9,01/01/2025
PMI8501019M0,MUNICIPIO DE IXTAPAN DEL ORO SIN TIPO DE SOCIEDAD,FRACCION VII,2024,10,01/01/2025
PMI8501019M0,MUNICIPIO DE IXTAPAN DEL ORO SIN TIPO DE SOCIEDAD,FRACCION VII,2024,11,01/01/2025
TES970829JF3,TECNOLOGICO DE ESTUDIOS SUPERIORES DEL ORIENTE DEL ESTADO DE MEXICO SIN TIPO DE SOCIEDAD,FRACCION VII,2024,10,01/01/2025
TES970829JF3,TECNOLOGICO DE ESTUDIOS SUPERIORES DEL ORIENTE DEL ESTADO DE MEXICO SIN TIPO DE SOCIEDAD,FRACCION VII,2024,11,01/01/2025
MBA6201018K1,MUNICIPIO DE BALLEZA SIN TIPO DE SOCIEDAD,FRACCION VII,2025,1,01/04/2025
MBA6201018K1,MUNICIPIO DE BALLEZA SIN TIPO DE SOCIEDAD,FRACCION VII,2025,2,01/04/2025
MAP850101PA7,MUNICIPIO DE APULCO ZAC SIN TIPO DE SOCIEDAD,FRACCION VII,2024,12,01/04/2025
MAT8501015S3,MUNICIPIO DE ANIMAS TRUJANO SIN TIPO DE SOCIEDAD,FRACCION VII,2024,12,01/04/2025
MAT8501015S3,MUNICIPIO DE ANIMAS TRUJANO SIN TIPO DE SOCIEDAD,FRACCION VII,2025,1,01/04/2025
MAT8501015S3,MUNICIPIO DE ANIMAS TRUJANO SIN TIPO DE SOCIEDAD,FRACCION VII,2025,2,01/04/2025
MSJ960101K93,MUNICIPIO DE SANTIAGO JOCOTEPEC SIN TIPO DE SOCIEDAD,FRACCION VII,2024,12,01/04/2025
MSJ960101K93,MUNICIPIO DE SANTIAGO JOCOTEPEC SIN TIPO DE SOCIEDAD,FRACCION VII,2025,1,01/04/2025
MSJ960101K93,MUNICIPIO DE SANTIAGO JOCOTEPEC SIN TIPO DE SOCIEDAD,FRACCION VII,2025,2,01/04/2025
MAN8501013X3,MUNICIPIO DE ACAPONETA NAYARIT SIN TIPO DE SOCIEDAD,FRACCION VII,2024,12,01/04/2025
MAN8501013X3,MUNICIPIO DE ACAPONETA NAYARIT SIN TIPO DE SOCIEDAD,FRACCION VII,2025,1,01/04/2025
MAN8501013X3,MUNICIPIO DE ACAPONETA NAYARIT SIN TIPO DE SOCIEDAD,FRACCION VII,2025,2,01/04/2025
MAM8501017A5,MUNICIPIO DE AMATEPEC SIN TIPO DE SOCIEDAD,FRACCION VII,2024,12,01/04/2025
MSM850101BY9,MUNICIPIO DE SANTA MARIA IPALAPA SIN TIPO DE SOCIEDAD,FRACCION VII,2025,2,01/04/2025
TES970829JF3,TECNOLOGICO DE ESTUDIOS SUPERIORES DEL ORIENTE DEL ESTADO DE MEXICO SIN TIPO DE SOCIEDAD,FRACCION VII,2024,12,01/04/2025
MSP850101MG7,MUNICIPIO DE SAN PABLO VILLA DE MITLA SIN TIPO DE SOCIEDAD,FRACCION VII,2024,12,01/04/2025
MSM8501012K0,MUNICIPIO DE SANTA MARIA JACATEPEC SIN TIPO DE SOCIEDAD,FRACCION VII,2025,1,01/04/2025
MSM8501012K0,MUNICIPIO DE SANTA MARIA JACATEPEC SIN TIPO DE SOCIEDAD,FRACCION VII,2025,2,01/04/2025
MAY8501018B2,MUNICIPIO DE ABALA SIN TIPO DE SOCIEDAD,FRACCION VII,2025,2,01/04/2025
MSJ850101AV4,MUNICIPIO DE SAN JACINTO AMILPAS SIN TIPO DE SOCIEDAD,FRACCION VII,2024,12,01/04/2025
MBJ961227K65,MUNICIPIO DE BENITO JUAREZ SIN TIPO DE SOCIEDAD,FRACCION VII,2024,12,01/04/2025
MBJ961227K65,MUNICIPIO DE BENITO JUAREZ SIN TIPO DE SOCIEDAD,FRACCION VII,2025,1,01/04/2025
MBJ961227K65,MUNICIPIO DE BENITO JUAREZ SIN TIPO DE SOCIEDAD,FRACCION VII,2025,2,01/04/2025
MSP8501017U0,MUNICIPIO DE SAN PEDRO IXTLAHUACA SIN TIPO DE SOCIEDAD,FRACCION VII,2024,12,01/04/2025
MSM850101A48,MUNICIPIO DE SAN MARCOS ARTEAGA SIN TIPO DE SOCIEDAD,FRACCION VII,2025,1,01/04/2025
MSM850101A48,MUNICIPIO DE SAN MARCOS ARTEAGA SIN TIPO DE SOCIEDAD,FRACCION VII,2025,2,01/04/2025
MBY850101DZ3,MUNICIPIO DE BUCTZOTZ SIN TIPO DE SOCIEDAD,FRACCION VII,2025,1,01/04/2025
MBY850101DZ3,MUNICIPIO DE BUCTZOTZ SIN TIPO DE SOCIEDAD,FRACCION VII,2025,2,01/04/2025
MCM850101RUA,MUNICIPIO DE CIUDAD DEL MAIZ SLP SIN TIPO DE SOCIEDAD,FRACCION VII,2024,12,01/04/2025
MCM850101RUA,MUNICIPIO DE CIUDAD DEL MAIZ SLP SIN TIPO DE SOCIEDAD,FRACCION VII,2025,1,01/04/2025
MCM850101RUA,MUNICIPIO DE CIUDAD DEL MAIZ SLP SIN TIPO DE SOCIEDAD,FRACCION VII,2025,2,01/04/2025
MSM850101QV0,MUNICIPIO DE SAN MIGUEL QUETZALTEPEC SIN TIPO DE SOCIEDAD,FRACCION VII,2025,1,01/04/2025
MFU961008S93,MUNICIPIO DE EL FUERTE SIN TIPO DE SOCIEDAD,FRACCION VII,2025,1,01/04/2025
MFU961008S93,MUNICIPIO DE EL FUERTE SIN TIPO DE SOCIEDAD,FRACCION VII,2025,2,01/04/2025
CEC910820IX9,COLEGIO DE ESTUDIOS CIENTIFICOS Y TECNOLOGICOS DEL ESTADO DE SAN LUIS POTOSI SIN TIPO DE SOCIEDAD,FRACCION VII,2024,12,01/04/2025
CEC910820IX9,COLEGIO DE ESTUDIOS CIENTIFICOS Y TECNOLOGICOS DEL ESTADO DE SAN LUIS POTOSI SIN TIPO DE SOCIEDAD,FRACCION VII,2025,1,01/04/2025
CEC910820IX9,COLEGIO DE ESTUDIOS CIENTIFICOS Y TECNOLOGICOS DEL ESTADO DE SAN LUIS POTOSI SIN TIPO DE SOCIEDAD,FRACCION VII,2025,2,01/04/2025
TMU860831IG6,MUNICIPIO DE NAZAS SIN TIPO DE SOCIEDAD,FRACCION VII,2025,2,01/04/2025
MSM8501016B6,MUNICIPIO DE SANTA MARIA TEOPOXCO SIN TIPO DE SOCIEDAD,FRACCION VII,2025,1,01/04/2025
MSM8501016B6,MUNICIPIO DE SANTA MARIA TEOPOXCO SIN TIPO DE SOCIEDAD,FRACCION VII,2025,2,01/04/2025
MSM850101GP1,MUNICIPIO DE SANTA MARIA JALAPA DEL MARQUES SIN TIPO DE SOCIEDAD,FRACCION VII,2025,1,01/04/2025
MSM850101GP1,MUNICIPIO DE SANTA MARIA JALAPA DEL MARQUES SIN TIPO DE SOCIEDAD,FRACCION VII,2025,2,01/04/2025
MFM8501017C1,MUNICIPIO DE FILOMENO MATA SIN TIPO DE SOCIEDAD,FRACCION VII,2024,12,01/04/2025
MCM850101C34,MUNICIPIO DE CHINICUILA MICHOACAN SIN TIPO DE SOCIEDAD,FRACCION VII,2021,4,01/04/2025
MCM850101C34,MUNICIPIO DE CHINICUILA MICHOACAN SIN TIPO DE SOCIEDAD,FRACCION VII,2021,5,01/04/2025
MCM850101C34,MUNICIPIO DE CHINICUILA MICHOACAN SIN TIPO DE SOCIEDAD,FRACCION VII,2021,6,01/04/2025
MCM850101C34,MUNICIPIO DE CHINICUILA MICHOACAN SIN TIPO DE SOCIEDAD,FRACCION VII,2021,7,01/04/2025
MCM850101C34,MUNICIPIO DE CHINICUILA MICHOACAN SIN TIPO DE SOCIEDAD,FRACCION VII,2021,8,01/04/2025
MAM850101IE8,MUNICIPIO DE ANGAMACUTIRO MICHOACAN SIN TIPO DE SOCIEDAD,FRACCION VII,2025,1,01/04/2025
MAM850101IE8,MUNICIPIO DE ANGAMACUTIRO MICHOACAN SIN TIPO DE SOCIEDAD,FRACCION VII,2025,2,01/04/2025
MSI961227530,MUNICIPIO DE SAN IGNACIO RIO MUERTO SIN TIPO DE SOCIEDAD,FRACCION VII,2024,12,01/04/2025
MIC250101DJ2,MUNICIPIO DE IXHUATLAN DEL CAFE VER SIN TIPO DE SOCIEDAD,FRACCION VII,2025,2,01/04/2025
TMS9209017SA,MUNICIPIO SAN LUIS DE CORDERO SIN TIPO DE SOCIEDAD,FRACCION VII,2024,11,01/04/2025
TMS9209017SA,MUNICIPIO SAN LUIS DE CORDERO SIN TIPO DE SOCIEDAD,FRACCION VII,2024,12,01/04/2025
MVC850101EF8,MUNICIPIO VENUSTIANO CARRANZA SIN TIPO DE SOCIEDAD,FRACCION VII,2024,12,01/04/2025
MSS850101QL7,MUNICIPIO SAN SEBASTIAN IXCAPA SIN TIPO DE SOCIEDAD,FRACCION VII,2024,12,01/04/2025
MSS850101QL7,MUNICIPIO SAN SEBASTIAN IXCAPA SIN TIPO DE SOCIEDAD,FRACCION VII,2025,1,01/04/2025
MSS850101QL7,MUNICIPIO SAN SEBASTIAN IXCAPA SIN TIPO DE SOCIEDAD,FRACCION VII,2025,2,01/04/2025
MJT850101875,MUNICIPIO DE JIMENEZ DEL TEUL ZAC SIN TIPO DE SOCIEDAD,FRACCION VII,2024,9,01/04/2025
MSM850101MF5,MUNICIPIO DE SAN MARTIN CHALCHICUAUTLA SIN TIPO DE SOCIEDAD,FRACCION VII,2025,1,01/04/2025
MSM850101MF5,MUNICIPIO DE SAN MARTIN CHALCHICUAUTLA SIN TIPO DE SOCIEDAD,FRACCION VII,2025,2,01/04/2025
MST670215CTA,MUNICIPIO DE SANTIAGO TUXTLA VER SIN TIPO DE SOCIEDAD,FRACCION VII,2025,2,01/04/2025
MTP850101RWA,MUNICIPIO DE TELCHAC PUEBLO SIN TIPO DE SOCIEDAD,FRACCION VII,2024,12,01/04/2025
MVJ2612111P5,MUNICIPIO JOSE AZUETA SIN TIPO DE SOCIEDAD,FRACCION VII,2024,12,01/04/2025
MVJ2612111P5,MUNICIPIO JOSE AZUETA SIN TIPO DE SOCIEDAD,FRACCION VII,2025,1,01/04/2025
MVJ2612111P5,MUNICIPIO JOSE AZUETA SIN TIPO DE SOCIEDAD,FRACCION VII,2025,2,01/04/2025
MJM850101P52,MUNICIPIO DE JUNGAPEO MICHOACAN SIN TIPO DE SOCIEDAD,FRACCION VII,2025,1,01/04/2025
MJM850101P52,MUNICIPIO DE JUNGAPEO MICHOACAN SIN TIPO DE SOCIEDAD,FRACCION VII,2025,2,01/04/2025
MSY8501013Y2,MUNICIPIO DE SOTUTA SIN TIPO DE SOCIEDAD,FRACCION VII,2024,12,01/04/2025
MSY8501013Y2,MUNICIPIO DE SOTUTA SIN TIPO DE SOCIEDAD,FRACCION VII,2025,1,01/04/2025
MSY8501013Y2,MUNICIPIO DE SOTUTA SIN TIPO DE SOCIEDAD,FRACCION VII,2025,2,01/04/2025
MJP850101S23,MUNICIPIO DE JOPALA PUEBLA SIN TIPO DE SOCIEDAD,FRACCION VII,2024,2,01/04/2025
MZM850101GC7,MUNICIPIO DE ZACAZONAPAN SIN TIPO DE SOCIEDAD,FRACCION VII,2024,12,01/04/2025
MXV850101NHA,MUNICIPIO DE XOCHITLAN DE VICENTE SUAREZ SIN TIPO DE SOCIEDAD,FRACCION VII,2023,1,01/04/2025
MLB850101R73,MUNICIPIO DE LEONARDO BRAVO GUERRERO SIN TIPO DE SOCIEDAD,FRACCION VII,2023,1,01/04/2025
MLB850101R73,MUNICIPIO DE LEONARDO BRAVO GUERRERO SIN TIPO DE SOCIEDAD,FRACCION VII,2023,2,01/04/2025
MLB850101R73,MUNICIPIO DE LEONARDO BRAVO GUERRERO SIN TIPO DE SOCIEDAD,FRACCION VII,2023,3,01/04/2025
MLB850101R73,MUNICIPIO DE LEONARDO BRAVO GUERRERO SIN TIPO DE SOCIEDAD,FRACCION VII,2023,4,01/04/2025
MLB850101R73,MUNICIPIO DE LEONARDO BRAVO GUERRERO SIN TIPO DE SOCIEDAD,FRACCION VII,2023,5,01/04/2025
MLB850101R73,MUNICIPIO DE LEONARDO BRAVO GUERRERO SIN TIPO DE SOCIEDAD,FRACCION VII,2023,6,01/04/2025
MMC850101C94,MUNICIPIO DE MARCOS CASTELLANOS SIN TIPO DE SOCIEDAD,FRACCION VII,2025,1,01/04/2025
MMC850101C94,MUNICIPIO DE MARCOS CASTELLANOS SIN TIPO DE SOCIEDAD,FRACCION VII,2025,2,01/04/2025
MMB640114IE6,MUNICIPIO DE MEDELLIN DE BRAVO SIN TIPO DE SOCIEDAD,FRACCION VII,2025,1,01/04/2025
MMB640114IE6,MUNICIPIO DE MEDELLIN DE BRAVO SIN TIPO DE SOCIEDAD,FRACCION VII,2025,2,01/04/2025
MLB980520QB1,MUNICIPIO DE LORETO BCS SIN TIPO DE SOCIEDAD,FRACCION VII,2025,2,01/04/2025
MCZ85010182A,MUNICIPIO DE CAMERINO Z MENDOZA VER SIN TIPO DE SOCIEDAD,FRACCION VII,2025,1,01/04/2025
MCZ85010182A,MUNICIPIO DE CAMERINO Z MENDOZA VER SIN TIPO DE SOCIEDAD,FRACCION VII,2025,2,01/04/2025
MJA850101JX8,MUNICIPIO DE JANTETELCO SIN TIPO DE SOCIEDAD,FRACCION VII,2024,12,01/04/2025
MJA850101JX8,MUNICIPIO DE JANTETELCO SIN TIPO DE SOCIEDAD,FRACCION VII,2025,1,01/04/2025
MJA850101JX8,MUNICIPIO DE JANTETELCO SIN TIPO DE SOCIEDAD,FRACCION VII,2025,2,01/04/2025
MMC850101C94,MUNICIPIO DE MARCOS CASTELLANOS SIN TIPO DE SOCIEDAD,FRACCION VII,2024,12,01/04/2025
MMO850101JE8,MUNICIPIO DE MONJAS SIN TIPO DE SOCIEDAD,FRACCION VII,2024,12,01/04/2025
MTL940606SL8,MUNICIPIO DE TLALNEPANTLA SIN TIPO DE SOCIEDAD,FRACCION VII,2025,1,01/04/2025
MTL940606SL8,MUNICIPIO DE TLALNEPANTLA SIN TIPO DE SOCIEDAD,FRACCION VII,2025,2,01/04/2025
MCM850101M45,MUNICIPIO DE CHAVINDA MICHOACAN SIN TIPO DE SOCIEDAD,FRACCION VII,2025,1,01/04/2025
MCM850101M45,MUNICIPIO DE CHAVINDA MICHOACAN SIN TIPO DE SOCIEDAD,FRACCION VII,2025,2,01/04/2025
MLB850101R73,MUNICIPIO DE LEONARDO BRAVO GUERRERO SIN TIPO DE SOCIEDAD,FRACCION VII,2024,10,01/04/2025
MLB850101R73,MUNICIPIO DE LEONARDO BRAVO GUERRERO SIN TIPO DE SOCIEDAD,FRACCION VII,2024,11,01/04/2025
MLB850101R73,MUNICIPIO DE LEONARDO BRAVO GUERRERO SIN TIPO DE SOCIEDAD,FRACCION VII,2024,12,01/04/2025
MLB850101R73,MUNICIPIO DE LEONARDO BRAVO GUERRERO SIN TIPO DE SOCIEDAD,FRACCION VII,2025,1,01/04/2025
MLB850101R73,MUNICIPIO DE LEONARDO BRAVO GUERRERO SIN TIPO DE SOCIEDAD,FRACCION VII,2025,2,01/04/2025
MLB980520QB1,MUNICIPIO DE LORETO BCS SIN TIPO DE SOCIEDAD,FRACCION VII,2024,12,01/04/2025
MLB980520QB1,MUNICIPIO DE LORETO BCS SIN TIPO DE SOCIEDAD,FRACCION VII,2025,1,01/04/2025
MGV850101893,MUNICIPIO DE GUADALUPE VICTORIA PUEBLA SIN TIPO DE SOCIEDAD,FRACCION VII,2025,1,01/04/2025
MGV850101893,MUNICIPIO DE GUADALUPE VICTORIA PUEBLA SIN TIPO DE SOCIEDAD,FRACCION VII,2025,2,01/04/2025
MCO980112TJ0,MUNICIPIO DE COSALA SIN TIPO DE SOCIEDAD,FRACCION VII,2024,12,01/04/2025
MCO980112TJ0,MUNICIPIO DE COSALA SIN TIPO DE SOCIEDAD,FRACCION VII,2025,1,01/04/2025
MCO980112TJ0,MUNICIPIO DE COSALA SIN TIPO DE SOCIEDAD,FRACCION VII,2025,2,01/04/2025
MCU850101H71,MUNICIPIO DE CHUMATLAN SIN TIPO DE SOCIEDAD,FRACCION VII,2024,12,01/04/2025
MCU850101H71,MUNICIPIO DE CHUMATLAN SIN TIPO DE SOCIEDAD,FRACCION VII,2025,1,01/04/2025
MCU850101H71,MUNICIPIO DE CHUMATLAN SIN TIPO DE SOCIEDAD,FRACCION VII,2025,2,01/04/2025
MJJ050101D77,MUNICIPIO DE JALOSTOTITLAN JALISCO SIN TIPO DE SOCIEDAD,FRACCION VII,2023,10,01/04/2025
MJJ050101D77,MUNICIPIO DE JALOSTOTITLAN JALISCO SIN TIPO DE SOCIEDAD,FRACCION VII,2023,12,01/04/2025
MJJ050101D77,MUNICIPIO DE JALOSTOTITLAN JALISCO SIN TIPO DE SOCIEDAD,FRACCION VII,2024,1,01/04/2025
MJJ050101D77,MUNICIPIO DE JALOSTOTITLAN JALISCO SIN TIPO DE SOCIEDAD,FRACCION VII,2024,2,01/04/2025
MJJ050101D77,MUNICIPIO DE JALOSTOTITLAN JALISCO SIN TIPO DE SOCIEDAD,FRACCION VII,2024,3,01/04/2025
MJJ050101D77,MUNICIPIO DE JALOSTOTITLAN JALISCO SIN TIPO DE SOCIEDAD,FRACCION VII,2024,4,01/04/2025
MJJ050101D77,MUNICIPIO DE JALOSTOTITLAN JALISCO SIN TIPO DE SOCIEDAD,FRACCION VII,2024,5,01/04/2025
MJJ050101D77,MUNICIPIO DE JALOSTOTITLAN JALISCO SIN TIPO DE SOCIEDAD,FRACCION VII,2024,6,01/04/2025
MJJ050101D77,MUNICIPIO DE JALOSTOTITLAN JALISCO SIN TIPO DE SOCIEDAD,FRACCION VII,2024,7,01/04/2025
MJJ050101D77,MUNICIPIO DE JALOSTOTITLAN JALISCO SIN TIPO DE SOCIEDAD,FRACCION VII,2024,8,01/04/2025
MJJ050101D77,MUNICIPIO DE JALOSTOTITLAN JALISCO SIN TIPO DE SOCIEDAD,FRACCION VII,2024,9,01/04/2025
UAC730403446,UNIVERSIDAD AUTONOMA DE COAHUILA SIN TIPO DE SOCIEDAD,FRACCION VII,2024,10,01/04/2025
UAC730403446,UNIVERSIDAD AUTONOMA DE COAHUILA SIN TIPO DE SOCIEDAD,FRACCION VII,2024,11,01/04/2025
UAC730403446,UNIVERSIDAD AUTONOMA DE COAHUILA SIN TIPO DE SOCIEDAD,FRACCION VII,2024,12,01/04/2025
MSM850101RH5,MUNICIPIO DE SAHUAYO MICHOACAN SIN TIPO DE SOCIEDAD,FRACCION VII,2024,12,01/04/2025
MSM850101RH5,MUNICIPIO DE SAHUAYO MICHOACAN SIN TIPO DE SOCIEDAD,FRACCION VII,2025,2,01/04/2025
MTP9302152T8,MUNICIPIO DE TLAXCO PUEBLA SIN TIPO DE SOCIEDAD,FRACCION VII,2024,12,01/04/2025
MZP930215CD1,MUNICIPIO DE ZIHUATEUTLA PUEBLA SIN TIPO DE SOCIEDAD,FRACCION VII,2025,1,01/04/2025
MZP930215CD1,MUNICIPIO DE ZIHUATEUTLA PUEBLA SIN TIPO DE SOCIEDAD,FRACCION VII,2025,2,01/04/2025
MTM850101AS2,MUNICIPIO DE TANGAMANDAPIO MICHOACAN SIN TIPO DE SOCIEDAD,FRACCION VII,2025,1,01/04/2025
MTM850101AS2,MUNICIPIO DE TANGAMANDAPIO MICHOACAN SIN TIPO DE SOCIEDAD,FRACCION VII,2025,2,01/04/2025
MSY8501018N0,MUNICIPIO DE SUCILA SIN TIPO DE SOCIEDAD,FRACCION VII,2025,1,01/04/2025
MSY8501018N0,MUNICIPIO DE SUCILA SIN TIPO DE SOCIEDAD,FRACCION VII,2025,2,01/04/2025
MHU850101CW8,MUNICIPIO DE HUAZALINGO SIN TIPO DE SOCIEDAD,FRACCION VII,2023,11,01/04/2025
MHU850101CW8,MUNICIPIO DE HUAZALINGO SIN TIPO DE SOCIEDAD,FRACCION VII,2023,12,01/04/2025
MTM850101HD2,MUNICIPIO DE TARETAN MICHOACAN SIN TIPO DE SOCIEDAD,FRACCION VII,2024,12,01/04/2025
MND630915U24,MUNICIPIO DE NOMBRE DE DIOS SIN TIPO DE SOCIEDAD,FRACCION VII,2024,12,01/04/2025
MND630915U24,MUNICIPIO DE NOMBRE DE DIOS SIN TIPO DE SOCIEDAD,FRACCION VII,2025,1,01/04/2025
MND630915U24,MUNICIPIO DE NOMBRE DE DIOS SIN TIPO DE SOCIEDAD,FRACCION VII,2025,2,01/04/2025
MTS850101734,MUNICIPIO TANLAJAS SLP SIN TIPO DE SOCIEDAD,FRACCION VII,2025,2,01/04/2025
MCO850101HI6,MUNICIPIO DE CHOIX SIN TIPO DE SOCIEDAD,FRACCION VII,2024,12,01/04/2025
MCO850101HI6,MUNICIPIO DE CHOIX SIN TIPO DE SOCIEDAD,FRACCION VII,2025,1,01/04/2025
MCO850101HI6,MUNICIPIO DE CHOIX SIN TIPO DE SOCIEDAD,FRACCION VII,2025,2,01/04/2025
MJL850101TV1,MUNICIPIO DE JACALA DE LEDEZMA SIN TIPO DE SOCIEDAD,FRACCION VII,2021,1,01/04/2025
MTS850101N49,MUNICIPIO DE TAMUIN SLP SIN TIPO DE SOCIEDAD,FRACCION VII,2024,12,01/04/2025
MTC8501018S9,MUNICIPIO DE TUXTLA CHICO CHIAPAS SIN TIPO DE SOCIEDAD,FRACCION VII,2021,9,01/04/2025
MSY860201B36,MUNICIPIO DE SAMAHIL SIN TIPO DE SOCIEDAD,FRACCION VII,2024,12,01/04/2025
MSY860201B36,MUNICIPIO DE SAMAHIL SIN TIPO DE SOCIEDAD,FRACCION VII,2025,1,01/04/2025
MSY860201B36,MUNICIPIO DE SAMAHIL SIN TIPO DE SOCIEDAD,FRACCION VII,2025,2,01/04/2025
MTG850101RQ1,MUNICIPIO DE TEUL DE GONZALEZ ORTEGA ZAC SIN TIPO DE SOCIEDAD,FRACCION VII,2024,12,01/04/2025
MTG850101RQ1,MUNICIPIO DE TEUL DE GONZALEZ ORTEGA ZAC SIN TIPO DE SOCIEDAD,FRACCION VII,2025,2,01/04/2025
MHY850101HLA,MUNICIPIO DE HOMUN SIN TIPO DE SOCIEDAD,FRACCION VII,2025,1,01/04/2025
MHY850101HLA,MUNICIPIO DE HOMUN SIN TIPO DE SOCIEDAD,FRACCION VII,2025,2,01/04/2025
MCO8501015L3,MUNICIPIO DE CAÑADAS DE OBREGON JALISCO SIN TIPO DE SOCIEDAD,FRACCION VII,2023,10,01/04/2025
MCO8501015L3,MUNICIPIO DE CAÑADAS DE OBREGON JALISCO SIN TIPO DE SOCIEDAD,FRACCION VII,2023,11,01/04/2025
MCO8501015L3,MUNICIPIO DE CAÑADAS DE OBREGON JALISCO SIN TIPO DE SOCIEDAD,FRACCION VII,2023,12,01/04/2025
MMN8501015D6,MUNICIPIO DE MONTEMORELOS NL SIN TIPO DE SOCIEDAD,FRACCION VII,2025,1,01/04/2025
MMN8501015D6,MUNICIPIO DE MONTEMORELOS NL SIN TIPO DE SOCIEDAD,FRACCION VII,2025,2,01/04/2025
MOC850101CZ5,MUNICIPIO DE OCUILAN SIN TIPO DE SOCIEDAD,FRACCION VII,2024,12,01/04/2025
MTM850101EK8,MUNICIPIO DE TEXCALTITLAN SIN TIPO DE SOCIEDAD,FRACCION VII,2025,1,01/04/2025
CEP990506SC7,COLEGIO DE EDUCACION PROFESIONAL TECNICA DEL ESTADO DE DURANGO SIN TIPO DE SOCIEDAD,FRACCION VII,2022,1,01/04/2025
MMA871001T98,MUNICIPIO DE MATAMOROS SIN TIPO DE SOCIEDAD,FRACCION VII,2025,1,01/04/2025
MMA871001T98,MUNICIPIO DE MATAMOROS SIN TIPO DE SOCIEDAD,FRACCION VII,2025,2,01/04/2025
TMU460101IG0,MUNICIPIO SAN DIMAS SIN TIPO DE SOCIEDAD,FRACCION VII,2022,1,01/04/2025
MLT850101G65,MUNICIPIO DE LERDO DE TEJADA VER SIN TIPO DE SOCIEDAD,FRACCION VII,2024,12,01/04/2025
MLT850101G65,MUNICIPIO DE LERDO DE TEJADA VER SIN TIPO DE SOCIEDAD,FRACCION VII,2025,1,01/04/2025
MLT850101G65,MUNICIPIO DE LERDO DE TEJADA VER SIN TIPO DE SOCIEDAD,FRACCION VII,2025,2,01/04/2025
MCP850101PT0,MUNICIPIO DE CALPAN PUEBLA SIN TIPO DE SOCIEDAD,FRACCION VII,2024,12,01/04/2025
MCP850101PT0,MUNICIPIO DE CALPAN PUEBLA SIN TIPO DE SOCIEDAD,FRACCION VII,2025,1,01/04/2025
MCP850101PT0,MUNICIPIO DE CALPAN PUEBLA SIN TIPO DE SOCIEDAD,FRACCION VII,2025,2,01/04/2025
MTY850101D17,MUNICIPIO DE TIZIMIN SIN TIPO DE SOCIEDAD,FRACCION VII,2025,1,01/04/2025
MTY850101D17,MUNICIPIO DE TIZIMIN SIN TIPO DE SOCIEDAD,FRACCION VII,2025,2,01/04/2025
MNF850101I23,MUNICIPIO DE NICOLAS FLORES SIN TIPO DE SOCIEDAD,FRACCION VII,2023,12,01/04/2025
MNF850101I23,MUNICIPIO DE NICOLAS FLORES SIN TIPO DE SOCIEDAD,FRACCION VII,2025,1,01/04/2025
MNF850101I23,MUNICIPIO DE NICOLAS FLORES SIN TIPO DE SOCIEDAD,FRACCION VII,2025,2,01/04/2025
MTP850101375,MUNICIPIO DE TLAPANALA PUEBLA SIN TIPO DE SOCIEDAD,FRACCION VII,2024,11,01/04/2025
MTP850101375,MUNICIPIO DE TLAPANALA PUEBLA SIN TIPO DE SOCIEDAD,FRACCION VII,2024,12,01/04/2025
TMU621114EP4,TESORERIA MUNICIPAL DE TLAHUALILO DURANGO SIN TIPO DE SOCIEDAD,FRACCION VII,2024,10,01/04/2025
TMU621114EP4,TESORERIA MUNICIPAL DE TLAHUALILO DURANGO SIN TIPO DE SOCIEDAD,FRACCION VII,2024,11,01/04/2025
TMU621114EP4,TESORERIA MUNICIPAL DE TLAHUALILO DURANGO SIN TIPO DE SOCIEDAD,FRACCION VII,2024,12,01/04/2025
TMU621114EP4,TESORERIA MUNICIPAL DE TLAHUALILO DURANGO SIN TIPO DE SOCIEDAD,FRACCION VII,2025,1,01/04/2025
TMU621114EP4,TESORERIA MUNICIPAL DE TLAHUALILO DURANGO SIN TIPO DE SOCIEDAD,FRACCION VII,2025,2,01/04/2025
MTP850101375,MUNICIPIO DE TLAPANALA PUEBLA SIN TIPO DE SOCIEDAD,FRACCION VII,2025,1,01/04/2025
MTP850101375,MUNICIPIO DE TLAPANALA PUEBLA SIN TIPO DE SOCIEDAD,FRACCION VII,2025,2,01/04/2025
MMN8501015Y6,MUNICIPIO DE MIER Y NORIEGA NL SIN TIPO DE SOCIEDAD,FRACCION VII,2024,12,01/04/2025
MMN8501015Y6,MUNICIPIO DE MIER Y NORIEGA NL SIN TIPO DE SOCIEDAD,FRACCION VII,2025,1,01/04/2025
MMN8501015Y6,MUNICIPIO DE MIER Y NORIEGA NL SIN TIPO DE SOCIEDAD,FRACCION VII,2025,2,01/04/2025
MUH8501013N8,MUNICIPIO DE UNION HIDALGO SIN TIPO DE SOCIEDAD,FRACCION VII,2024,12,01/04/2025
MVY850101NL3,MUNICIPIO DE VALLADOLID SIN TIPO DE SOCIEDAD,FRACCION VII,2025,2,01/04/2025
MNO850101668,MUNICIPIO DE NOPALA DE VILLAGRAN SIN TIPO DE SOCIEDAD,FRACCION VII,2022,9,01/04/2025
MTG850101JY1,MUNICIPIO DE TUZAMAPAN DE GALEANA SIN TIPO DE SOCIEDAD,FRACCION VII,2025,1,01/04/2025
MTG850101JY1,MUNICIPIO DE TUZAMAPAN DE GALEANA SIN TIPO DE SOCIEDAD,FRACCION VII,2025,2,01/04/2025
MMJ850101FGA,MUNICIPIO DE MAZAPILTEPEC DE JUAREZ PUE SIN TIPO DE SOCIEDAD,FRACCION VII,2024,11,01/04/2025
MMJ850101FGA,MUNICIPIO DE MAZAPILTEPEC DE JUAREZ PUE SIN TIPO DE SOCIEDAD,FRACCION VII,2024,12,01/04/2025
MMJ850101FGA,MUNICIPIO DE MAZAPILTEPEC DE JUAREZ PUE SIN TIPO DE SOCIEDAD,FRACCION VII,2025,1,01/04/2025
MMJ850101FGA,MUNICIPIO DE MAZAPILTEPEC DE JUAREZ PUE SIN TIPO DE SOCIEDAD,FRACCION VII,2025,2,01/04/2025
MOJ750101EMA,MUNICIPIO DE OJUELOS JALISCO SIN TIPO DE SOCIEDAD,FRACCION VII,2022,9,01/04/2025
MLM850101HD2,MUNICIPIO DE LUIS MOYA Z SIN TIPO DE SOCIEDAD,FRACCION VII,2024,12,01/04/2025
MLM850101HD2,MUNICIPIO DE LUIS MOYA Z SIN TIPO DE SOCIEDAD,FRACCION VII,2025,1,01/04/2025
MLM850101HD2,MUNICIPIO DE LUIS MOYA Z SIN TIPO DE SOCIEDAD,FRACCION VII,2025,2,01/04/2025
MMT8501017A2,MUNICIPIO DE MAGDALENA TLACOTEPEC SIN TIPO DE SOCIEDAD,FRACCION VII,2025,1,01/04/2025
MMT8501017A2,MUNICIPIO DE MAGDALENA TLACOTEPEC SIN TIPO DE SOCIEDAD,FRACCION VII,2025,2,01/04/2025
MMM850101SV5,MUNICIPIO DE MADERO SIN TIPO DE SOCIEDAD,FRACCION VII,2024,12,01/04/2025
MXO190101BG4,MUNICIPIO DE XOXOCOTLA SIN TIPO DE SOCIEDAD,FRACCION VII,2025,1,01/04/2025
MXO190101BG4,MUNICIPIO DE XOXOCOTLA SIN TIPO DE SOCIEDAD,FRACCION VII,2025,2,01/04/2025
MZA850101LF7,MUNICIPIO DE ZACUALPAN SIN TIPO DE SOCIEDAD,FRACCION VII,2024,12,01/04/2025
MZA850101LF7,MUNICIPIO DE ZACUALPAN SIN TIPO DE SOCIEDAD,FRACCION VII,2025,1,01/04/2025
MZA850101LF7,MUNICIPIO DE ZACUALPAN SIN TIPO DE SOCIEDAD,FRACCION VII,2025,2,01/04/2025
MSC850101K68,MUNICIPIO DE SANTA CRUZ ACATEPEC SIN TIPO DE SOCIEDAD,FRACCION VII,2024,12,01/04/2025
MSC850101K68,MUNICIPIO DE SANTA CRUZ ACATEPEC SIN TIPO DE SOCIEDAD,FRACCION VII,2025,2,01/04/2025
MTM850101GY5,MUNICIPIO DE TIQUICHEO MICHOACAN SIN TIPO DE SOCIEDAD,FRACCION VII,2024,12,01/04/2025
MTM850101GY5,MUNICIPIO DE TIQUICHEO MICHOACAN SIN TIPO DE SOCIEDAD,FRACCION VII,2025,1,01/04/2025
MTM850101GY5,MUNICIPIO DE TIQUICHEO MICHOACAN SIN TIPO DE SOCIEDAD,FRACCION VII,2025,2,01/04/2025
MJM850101EE9,MUNICIPIO DE JIQUILPAN MICHOACAN SIN TIPO DE SOCIEDAD,FRACCION VII,2024,12,01/04/2025
MJM850101EE9,MUNICIPIO DE JIQUILPAN MICHOACAN SIN TIPO DE SOCIEDAD,FRACCION VII,2025,1,01/04/2025
MJM850101EE9,MUNICIPIO DE JIQUILPAN MICHOACAN SIN TIPO DE SOCIEDAD,FRACCION VII,2025,2,01/04/2025
MMR8909159XA,MUNICIPIO DE MATIAS ROMERO AVENDAÑO SIN TIPO DE SOCIEDAD,FRACCION VII,2024,12,01/04/2025
MVA8501016C3,MUNICIPIO DE VILLA ALDAMA VER SIN TIPO DE SOCIEDAD,FRACCION VII,2025,1,01/04/2025
MVA8501016C3,MUNICIPIO DE VILLA ALDAMA VER SIN TIPO DE SOCIEDAD,FRACCION VII,2025,2,01/04/2025
MPN610102UT6,MUNICIPIO DE PUEBLO NUEVO SIN TIPO DE SOCIEDAD,FRACCION VII,2021,6,01/04/2025
MPN610102UT6,MUNICIPIO DE PUEBLO NUEVO SIN TIPO DE SOCIEDAD,FRACCION VII,2021,7,01/04/2025
MPN610102UT6,MUNICIPIO DE PUEBLO NUEVO SIN TIPO DE SOCIEDAD,FRACCION VII,2021,8,01/04/2025
MPN610102UT6,MUNICIPIO DE PUEBLO NUEVO SIN TIPO DE SOCIEDAD,FRACCION VII,2021,9,01/04/2025
MPN610102UT6,MUNICIPIO DE PUEBLO NUEVO SIN TIPO DE SOCIEDAD,FRACCION VII,2021,10,01/04/2025
MPN610102UT6,MUNICIPIO DE PUEBLO NUEVO SIN TIPO DE SOCIEDAD,FRACCION VII,2021,11,01/04/2025
MPN610102UT6,MUNICIPIO DE PUEBLO NUEVO SIN TIPO DE SOCIEDAD,FRACCION VII,2021,12,01/04/2025
MPN610102UT6,MUNICIPIO DE PUEBLO NUEVO SIN TIPO DE SOCIEDAD,FRACCION VII,2022,1,01/04/2025
MPN610102UT6,MUNICIPIO DE PUEBLO NUEVO SIN TIPO DE SOCIEDAD,FRACCION VII,2022,3,01/04/2025
MSD850101UN8,MUNICIPIO DE SANTO DOMINGO TONALA SIN TIPO DE SOCIEDAD,FRACCION VII,2025,1,01/04/2025
MSD850101UN8,MUNICIPIO DE SANTO DOMINGO TONALA SIN TIPO DE SOCIEDAD,FRACCION VII,2025,2,01/04/2025
PMM850101343,PRESIDENCIA MUNICIPAL DE MATAMOROS COAH SIN TIPO DE SOCIEDAD,FRACCION VII,2024,12,01/04/2025
PMM850101343,PRESIDENCIA MUNICIPAL DE MATAMOROS COAH SIN TIPO DE SOCIEDAD,FRACCION VII,2025,2,01/04/2025
MAD8812014V1,MUNICIPIO DE AGUA DULCE VER SIN TIPO DE SOCIEDAD,FRACCION VII,2024,12,01/04/2025
MAD8812014V1,MUNICIPIO DE AGUA DULCE VER SIN TIPO DE SOCIEDAD,FRACCION VII,2025,1,01/04/2025
MAD8812014V1,MUNICIPIO DE AGUA DULCE VER SIN TIPO DE SOCIEDAD,FRACCION VII,2025,2,01/04/2025
MSF8501015W2,MUNICIPIO DE SAN FELIPE USILA SIN TIPO DE SOCIEDAD,FRACCION VII,2024,12,01/04/2025
MSA850101N25,MUNICIPIO DE SAN AGUSTIN ATENANGO SIN TIPO DE SOCIEDAD,FRACCION VII,2024,12,01/04/2025
MNV850101AB4,MUNICIPIO DE NAOLINCO VER SIN TIPO DE SOCIEDAD,FRACCION VII,2025,1,01/04/2025
MNV850101AB4,MUNICIPIO DE NAOLINCO VER SIN TIPO DE SOCIEDAD,FRACCION VII,2025,2,01/04/2025
MMY850101284,MUNICIPIO DE MUNA SIN TIPO DE SOCIEDAD,FRACCION VII,2025,1,01/04/2025
MMY850101284,MUNICIPIO DE MUNA SIN TIPO DE SOCIEDAD,FRACCION VII,2025,2,01/04/2025
MMY850101284,MUNICIPIO DE MUNA SIN TIPO DE SOCIEDAD,FRACCION VII,2024,10,01/04/2025
MMY850101284,MUNICIPIO DE MUNA SIN TIPO DE SOCIEDAD,FRACCION VII,2024,11,01/04/2025
MMY850101284,MUNICIPIO DE MUNA SIN TIPO DE SOCIEDAD,FRACCION VII,2024,12,01/04/2025
MSE850101IT1,MUNICIPIO DE SANTA ELENA SIN TIPO DE SOCIEDAD,FRACCION VII,2024,5,01/04/2025
MSE850101IT1,MUNICIPIO DE SANTA ELENA SIN TIPO DE SOCIEDAD,FRACCION VII,2024,6,01/04/2025
MSE850101IT1,MUNICIPIO DE SANTA ELENA SIN TIPO DE SOCIEDAD,FRACCION VII,2024,7,01/04/2025
MSE850101IT1,MUNICIPIO DE SANTA ELENA SIN TIPO DE SOCIEDAD,FRACCION VII,2024,8,01/04/2025
MSE850101IT1,MUNICIPIO DE SANTA ELENA SIN TIPO DE SOCIEDAD,FRACCION VII,2024,9,01/04/2025
MSE850101IT1,MUNICIPIO DE SANTA ELENA SIN TIPO DE SOCIEDAD,FRACCION VII,2024,10,01/04/2025
MSE850101IT1,MUNICIPIO DE SANTA ELENA SIN TIPO DE SOCIEDAD,FRACCION VII,2024,11,01/04/2025
MSE850101IT1,MUNICIPIO DE SANTA ELENA SIN TIPO DE SOCIEDAD,FRACCION VII,2024,12,01/04/2025
MSE850101IT1,MUNICIPIO DE SANTA ELENA SIN TIPO DE SOCIEDAD,FRACCION VII,2025,1,01/04/2025
MSE850101IT1,MUNICIPIO DE SANTA ELENA SIN TIPO DE SOCIEDAD,FRACCION VII,2025,2,01/04/2025
PMS850101K78,PRESIDENCIA MUNICIPAL DE SAN JUAN DE GUADALUPE DGO SIN TIPO DE SOCIEDAD,FRACCION VII,2024,12,01/04/2025
PMS850101K78,PRESIDENCIA MUNICIPAL DE SAN JUAN DE GUADALUPE DGO SIN TIPO DE SOCIEDAD,FRACCION VII,2025,1,01/04/2025
PMS850101K78,PRESIDENCIA MUNICIPAL DE SAN JUAN DE GUADALUPE DGO SIN TIPO DE SOCIEDAD,FRACCION VII,2025,2,01/04/2025
MRS850101UN2,MUNICIPIO DE RAYON SLP SIN TIPO DE SOCIEDAD,FRACCION VII,2025,1,01/04/2025
SES870401TX8,SERVICIOS ESTATALES DE SALUD SIN TIPO DE SOCIEDAD,FRACCION VII,2024,3,01/04/2025
SES870401TX8,SERVICIOS ESTATALES DE SALUD SIN TIPO DE SOCIEDAD,FRACCION VII,2024,4,01/04/2025
MSA850101TC8,MUNICIPIO DE SAN ANDRES IXTLAHUACA SIN TIPO DE SOCIEDAD,FRACCION VII,2025,2,01/04/2025
MRN920101DM1,MUNICIPIO DE LOS RAMONES NL SIN TIPO DE SOCIEDAD,FRACCION VII,2024,12,01/04/2025
SES870401TX8,SERVICIOS ESTATALES DE SALUD SIN TIPO DE SOCIEDAD,FRACCION VII,2024,9,01/04/2025
SES870401TX8,SERVICIOS ESTATALES DE SALUD SIN TIPO DE SOCIEDAD,FRACCION VII,2024,12,01/04/2025
PMV8501019S0,PRESIDENCIA MUNICIPAL DE VIESCA COAH SIN TIPO DE SOCIEDAD,FRACCION VII,2024,9,01/04/2025
PMV8501019S0,PRESIDENCIA MUNICIPAL DE VIESCA COAH SIN TIPO DE SOCIEDAD,FRACCION VII,2024,10,01/04/2025
PMV8501019S0,PRESIDENCIA MUNICIPAL DE VIESCA COAH SIN TIPO DE SOCIEDAD,FRACCION VII,2024,11,01/04/2025
SES870401TX8,SERVICIOS ESTATALES DE SALUD SIN TIPO DE SOCIEDAD,FRACCION VII,2025,1,01/04/2025
SES870401TX8,SERVICIOS ESTATALES DE SALUD SIN TIPO DE SOCIEDAD,FRACCION VII,2025,2,01/04/2025
MSC850101VB6,MUNICIPIO DE SIMOJOVEL SIN TIPO DE SOCIEDAD,FRACCION VII,2023,7,01/04/2025
MSC850101VB6,MUNICIPIO DE SIMOJOVEL SIN TIPO DE SOCIEDAD,FRACCION VII,2023,8,01/04/2025
MSC850101VB6,MUNICIPIO DE SIMOJOVEL SIN TIPO DE SOCIEDAD,FRACCION VII,2023,9,01/04/2025
MSC850101VB6,MUNICIPIO DE SIMOJOVEL SIN TIPO DE SOCIEDAD,FRACCION VII,2023,10,01/04/2025
MSC850101VB6,MUNICIPIO DE SIMOJOVEL SIN TIPO DE SOCIEDAD,FRACCION VII,2023,11,01/04/2025
MSC850101VB6,MUNICIPIO DE SIMOJOVEL SIN TIPO DE SOCIEDAD,FRACCION VII,2023,12,01/04/2025
MSC850101VB6,MUNICIPIO DE SIMOJOVEL SIN TIPO DE SOCIEDAD,FRACCION VII,2024,1,01/04/2025
MSC850101VB6,MUNICIPIO DE SIMOJOVEL SIN TIPO DE SOCIEDAD,FRACCION VII,2024,2,01/04/2025
MSC850101VB6,MUNICIPIO DE SIMOJOVEL SIN TIPO DE SOCIEDAD,FRACCION VII,2024,3,01/04/2025
MSC850101VB6,MUNICIPIO DE SIMOJOVEL SIN TIPO DE SOCIEDAD,FRACCION VII,2024,4,01/04/2025
MSA8501016L7,MUNICIPIO DE SAN ANDRES LAGUNAS SIN TIPO DE SOCIEDAD,FRACCION VII,2025,2,01/04/2025
SEG910814HCA,SECRETARIA DE EDUCACION GUERRERO SIN TIPO DE SOCIEDAD,FRACCION VII,2025,1,01/04/2025
SEG910814HCA,SECRETARIA DE EDUCACION GUERRERO SIN TIPO DE SOCIEDAD,FRACCION VII,2025,2,01/04/2025
MSA860201CI3,MUNICIPIO DE SANTIAGO APOSTOL SIN TIPO DE SOCIEDAD,FRACCION VII,2021,11,01/04/2025
MSA860201CI3,MUNICIPIO DE SANTIAGO APOSTOL SIN TIPO DE SOCIEDAD,FRACCION VII,2021,12,01/04/2025
MSA860201CI3,MUNICIPIO DE SANTIAGO APOSTOL SIN TIPO DE SOCIEDAD,FRACCION VII,2022,3,01/04/2025
PMI8501019M0,MUNICIPIO DE IXTAPAN DEL ORO SIN TIPO DE SOCIEDAD,FRACCION VII,2024,12,01/04/2025
PMI8501019M0,MUNICIPIO DE IXTAPAN DEL ORO SIN TIPO DE SOCIEDAD,FRACCION VII,2025,1,01/04/2025
PMI8501019M0,MUNICIPIO DE IXTAPAN DEL ORO SIN TIPO DE SOCIEDAD,FRACCION VII,2025,2,01/04/2025
SES870401TX8,SERVICIOS ESTATALES DE SALUD SIN TIPO DE SOCIEDAD,FRACCION VII,2022,12,01/04/2025
MAA910101460,MUNICIPIO DE ALMOLOYA DE ALQUISIRAS SIN TIPO DE SOCIEDAD,FRACCION VII,2025,2,01/04/2025
MSC850101VB6,MUNICIPIO DE SIMOJOVEL SIN TIPO DE SOCIEDAD,FRACCION VII,2024,5,01/04/2025
MSC850101VB6,MUNICIPIO DE SIMOJOVEL SIN TIPO DE SOCIEDAD,FRACCION VII,2024,6,01/04/2025
MSC850101VB6,MUNICIPIO DE SIMOJOVEL SIN TIPO DE SOCIEDAD,FRACCION VII,2024,7,01/04/2025
MSC850101VB6,MUNICIPIO DE SIMOJOVEL SIN TIPO DE SOCIEDAD,FRACCION VII,2024,8,01/04/2025
MSC850101VB6,MUNICIPIO DE SIMOJOVEL SIN TIPO DE SOCIEDAD,FRACCION VII,2024,9,01/04/2025
MSD8501018B2,MUNICIPIO DE SANTO DOMINGO ARMENTA SIN TIPO DE SOCIEDAD,FRACCION VII,2024,12,01/04/2025
MOJ850101TJ3,MUNICIPIO DE OMITLAN DE JUAREZ SIN TIPO DE SOCIEDAD,FRACCION VII,2025,4,01/07/2025
MOJ850101TJ3,MUNICIPIO DE OMITLAN DE JUAREZ SIN TIPO DE SOCIEDAD,FRACCION VII,2025,5,01/07/2025
MBV850101K66,MUNICIPIO DE BELLA VISTA SIN TIPO DE SOCIEDAD,FRACCION VII,2021,4,01/07/2025
MBV850101K66,MUNICIPIO DE BELLA VISTA SIN TIPO DE SOCIEDAD,FRACCION VII,2021,5,01/07/2025
MBV850101K66,MUNICIPIO DE BELLA VISTA SIN TIPO DE SOCIEDAD,FRACCION VII,2021,6,01/07/2025
MBV850101K66,MUNICIPIO DE BELLA VISTA SIN TIPO DE SOCIEDAD,FRACCION VII,2021,7,01/07/2025
MBV850101K66,MUNICIPIO DE BELLA VISTA SIN TIPO DE SOCIEDAD,FRACCION VII,2021,8,01/07/2025
MBJ961227K65,MUNICIPIO DE BENITO JUAREZ SIN TIPO DE SOCIEDAD,FRACCION VII,2025,3,01/07/2025
MBJ961227K65,MUNICIPIO DE BENITO JUAREZ SIN TIPO DE SOCIEDAD,FRACCION VII,2025,4,01/07/2025
MBJ961227K65,MUNICIPIO DE BENITO JUAREZ SIN TIPO DE SOCIEDAD,FRACCION VII,2025,5,01/07/2025
MSA850101IQ3,MUNICIPIO DE SAN ANTONIO NANAHUATIPAM SIN TIPO DE SOCIEDAD,FRACCION VII,2023,7,01/07/2025
MMY850101DE3,MUNICIPIO DE MOTUL SIN TIPO DE SOCIEDAD,FRACCION VII,2024,7,01/07/2025
MMY850101DE3,MUNICIPIO DE MOTUL SIN TIPO DE SOCIEDAD,FRACCION VII,2024,8,01/07/2025
MBS640916L33,MUNICIPIO DE BANAMICHI SONORA SIN TIPO DE SOCIEDAD,FRACCION VII,2023,12,01/07/2025
MCI850101PW8,MUNICIPIO DE CHINIPAS SIN TIPO DE SOCIEDAD,FRACCION VII,2023,12,01/07/2025
MCI850101PW8,MUNICIPIO DE CHINIPAS SIN TIPO DE SOCIEDAD,FRACCION VII,2025,2,01/07/2025
MCI850101PW8,MUNICIPIO DE CHINIPAS SIN TIPO DE SOCIEDAD,FRACCION VII,2025,3,01/07/2025
MCI850101PW8,MUNICIPIO DE CHINIPAS SIN TIPO DE SOCIEDAD,FRACCION VII,2025,4,01/07/2025
MCI850101PW8,MUNICIPIO DE CHINIPAS SIN TIPO DE SOCIEDAD,FRACCION VII,2025,5,01/07/2025
MCO850101HI6,MUNICIPIO DE CHOIX SIN TIPO DE SOCIEDAD,FRACCION VII,2025,3,01/07/2025
MCO850101HI6,MUNICIPIO DE CHOIX SIN TIPO DE SOCIEDAD,FRACCION VII,2025,4,01/07/2025
MCO850101HI6,MUNICIPIO DE CHOIX SIN TIPO DE SOCIEDAD,FRACCION VII,2025,5,01/07/2025
MCO850101HI6,MUNICIPIO DE CHOIX SIN TIPO DE SOCIEDAD,FRACCION VII,2022,10,01/07/2025
MCO980112TJ0,MUNICIPIO DE COSALA SIN TIPO DE SOCIEDAD,FRACCION VII,2023,2,01/07/2025
MCO980112TJ0,MUNICIPIO DE COSALA SIN TIPO DE SOCIEDAD,FRACCION VII,2024,1,01/07/2025
MCO980112TJ0,MUNICIPIO DE COSALA SIN TIPO DE SOCIEDAD,FRACCION VII,2024,2,01/07/2025
MBV850101K66,MUNICIPIO DE BELLA VISTA SIN TIPO DE SOCIEDAD,FRACCION VII,2023,1,01/07/2025
MBV850101K66,MUNICIPIO DE BELLA VISTA SIN TIPO DE SOCIEDAD,FRACCION VII,2023,2,01/07/2025
MBV850101K66,MUNICIPIO DE BELLA VISTA SIN TIPO DE SOCIEDAD,FRACCION VII,2023,3,01/07/2025
MBV850101K66,MUNICIPIO DE BELLA VISTA SIN TIPO DE SOCIEDAD,FRACCION VII,2023,4,01/07/2025
MBV850101K66,MUNICIPIO DE BELLA VISTA SIN TIPO DE SOCIEDAD,FRACCION VII,2023,5,01/07/2025
MCM850101C34,MUNICIPIO DE CHINICUILA MICHOACAN SIN TIPO DE SOCIEDAD,FRACCION VII,2021,3,01/07/2025
MCS8501011I3,MUNICIPIO DE COXCATLAN SLP SIN TIPO DE SOCIEDAD,FRACCION VII,2024,8,01/07/2025
MCS8501011I3,MUNICIPIO DE COXCATLAN SLP SIN TIPO DE SOCIEDAD,FRACCION VII,2024,9,01/07/2025
MCS8501011I3,MUNICIPIO DE COXCATLAN SLP SIN TIPO DE SOCIEDAD,FRACCION VII,2024,11,01/07/2025
MCS8501011I3,MUNICIPIO DE COXCATLAN SLP SIN TIPO DE SOCIEDAD,FRACCION VII,2024,12,01/07/2025
MCU850101H71,MUNICIPIO DE CHUMATLAN SIN TIPO DE SOCIEDAD,FRACCION VII,2025,3,01/07/2025
MCM8501019Y4,MUNICIPIO DE CARACUARO MICH SIN TIPO DE SOCIEDAD,FRACCION VII,2025,5,01/07/2025
MLC750402G32,MUNICIPIO DE LAZARO CARDENAS SIN TIPO DE SOCIEDAD,FRACCION VII,2025,5,01/07/2025
MHJ850101NE1,MUNICIPIO HUAUTLA DE JIMENEZ SIN TIPO DE SOCIEDAD,FRACCION VII,2025,5,01/07/2025
MCS921222M67,MUNICIPIO DE CARDENAS SLP SIN TIPO DE SOCIEDAD,FRACCION VII,2025,3,01/07/2025
MCS921222M67,MUNICIPIO DE CARDENAS SLP SIN TIPO DE SOCIEDAD,FRACCION VII,2025,4,01/07/2025
MCS921222M67,MUNICIPIO DE CARDENAS SLP SIN TIPO DE SOCIEDAD,FRACCION VII,2025,5,01/07/2025
MCG850101279,MUNICIPIO DE CUALAC GUERRERO SIN TIPO DE SOCIEDAD,FRACCION VII,2022,11,01/07/2025
MCG850101279,MUNICIPIO DE CUALAC GUERRERO SIN TIPO DE SOCIEDAD,FRACCION VII,2022,12,01/07/2025
MCG850101279,MUNICIPIO DE CUALAC GUERRERO SIN TIPO DE SOCIEDAD,FRACCION VII,2023,2,01/07/2025
MCG850101279,MUNICIPIO DE CUALAC GUERRERO SIN TIPO DE SOCIEDAD,FRACCION VII,2023,3,01/07/2025
MCG850101279,MUNICIPIO DE CUALAC GUERRERO SIN TIPO DE SOCIEDAD,FRACCION VII,2023,4,01/07/2025
MCG850101279,MUNICIPIO DE CUALAC GUERRERO SIN TIPO DE SOCIEDAD,FRACCION VII,2023,5,01/07/2025
MCG850101279,MUNICIPIO DE CUALAC GUERRERO SIN TIPO DE SOCIEDAD,FRACCION VII,2023,6,01/07/2025
MCG850101279,MUNICIPIO DE CUALAC GUERRERO SIN TIPO DE SOCIEDAD,FRACCION VII,2023,7,01/07/2025
MCG850101279,MUNICIPIO DE CUALAC GUERRERO SIN TIPO DE SOCIEDAD,FRACCION VII,2023,9,01/07/2025
MCG850101279,MUNICIPIO DE CUALAC GUERRERO SIN TIPO DE SOCIEDAD,FRACCION VII,2023,10,01/07/2025
MCG850101279,MUNICIPIO DE CUALAC GUERRERO SIN TIPO DE SOCIEDAD,FRACCION VII,2023,11,01/07/2025
MCG850101279,MUNICIPIO DE CUALAC GUERRERO SIN TIPO DE SOCIEDAD,FRACCION VII,2023,12,01/07/2025
MCG850101279,MUNICIPIO DE CUALAC GUERRERO SIN TIPO DE SOCIEDAD,FRACCION VII,2024,1,01/07/2025
MSC850101CV2,MUNICIPIO DE SANTA CRUZ MIXTEPEC SIN TIPO DE SOCIEDAD,FRACCION VII,2022,2,01/07/2025
MSC850101CV2,MUNICIPIO DE SANTA CRUZ MIXTEPEC SIN TIPO DE SOCIEDAD,FRACCION VII,2022,3,01/07/2025
MSC850101CV2,MUNICIPIO DE SANTA CRUZ MIXTEPEC SIN TIPO DE SOCIEDAD,FRACCION VII,2022,4,01/07/2025
MSC850101CV2,MUNICIPIO DE SANTA CRUZ MIXTEPEC SIN TIPO DE SOCIEDAD,FRACCION VII,2022,5,01/07/2025
MSC850101CV2,MUNICIPIO DE SANTA CRUZ MIXTEPEC SIN TIPO DE SOCIEDAD,FRACCION VII,2022,6,01/07/2025
MSC850101CV2,MUNICIPIO DE SANTA CRUZ MIXTEPEC SIN TIPO DE SOCIEDAD,FRACCION VII,2022,7,01/07/2025
MSC850101CV2,MUNICIPIO DE SANTA CRUZ MIXTEPEC SIN TIPO DE SOCIEDAD,FRACCION VII,2022,8,01/07/2025
MSC850101CV2,MUNICIPIO DE SANTA CRUZ MIXTEPEC SIN TIPO DE SOCIEDAD,FRACCION VII,2022,9,01/07/2025
MSC850101CV2,MUNICIPIO DE SANTA CRUZ MIXTEPEC SIN TIPO DE SOCIEDAD,FRACCION VII,2022,10,01/07/2025
MSC850101CV2,MUNICIPIO DE SANTA CRUZ MIXTEPEC SIN TIPO DE SOCIEDAD,FRACCION VII,2022,11,01/07/2025
MSC850101CV2,MUNICIPIO DE SANTA CRUZ MIXTEPEC SIN TIPO DE SOCIEDAD,FRACCION VII,2022,12,01/07/2025
MHY850101HLA,MUNICIPIO DE HOMUN SIN TIPO DE SOCIEDAD,FRACCION VII,2025,3,01/07/2025
MHY850101HLA,MUNICIPIO DE HOMUN SIN TIPO DE SOCIEDAD,FRACCION VII,2025,4,01/07/2025
MHY850101HLA,MUNICIPIO DE HOMUN SIN TIPO DE SOCIEDAD,FRACCION VII,2025,5,01/07/2025
MCM850101RUA,MUNICIPIO DE CIUDAD DEL MAIZ SLP SIN TIPO DE SOCIEDAD,FRACCION VII,2025,3,01/07/2025
MCM850101RUA,MUNICIPIO DE CIUDAD DEL MAIZ SLP SIN TIPO DE SOCIEDAD,FRACCION VII,2025,4,01/07/2025
MCM850101RUA,MUNICIPIO DE CIUDAD DEL MAIZ SLP SIN TIPO DE SOCIEDAD,FRACCION VII,2025,5,01/07/2025
MCO8501015L3,MUNICIPIO DE CAÑADAS DE OBREGON JALISCO SIN TIPO DE SOCIEDAD,FRACCION VII,2023,8,01/07/2025
MHA850101E62,MUNICIPIO DE HUEJUQUILLA EL ALTO SIN TIPO DE SOCIEDAD,FRACCION VII,2023,3,01/07/2025
MHA850101E62,MUNICIPIO DE HUEJUQUILLA EL ALTO SIN TIPO DE SOCIEDAD,FRACCION VII,2023,12,01/07/2025
MSC850101K68,MUNICIPIO DE SANTA CRUZ ACATEPEC SIN TIPO DE SOCIEDAD,FRACCION VII,2025,3,01/07/2025
MSC850101K68,MUNICIPIO DE SANTA CRUZ ACATEPEC SIN TIPO DE SOCIEDAD,FRACCION VII,2025,4,01/07/2025
MSC850101K68,MUNICIPIO DE SANTA CRUZ ACATEPEC SIN TIPO DE SOCIEDAD,FRACCION VII,2025,5,01/07/2025
MCP850101ES5,MUNICIPIO DE CHAPULCO PUEBLA SIN TIPO DE SOCIEDAD,FRACCION VII,2022,4,01/07/2025
MCP850101ES5,MUNICIPIO DE CHAPULCO PUEBLA SIN TIPO DE SOCIEDAD,FRACCION VII,2022,10,01/07/2025
MCM850101M45,MUNICIPIO DE CHAVINDA MICHOACAN SIN TIPO DE SOCIEDAD,FRACCION VII,2025,3,01/07/2025
MPN610102UT6,MUNICIPIO DE PUEBLO NUEVO SIN TIPO DE SOCIEDAD,FRACCION VII,2021,1,01/07/2025
MPN610102UT6,MUNICIPIO DE PUEBLO NUEVO SIN TIPO DE SOCIEDAD,FRACCION VII,2021,2,01/07/2025
MPN610102UT6,MUNICIPIO DE PUEBLO NUEVO SIN TIPO DE SOCIEDAD,FRACCION VII,2021,3,01/07/2025
MCP850101PT0,MUNICIPIO DE CALPAN PUEBLA SIN TIPO DE SOCIEDAD,FRACCION VII,2024,3,01/07/2025
MCP850101PT0,MUNICIPIO DE CALPAN PUEBLA SIN TIPO DE SOCIEDAD,FRACCION VII,2025,3,01/07/2025
MCP850101PT0,MUNICIPIO DE CALPAN PUEBLA SIN TIPO DE SOCIEDAD,FRACCION VII,2025,4,01/07/2025
MCP850101PT0,MUNICIPIO DE CALPAN PUEBLA SIN TIPO DE SOCIEDAD,FRACCION VII,2025,5,01/07/2025
MMO850101JE8,MUNICIPIO DE MONJAS SIN TIPO DE SOCIEDAD,FRACCION VII,2025,5,01/07/2025
MBY850101DZ3,MUNICIPIO DE BUCTZOTZ SIN TIPO DE SOCIEDAD,FRACCION VII,2025,3,01/07/2025
MBY850101DZ3,MUNICIPIO DE BUCTZOTZ SIN TIPO DE SOCIEDAD,FRACCION VII,2025,4,01/07/2025
MBY850101DZ3,MUNICIPIO DE BUCTZOTZ SIN TIPO DE SOCIEDAD,FRACCION VII,2025,5,01/07/2025
MCC96010192A,MUNICIPIO DE CACAHOATAN CHIAPAS SIN TIPO DE SOCIEDAD,FRACCION VII,2025,2,01/07/2025
MMN74010184A,MUNICIPIO DE MINA NUEVO LEON SIN TIPO DE SOCIEDAD,FRACCION VII,2021,1,01/07/2025
MMN74010184A,MUNICIPIO DE MINA NUEVO LEON SIN TIPO DE SOCIEDAD,FRACCION VII,2021,2,01/07/2025
MMN74010184A,MUNICIPIO DE MINA NUEVO LEON SIN TIPO DE SOCIEDAD,FRACCION VII,2021,3,01/07/2025
MMN74010184A,MUNICIPIO DE MINA NUEVO LEON SIN TIPO DE SOCIEDAD,FRACCION VII,2021,4,01/07/2025
MMN74010184A,MUNICIPIO DE MINA NUEVO LEON SIN TIPO DE SOCIEDAD,FRACCION VII,2021,5,01/07/2025
MMN74010184A,MUNICIPIO DE MINA NUEVO LEON SIN TIPO DE SOCIEDAD,FRACCION VII,2021,6,01/07/2025
MMN74010184A,MUNICIPIO DE MINA NUEVO LEON SIN TIPO DE SOCIEDAD,FRACCION VII,2021,7,01/07/2025
MSA930101CA7,MUNICIPIO SAN AGUSTIN CHAYUCO SIN TIPO DE SOCIEDAD,FRACCION VII,2022,12,01/07/2025
MSF640916PV4,MUNICIPIO DE SAN FELIPE DE JESUS SONORA SIN TIPO DE SOCIEDAD,FRACCION VII,2024,11,01/07/2025
MSF640916PV4,MUNICIPIO DE SAN FELIPE DE JESUS SONORA SIN TIPO DE SOCIEDAD,FRACCION VII,2024,12,01/07/2025
MCM850101SQ4,MUNICIPIO CONTEPEC SIN TIPO DE SOCIEDAD,FRACCION VII,2025,4,01/07/2025
MCM850101SQ4,MUNICIPIO CONTEPEC SIN TIPO DE SOCIEDAD,FRACCION VII,2025,5,01/07/2025
MPN610102UT6,MUNICIPIO DE PUEBLO NUEVO SIN TIPO DE SOCIEDAD,FRACCION VII,2021,4,01/07/2025
MPN610102UT6,MUNICIPIO DE PUEBLO NUEVO SIN TIPO DE SOCIEDAD,FRACCION VII,2021,5,01/07/2025
MCC850101D59,MUNICIPIO DE CHILON SIN TIPO DE SOCIEDAD,FRACCION VII,2024,5,01/07/2025
MSA850101LR3,MUNICIPIO SAN ANTONINO MONTE VERDE SIN TIPO DE SOCIEDAD,FRACCION VII,2024,5,01/07/2025
MCY850101DQA,MUNICIPIO DE CHACSINKIN SIN TIPO DE SOCIEDAD,FRACCION VII,2025,3,01/07/2025
MCY850101DQA,MUNICIPIO DE CHACSINKIN SIN TIPO DE SOCIEDAD,FRACCION VII,2025,4,01/07/2025
MCY850101DQA,MUNICIPIO DE CHACSINKIN SIN TIPO DE SOCIEDAD,FRACCION VII,2025,5,01/07/2025
MCO980112TJ0,MUNICIPIO DE COSALA SIN TIPO DE SOCIEDAD,FRACCION VII,2025,3,01/07/2025
MCO980112TJ0,MUNICIPIO DE COSALA SIN TIPO DE SOCIEDAD,FRACCION VII,2025,4,01/07/2025
MCO980112TJ0,MUNICIPIO DE COSALA SIN TIPO DE SOCIEDAD,FRACCION VII,2025,5,01/07/2025
MMN8501015D6,MUNICIPIO DE MONTEMORELOS NL SIN TIPO DE SOCIEDAD,FRACCION VII,2025,3,01/07/2025
MMN8501015D6,MUNICIPIO DE MONTEMORELOS NL SIN TIPO DE SOCIEDAD,FRACCION VII,2025,4,01/07/2025
MCM850101M45,MUNICIPIO DE CHAVINDA MICHOACAN SIN TIPO DE SOCIEDAD,FRACCION VII,2025,4,01/07/2025
MCM850101M45,MUNICIPIO DE CHAVINDA MICHOACAN SIN TIPO DE SOCIEDAD,FRACCION VII,2025,5,01/07/2025
MLP850101CN1,MUNICIPIO DE LAFRAGUA PUEBLA SIN TIPO DE SOCIEDAD,FRACCION VII,2024,12,01/07/2025
MLP850101CN1,MUNICIPIO DE LAFRAGUA PUEBLA SIN TIPO DE SOCIEDAD,FRACCION VII,2025,1,01/07/2025
MLP850101CN1,MUNICIPIO DE LAFRAGUA PUEBLA SIN TIPO DE SOCIEDAD,FRACCION VII,2025,2,01/07/2025
MLP850101CN1,MUNICIPIO DE LAFRAGUA PUEBLA SIN TIPO DE SOCIEDAD,FRACCION VII,2025,3,01/07/2025
MLP850101CN1,MUNICIPIO DE LAFRAGUA PUEBLA SIN TIPO DE SOCIEDAD,FRACCION VII,2025,4,01/07/2025
MLP850101CN1,MUNICIPIO DE LAFRAGUA PUEBLA SIN TIPO DE SOCIEDAD,FRACCION VII,2025,5,01/07/2025
MJP850101AM9,MUNICIPIO DE JONOTLA PUEBLA SIN TIPO DE SOCIEDAD,FRACCION VII,2025,5,01/07/2025
MMO850101PC2,MUNICIPIO DE MORELOS SIN TIPO DE SOCIEDAD,FRACCION VII,2021,9,01/07/2025
MSC850101VB6,MUNICIPIO DE SIMOJOVEL SIN TIPO DE SOCIEDAD,FRACCION VII,2023,2,01/07/2025
MSC850101VB6,MUNICIPIO DE SIMOJOVEL SIN TIPO DE SOCIEDAD,FRACCION VII,2023,3,01/07/2025
MSC850101VB6,MUNICIPIO DE SIMOJOVEL SIN TIPO DE SOCIEDAD,FRACCION VII,2023,4,01/07/2025
MSC850101VB6,MUNICIPIO DE SIMOJOVEL SIN TIPO DE SOCIEDAD,FRACCION VII,2023,5,01/07/2025
MSC850101VB6,MUNICIPIO DE SIMOJOVEL SIN TIPO DE SOCIEDAD,FRACCION VII,2023,6,01/07/2025
MCG850101CE9,MUNICIPIO DE COPANATOYAC GUERRERO SIN TIPO DE SOCIEDAD,FRACCION VII,2025,3,01/07/2025
MCG850101CE9,MUNICIPIO DE COPANATOYAC GUERRERO SIN TIPO DE SOCIEDAD,FRACCION VII,2025,5,01/07/2025
MMT8501017A2,MUNICIPIO DE MAGDALENA TLACOTEPEC SIN TIPO DE SOCIEDAD,FRACCION VII,2025,3,01/07/2025
MMT8501017A2,MUNICIPIO DE MAGDALENA TLACOTEPEC SIN TIPO DE SOCIEDAD,FRACCION VII,2025,4,01/07/2025
MMT8501017A2,MUNICIPIO DE MAGDALENA TLACOTEPEC SIN TIPO DE SOCIEDAD,FRACCION VII,2025,5,01/07/2025
MNV850101AB4,MUNICIPIO DE NAOLINCO VER SIN TIPO DE SOCIEDAD,FRACCION VII,2024,1,01/07/2025
MNV850101AB4,MUNICIPIO DE NAOLINCO VER SIN TIPO DE SOCIEDAD,FRACCION VII,2025,3,01/07/2025
MNV850101AB4,MUNICIPIO DE NAOLINCO VER SIN TIPO DE SOCIEDAD,FRACCION VII,2025,4,01/07/2025
MNV850101AB4,MUNICIPIO DE NAOLINCO VER SIN TIPO DE SOCIEDAD,FRACCION VII,2025,5,01/07/2025
MES8501019G5,MUNICIPIO DE EBANO SLP SIN TIPO DE SOCIEDAD,FRACCION VII,2022,9,01/07/2025
MES8501019G5,MUNICIPIO DE EBANO SLP SIN TIPO DE SOCIEDAD,FRACCION VII,2022,10,01/07/2025
MES8501019G5,MUNICIPIO DE EBANO SLP SIN TIPO DE SOCIEDAD,FRACCION VII,2022,11,01/07/2025
MES8501019G5,MUNICIPIO DE EBANO SLP SIN TIPO DE SOCIEDAD,FRACCION VII,2022,12,01/07/2025
MES8501019G5,MUNICIPIO DE EBANO SLP SIN TIPO DE SOCIEDAD,FRACCION VII,2024,1,01/07/2025
MES8501019G5,MUNICIPIO DE EBANO SLP SIN TIPO DE SOCIEDAD,FRACCION VII,2024,2,01/07/2025
MES8501019G5,MUNICIPIO DE EBANO SLP SIN TIPO DE SOCIEDAD,FRACCION VII,2024,3,01/07/2025
MES8501019G5,MUNICIPIO DE EBANO SLP SIN TIPO DE SOCIEDAD,FRACCION VII,2024,4,01/07/2025
MES8501019G5,MUNICIPIO DE EBANO SLP SIN TIPO DE SOCIEDAD,FRACCION VII,2024,5,01/07/2025
MES8501019G5,MUNICIPIO DE EBANO SLP SIN TIPO DE SOCIEDAD,FRACCION VII,2024,6,01/07/2025
MES8501019G5,MUNICIPIO DE EBANO SLP SIN TIPO DE SOCIEDAD,FRACCION VII,2024,7,01/07/2025
MES8501019G5,MUNICIPIO DE EBANO SLP SIN TIPO DE SOCIEDAD,FRACCION VII,2024,8,01/07/2025
MES8501019G5,MUNICIPIO DE EBANO SLP SIN TIPO DE SOCIEDAD,FRACCION VII,2024,9,01/07/2025
MLM850101312,MUNICIPIO DE LAGUNILLAS MICHOACAN SIN TIPO DE SOCIEDAD,FRACCION VII,2023,1,01/07/2025
MLM850101312,MUNICIPIO DE LAGUNILLAS MICHOACAN SIN TIPO DE SOCIEDAD,FRACCION VII,2023,2,01/07/2025
MLM850101312,MUNICIPIO DE LAGUNILLAS MICHOACAN SIN TIPO DE SOCIEDAD,FRACCION VII,2023,3,01/07/2025
MLM850101312,MUNICIPIO DE LAGUNILLAS MICHOACAN SIN TIPO DE SOCIEDAD,FRACCION VII,2023,4,01/07/2025
MLM850101312,MUNICIPIO DE LAGUNILLAS MICHOACAN SIN TIPO DE SOCIEDAD,FRACCION VII,2023,5,01/07/2025
MLM850101312,MUNICIPIO DE LAGUNILLAS MICHOACAN SIN TIPO DE SOCIEDAD,FRACCION VII,2023,6,01/07/2025
MLM850101312,MUNICIPIO DE LAGUNILLAS MICHOACAN SIN TIPO DE SOCIEDAD,FRACCION VII,2023,7,01/07/2025
MLM850101312,MUNICIPIO DE LAGUNILLAS MICHOACAN SIN TIPO DE SOCIEDAD,FRACCION VII,2023,8,01/07/2025
MLM850101312,MUNICIPIO DE LAGUNILLAS MICHOACAN SIN TIPO DE SOCIEDAD,FRACCION VII,2023,9,01/07/2025
MMB640114IE6,MUNICIPIO DE MEDELLIN DE BRAVO SIN TIPO DE SOCIEDAD,FRACCION VII,2025,3,01/07/2025
MMB640114IE6,MUNICIPIO DE MEDELLIN DE BRAVO SIN TIPO DE SOCIEDAD,FRACCION VII,2025,4,01/07/2025
MMB640114IE6,MUNICIPIO DE MEDELLIN DE BRAVO SIN TIPO DE SOCIEDAD,FRACCION VII,2025,5,01/07/2025
MFV9802012V2,MUNICIPIO DE FLORENCIO VILLARREAL SIN TIPO DE SOCIEDAD,FRACCION VII,2022,12,01/07/2025
MIV430101EA2,MUNICIPIO DE IXMATLAHUACAN VERACRUZ SIN TIPO DE SOCIEDAD,FRACCION VII,2023,5,01/07/2025
MIV430101EA2,MUNICIPIO DE IXMATLAHUACAN VERACRUZ SIN TIPO DE SOCIEDAD,FRACCION VII,2023,6,01/07/2025
MIV430101EA2,MUNICIPIO DE IXMATLAHUACAN VERACRUZ SIN TIPO DE SOCIEDAD,FRACCION VII,2023,7,01/07/2025
MIV430101EA2,MUNICIPIO DE IXMATLAHUACAN VERACRUZ SIN TIPO DE SOCIEDAD,FRACCION VII,2023,8,01/07/2025
MIV430101EA2,MUNICIPIO DE IXMATLAHUACAN VERACRUZ SIN TIPO DE SOCIEDAD,FRACCION VII,2023,9,01/07/2025
MIV430101EA2,MUNICIPIO DE IXMATLAHUACAN VERACRUZ SIN TIPO DE SOCIEDAD,FRACCION VII,2023,10,01/07/2025
MIV430101EA2,MUNICIPIO DE IXMATLAHUACAN VERACRUZ SIN TIPO DE SOCIEDAD,FRACCION VII,2023,11,01/07/2025
MIV430101EA2,MUNICIPIO DE IXMATLAHUACAN VERACRUZ SIN TIPO DE SOCIEDAD,FRACCION VII,2023,12,01/07/2025
MIV430101EA2,MUNICIPIO DE IXMATLAHUACAN VERACRUZ SIN TIPO DE SOCIEDAD,FRACCION VII,2024,1,01/07/2025
MIV430101EA2,MUNICIPIO DE IXMATLAHUACAN VERACRUZ SIN TIPO DE SOCIEDAD,FRACCION VII,2024,2,01/07/2025
MIV430101EA2,MUNICIPIO DE IXMATLAHUACAN VERACRUZ SIN TIPO DE SOCIEDAD,FRACCION VII,2024,3,01/07/2025
MIV430101EA2,MUNICIPIO DE IXMATLAHUACAN VERACRUZ SIN TIPO DE SOCIEDAD,FRACCION VII,2024,4,01/07/2025
MIV430101EA2,MUNICIPIO DE IXMATLAHUACAN VERACRUZ SIN TIPO DE SOCIEDAD,FRACCION VII,2024,5,01/07/2025
MIV430101EA2,MUNICIPIO DE IXMATLAHUACAN VERACRUZ SIN TIPO DE SOCIEDAD,FRACCION VII,2024,6,01/07/2025
MIV430101EA2,MUNICIPIO DE IXMATLAHUACAN VERACRUZ SIN TIPO DE SOCIEDAD,FRACCION VII,2024,7,01/07/2025
MIV430101EA2,MUNICIPIO DE IXMATLAHUACAN VERACRUZ SIN TIPO DE SOCIEDAD,FRACCION VII,2024,8,01/07/2025
MIV430101EA2,MUNICIPIO DE IXMATLAHUACAN VERACRUZ SIN TIPO DE SOCIEDAD,FRACCION VII,2024,9,01/07/2025
MIV430101EA2,MUNICIPIO DE IXMATLAHUACAN VERACRUZ SIN TIPO DE SOCIEDAD,FRACCION VII,2024,10,01/07/2025
MIV430101EA2,MUNICIPIO DE IXMATLAHUACAN VERACRUZ SIN TIPO DE SOCIEDAD,FRACCION VII,2024,11,01/07/2025
MIV430101EA2,MUNICIPIO DE IXMATLAHUACAN VERACRUZ SIN TIPO DE SOCIEDAD,FRACCION VII,2024,12,01/07/2025
MIV430101EA2,MUNICIPIO DE IXMATLAHUACAN VERACRUZ SIN TIPO DE SOCIEDAD,FRACCION VII,2025,1,01/07/2025
MPC980501QB8,MUNICIPIO EL PORVENIR SIN TIPO DE SOCIEDAD,FRACCION VII,2023,9,01/07/2025
MPC980501QB8,MUNICIPIO EL PORVENIR SIN TIPO DE SOCIEDAD,FRACCION VII,2023,10,01/07/2025
MPC980501QB8,MUNICIPIO EL PORVENIR SIN TIPO DE SOCIEDAD,FRACCION VII,2023,11,01/07/2025
MPC980501QB8,MUNICIPIO EL PORVENIR SIN TIPO DE SOCIEDAD,FRACCION VII,2023,12,01/07/2025
MPC980501QB8,MUNICIPIO EL PORVENIR SIN TIPO DE SOCIEDAD,FRACCION VII,2024,1,01/07/2025
MPC980501QB8,MUNICIPIO EL PORVENIR SIN TIPO DE SOCIEDAD,FRACCION VII,2024,2,01/07/2025
MPC980501QB8,MUNICIPIO EL PORVENIR SIN TIPO DE SOCIEDAD,FRACCION VII,2024,3,01/07/2025
MPC980501QB8,MUNICIPIO EL PORVENIR SIN TIPO DE SOCIEDAD,FRACCION VII,2024,4,01/07/2025
MPC980501QB8,MUNICIPIO EL PORVENIR SIN TIPO DE SOCIEDAD,FRACCION VII,2024,5,01/07/2025
MPC980501QB8,MUNICIPIO EL PORVENIR SIN TIPO DE SOCIEDAD,FRACCION VII,2024,6,01/07/2025
MCY850101292,MUNICIPIO DE CHAPAB SIN TIPO DE SOCIEDAD,FRACCION VII,2025,4,01/07/2025
MCY850101292,MUNICIPIO DE CHAPAB SIN TIPO DE SOCIEDAD,FRACCION VII,2025,5,01/07/2025
MLM850101HD2,MUNICIPIO DE LUIS MOYA Z SIN TIPO DE SOCIEDAD,FRACCION VII,2025,3,01/07/2025
MLM850101HD2,MUNICIPIO DE LUIS MOYA Z SIN TIPO DE SOCIEDAD,FRACCION VII,2025,4,01/07/2025
MCY850101SR4,MUNICIPIO DE CHUMAYEL SIN TIPO DE SOCIEDAD,FRACCION VII,2023,7,01/07/2025
MCY850101SR4,MUNICIPIO DE CHUMAYEL SIN TIPO DE SOCIEDAD,FRACCION VII,2023,8,01/07/2025
MNO850101FS1,MUNICIPIO DE NONOAVA SIN TIPO DE SOCIEDAD,FRACCION VII,2025,3,01/07/2025
MCU850101213,MUNICIPIO DE CUSIHUIRIACHI SIN TIPO DE SOCIEDAD,FRACCION VII,2024,9,01/07/2025
MCU850101213,MUNICIPIO DE CUSIHUIRIACHI SIN TIPO DE SOCIEDAD,FRACCION VII,2024,10,01/07/2025
MCU850101213,MUNICIPIO DE CUSIHUIRIACHI SIN TIPO DE SOCIEDAD,FRACCION VII,2024,11,01/07/2025
MCU850101213,MUNICIPIO DE CUSIHUIRIACHI SIN TIPO DE SOCIEDAD,FRACCION VII,2024,12,01/07/2025
MCU850101213,MUNICIPIO DE CUSIHUIRIACHI SIN TIPO DE SOCIEDAD,FRACCION VII,2025,1,01/07/2025
MCU850101213,MUNICIPIO DE CUSIHUIRIACHI SIN TIPO DE SOCIEDAD,FRACCION VII,2025,2,01/07/2025
MCU850101213,MUNICIPIO DE CUSIHUIRIACHI SIN TIPO DE SOCIEDAD,FRACCION VII,2025,3,01/07/2025
MCU850101213,MUNICIPIO DE CUSIHUIRIACHI SIN TIPO DE SOCIEDAD,FRACCION VII,2025,4,01/07/2025
MCU850101213,MUNICIPIO DE CUSIHUIRIACHI SIN TIPO DE SOCIEDAD,FRACCION VII,2025,5,01/07/2025
MCU850101H71,MUNICIPIO DE CHUMATLAN SIN TIPO DE SOCIEDAD,FRACCION VII,2025,4,01/07/2025
MCU850101H71,MUNICIPIO DE CHUMATLAN SIN TIPO DE SOCIEDAD,FRACCION VII,2025,5,01/07/2025
MPM850101LZA,MUNICIPIO DE PARACHO MICHOACAN SIN TIPO DE SOCIEDAD,FRACCION VII,2023,1,01/07/2025
MPM850101LZA,MUNICIPIO DE PARACHO MICHOACAN SIN TIPO DE SOCIEDAD,FRACCION VII,2023,2,01/07/2025
MPM850101LZA,MUNICIPIO DE PARACHO MICHOACAN SIN TIPO DE SOCIEDAD,FRACCION VII,2023,3,01/07/2025
MCY8501012V0,MUNICIPIO DE CUZAMA SIN TIPO DE SOCIEDAD,FRACCION VII,2025,4,01/07/2025
MCY8501012V0,MUNICIPIO DE CUZAMA SIN TIPO DE SOCIEDAD,FRACCION VII,2025,5,01/07/2025
MJF8501019NA,MUNICIPIO DE JUCHIQUE DE FERRER VER SIN TIPO DE SOCIEDAD,FRACCION VII,2024,1,01/07/2025
MJF8501019NA,MUNICIPIO DE JUCHIQUE DE FERRER VER SIN TIPO DE SOCIEDAD,FRACCION VII,2024,2,01/07/2025
MJF8501019NA,MUNICIPIO DE JUCHIQUE DE FERRER VER SIN TIPO DE SOCIEDAD,FRACCION VII,2024,3,01/07/2025
MJF8501019NA,MUNICIPIO DE JUCHIQUE DE FERRER VER SIN TIPO DE SOCIEDAD,FRACCION VII,2024,4,01/07/2025
MJF8501019NA,MUNICIPIO DE JUCHIQUE DE FERRER VER SIN TIPO DE SOCIEDAD,FRACCION VII,2024,5,01/07/2025
MJF8501019NA,MUNICIPIO DE JUCHIQUE DE FERRER VER SIN TIPO DE SOCIEDAD,FRACCION VII,2024,6,01/07/2025
MJF8501019NA,MUNICIPIO DE JUCHIQUE DE FERRER VER SIN TIPO DE SOCIEDAD,FRACCION VII,2024,7,01/07/2025
MJF8501019NA,MUNICIPIO DE JUCHIQUE DE FERRER VER SIN TIPO DE SOCIEDAD,FRACCION VII,2024,8,01/07/2025
MJF8501019NA,MUNICIPIO DE JUCHIQUE DE FERRER VER SIN TIPO DE SOCIEDAD,FRACCION VII,2024,9,01/07/2025
MJF8501019NA,MUNICIPIO DE JUCHIQUE DE FERRER VER SIN TIPO DE SOCIEDAD,FRACCION VII,2024,10,01/07/2025
MJF8501019NA,MUNICIPIO DE JUCHIQUE DE FERRER VER SIN TIPO DE SOCIEDAD,FRACCION VII,2024,11,01/07/2025
MJF8501019NA,MUNICIPIO DE JUCHIQUE DE FERRER VER SIN TIPO DE SOCIEDAD,FRACCION VII,2024,12,01/07/2025
MJF8501019NA,MUNICIPIO DE JUCHIQUE DE FERRER VER SIN TIPO DE SOCIEDAD,FRACCION VII,2025,1,01/07/2025
MJF8501019NA,MUNICIPIO DE JUCHIQUE DE FERRER VER SIN TIPO DE SOCIEDAD,FRACCION VII,2025,2,01/07/2025
MJF8501019NA,MUNICIPIO DE JUCHIQUE DE FERRER VER SIN TIPO DE SOCIEDAD,FRACCION VII,2025,3,01/07/2025
MIV430101EA2,MUNICIPIO DE IXMATLAHUACAN VERACRUZ SIN TIPO DE SOCIEDAD,FRACCION VII,2025,2,01/07/2025
MIV430101EA2,MUNICIPIO DE IXMATLAHUACAN VERACRUZ SIN TIPO DE SOCIEDAD,FRACCION VII,2025,3,01/07/2025
MIV430101EA2,MUNICIPIO DE IXMATLAHUACAN VERACRUZ SIN TIPO DE SOCIEDAD,FRACCION VII,2025,4,01/07/2025
MIV430101EA2,MUNICIPIO DE IXMATLAHUACAN VERACRUZ SIN TIPO DE SOCIEDAD,FRACCION VII,2025,5,01/07/2025
MSE850101IT1,MUNICIPIO DE SANTA ELENA SIN TIPO DE SOCIEDAD,FRACCION VII,2025,3,01/07/2025
MSE850101IT1,MUNICIPIO DE SANTA ELENA SIN TIPO DE SOCIEDAD,FRACCION VII,2025,4,01/07/2025
MSE850101IT1,MUNICIPIO DE SANTA ELENA SIN TIPO DE SOCIEDAD,FRACCION VII,2025,5,01/07/2025
MJA850101JX8,MUNICIPIO DE JANTETELCO SIN TIPO DE SOCIEDAD,FRACCION VII,2025,3,01/07/2025
MJA850101JX8,MUNICIPIO DE JANTETELCO SIN TIPO DE SOCIEDAD,FRACCION VII,2025,4,01/07/2025
MJA850101JX8,MUNICIPIO DE JANTETELCO SIN TIPO DE SOCIEDAD,FRACCION VII,2025,5,01/07/2025
MCG850101279,MUNICIPIO DE CUALAC GUERRERO SIN TIPO DE SOCIEDAD,FRACCION VII,2024,2,01/07/2025
MCG850101279,MUNICIPIO DE CUALAC GUERRERO SIN TIPO DE SOCIEDAD,FRACCION VII,2024,3,01/07/2025
MCG850101279,MUNICIPIO DE CUALAC GUERRERO SIN TIPO DE SOCIEDAD,FRACCION VII,2024,4,01/07/2025
MCG850101279,MUNICIPIO DE CUALAC GUERRERO SIN TIPO DE SOCIEDAD,FRACCION VII,2024,5,01/07/2025
MCG850101279,MUNICIPIO DE CUALAC GUERRERO SIN TIPO DE SOCIEDAD,FRACCION VII,2024,6,01/07/2025
MCG850101279,MUNICIPIO DE CUALAC GUERRERO SIN TIPO DE SOCIEDAD,FRACCION VII,2024,7,01/07/2025
MCG850101279,MUNICIPIO DE CUALAC GUERRERO SIN TIPO DE SOCIEDAD,FRACCION VII,2024,8,01/07/2025
MCG850101279,MUNICIPIO DE CUALAC GUERRERO SIN TIPO DE SOCIEDAD,FRACCION VII,2024,9,01/07/2025
MCG850101279,MUNICIPIO DE CUALAC GUERRERO SIN TIPO DE SOCIEDAD,FRACCION VII,2024,10,01/07/2025
MCG850101279,MUNICIPIO DE CUALAC GUERRERO SIN TIPO DE SOCIEDAD,FRACCION VII,2024,11,01/07/2025
MCG850101279,MUNICIPIO DE CUALAC GUERRERO SIN TIPO DE SOCIEDAD,FRACCION VII,2024,12,01/07/2025
MJF8501019NA,MUNICIPIO DE JUCHIQUE DE FERRER VER SIN TIPO DE SOCIEDAD,FRACCION VII,2025,4,01/07/2025
MMA871001T98,MUNICIPIO DE MATAMOROS SIN TIPO DE SOCIEDAD,FRACCION VII,2025,3,01/07/2025
MMA871001T98,MUNICIPIO DE MATAMOROS SIN TIPO DE SOCIEDAD,FRACCION VII,2025,4,01/07/2025
MMA871001T98,MUNICIPIO DE MATAMOROS SIN TIPO DE SOCIEDAD,FRACCION VII,2025,5,01/07/2025
MSC850101KI6,MUNICIPIO DE SANTA CRUZ XITLA SIN TIPO DE SOCIEDAD,FRACCION VII,2022,7,01/07/2025
MSC850101KI6,MUNICIPIO DE SANTA CRUZ XITLA SIN TIPO DE SOCIEDAD,FRACCION VII,2022,12,01/07/2025
MMY850101284,MUNICIPIO DE MUNA SIN TIPO DE SOCIEDAD,FRACCION VII,2025,3,01/07/2025
MMY850101284,MUNICIPIO DE MUNA SIN TIPO DE SOCIEDAD,FRACCION VII,2025,4,01/07/2025
MMY850101284,MUNICIPIO DE MUNA SIN TIPO DE SOCIEDAD,FRACCION VII,2025,5,01/07/2025
MPA85010194A,MUNICIPIO DE PANUCO SIN TIPO DE SOCIEDAD,FRACCION VII,2024,1,01/07/2025
MPA85010194A,MUNICIPIO DE PANUCO SIN TIPO DE SOCIEDAD,FRACCION VII,2024,6,01/07/2025
MPA85010194A,MUNICIPIO DE PANUCO SIN TIPO DE SOCIEDAD,FRACCION VII,2024,7,01/07/2025
MPA85010194A,MUNICIPIO DE PANUCO SIN TIPO DE SOCIEDAD,FRACCION VII,2024,8,01/07/2025
MPA85010194A,MUNICIPIO DE PANUCO SIN TIPO DE SOCIEDAD,FRACCION VII,2024,9,01/07/2025
MPA85010194A,MUNICIPIO DE PANUCO SIN TIPO DE SOCIEDAD,FRACCION VII,2024,10,01/07/2025
MPA85010194A,MUNICIPIO DE PANUCO SIN TIPO DE SOCIEDAD,FRACCION VII,2024,11,01/07/2025
MPA85010194A,MUNICIPIO DE PANUCO SIN TIPO DE SOCIEDAD,FRACCION VII,2024,12,01/07/2025
MHY850101BY0,MUNICIPIO DE HUHI SIN TIPO DE SOCIEDAD,FRACCION VII,2025,4,01/07/2025
MHY850101BY0,MUNICIPIO DE HUHI SIN TIPO DE SOCIEDAD,FRACCION VII,2025,5,01/07/2025
MSJ850101611,MUNICIPIO DE SAN JUAN BAUTISTA COIXTLAHUACA SIN TIPO DE SOCIEDAD,FRACCION VII,2023,6,01/07/2025
MCM850101AS2,MUNICIPIO DE CHURINTZIO MICHOACAN SIN TIPO DE SOCIEDAD,FRACCION VII,2025,4,01/07/2025
MCM850101AS2,MUNICIPIO DE CHURINTZIO MICHOACAN SIN TIPO DE SOCIEDAD,FRACCION VII,2025,5,01/07/2025
MCP8501015B2,MUNICIPIO DE COYOTEPEC PUEBLA SIN TIPO DE SOCIEDAD,FRACCION VII,2024,11,01/07/2025
MCP8501015B2,MUNICIPIO DE COYOTEPEC PUEBLA SIN TIPO DE SOCIEDAD,FRACCION VII,2024,12,01/07/2025
MCP8501015B2,MUNICIPIO DE COYOTEPEC PUEBLA SIN TIPO DE SOCIEDAD,FRACCION VII,2025,1,01/07/2025
MCP8501015B2,MUNICIPIO DE COYOTEPEC PUEBLA SIN TIPO DE SOCIEDAD,FRACCION VII,2025,2,01/07/2025
MCP8501015B2,MUNICIPIO DE COYOTEPEC PUEBLA SIN TIPO DE SOCIEDAD,FRACCION VII,2025,3,01/07/2025
MCP8501015B2,MUNICIPIO DE COYOTEPEC PUEBLA SIN TIPO DE SOCIEDAD,FRACCION VII,2025,4,01/07/2025
MCP8501015B2,MUNICIPIO DE COYOTEPEC PUEBLA SIN TIPO DE SOCIEDAD,FRACCION VII,2025,5,01/07/2025
MGV850101893,MUNICIPIO DE GUADALUPE VICTORIA PUEBLA SIN TIPO DE SOCIEDAD,FRACCION VII,2025,3,01/07/2025
MGV850101893,MUNICIPIO DE GUADALUPE VICTORIA PUEBLA SIN TIPO DE SOCIEDAD,FRACCION VII,2025,4,01/07/2025
MGV850101893,MUNICIPIO DE GUADALUPE VICTORIA PUEBLA SIN TIPO DE SOCIEDAD,FRACCION VII,2025,5,01/07/2025
MCY8501012V0,MUNICIPIO DE CUZAMA SIN TIPO DE SOCIEDAD,FRACCION VII,2021,9,01/07/2025
MCY8501012V0,MUNICIPIO DE CUZAMA SIN TIPO DE SOCIEDAD,FRACCION VII,2024,1,01/07/2025
MCY8501012V0,MUNICIPIO DE CUZAMA SIN TIPO DE SOCIEDAD,FRACCION VII,2024,2,01/07/2025
MCY8501012V0,MUNICIPIO DE CUZAMA SIN TIPO DE SOCIEDAD,FRACCION VII,2024,3,01/07/2025
MCY8501012V0,MUNICIPIO DE CUZAMA SIN TIPO DE SOCIEDAD,FRACCION VII,2024,4,01/07/2025
MCY8501012V0,MUNICIPIO DE CUZAMA SIN TIPO DE SOCIEDAD,FRACCION VII,2024,5,01/07/2025
MCY8501012V0,MUNICIPIO DE CUZAMA SIN TIPO DE SOCIEDAD,FRACCION VII,2024,6,01/07/2025
MCY8501012V0,MUNICIPIO DE CUZAMA SIN TIPO DE SOCIEDAD,FRACCION VII,2024,7,01/07/2025
MCY8501012V0,MUNICIPIO DE CUZAMA SIN TIPO DE SOCIEDAD,FRACCION VII,2024,8,01/07/2025
MCY8501012V0,MUNICIPIO DE CUZAMA SIN TIPO DE SOCIEDAD,FRACCION VII,2024,11,01/07/2025
MCY8501012V0,MUNICIPIO DE CUZAMA SIN TIPO DE SOCIEDAD,FRACCION VII,2024,12,01/07/2025
MCY8501012V0,MUNICIPIO DE CUZAMA SIN TIPO DE SOCIEDAD,FRACCION VII,2025,2,01/07/2025
MCY8501012V0,MUNICIPIO DE CUZAMA SIN TIPO DE SOCIEDAD,FRACCION VII,2025,3,01/07/2025
MSF8501015W2,MUNICIPIO DE SAN FELIPE USILA SIN TIPO DE SOCIEDAD,FRACCION VII,2023,7,01/07/2025
MED8801013M4,MUNICIPIO DE ENCARNACION DE DIAZ JALISCO SIN TIPO DE SOCIEDAD,FRACCION VII,2024,1,01/07/2025
MED8801013M4,MUNICIPIO DE ENCARNACION DE DIAZ JALISCO SIN TIPO DE SOCIEDAD,FRACCION VII,2024,3,01/07/2025
MNC640916E96,MUNICIPIO DE NACORI CHICO SONORA SIN TIPO DE SOCIEDAD,FRACCION VII,2024,6,01/07/2025
MNC640916E96,MUNICIPIO DE NACORI CHICO SONORA SIN TIPO DE SOCIEDAD,FRACCION VII,2024,8,01/07/2025
MCG850101AD6,MUNICIPIO DE COCULA GUERRERO SIN TIPO DE SOCIEDAD,FRACCION VII,2024,9,01/07/2025
MCS8501011I3,MUNICIPIO DE COXCATLAN SLP SIN TIPO DE SOCIEDAD,FRACCION VII,2025,4,01/07/2025
MCS8501011I3,MUNICIPIO DE COXCATLAN SLP SIN TIPO DE SOCIEDAD,FRACCION VII,2025,5,01/07/2025
MCV850101BV3,MUNICIPIO DE CIUDAD VALLES SLP SIN TIPO DE SOCIEDAD,FRACCION VII,2024,5,01/07/2025
MCV850101BV3,MUNICIPIO DE CIUDAD VALLES SLP SIN TIPO DE SOCIEDAD,FRACCION VII,2024,6,01/07/2025
MND630915U24,MUNICIPIO DE NOMBRE DE DIOS SIN TIPO DE SOCIEDAD,FRACCION VII,2025,3,01/07/2025
MND630915U24,MUNICIPIO DE NOMBRE DE DIOS SIN TIPO DE SOCIEDAD,FRACCION VII,2025,4,01/07/2025
MND630915U24,MUNICIPIO DE NOMBRE DE DIOS SIN TIPO DE SOCIEDAD,FRACCION VII,2025,5,01/07/2025
MLB850101R73,MUNICIPIO DE LEONARDO BRAVO GUERRERO SIN TIPO DE SOCIEDAD,FRACCION VII,2025,4,01/07/2025
MLB850101R73,MUNICIPIO DE LEONARDO BRAVO GUERRERO SIN TIPO DE SOCIEDAD,FRACCION VII,2025,5,01/07/2025
MJM850101P52,MUNICIPIO DE JUNGAPEO MICHOACAN SIN TIPO DE SOCIEDAD,FRACCION VII,2021,3,01/07/2025
MJM850101P52,MUNICIPIO DE JUNGAPEO MICHOACAN SIN TIPO DE SOCIEDAD,FRACCION VII,2021,4,01/07/2025
MED8801013M4,MUNICIPIO DE ENCARNACION DE DIAZ JALISCO SIN TIPO DE SOCIEDAD,FRACCION VII,2024,4,01/07/2025
MED8801013M4,MUNICIPIO DE ENCARNACION DE DIAZ JALISCO SIN TIPO DE SOCIEDAD,FRACCION VII,2024,5,01/07/2025
MMC850101C94,MUNICIPIO DE MARCOS CASTELLANOS SIN TIPO DE SOCIEDAD,FRACCION VII,2025,3,01/07/2025
MMC850101C94,MUNICIPIO DE MARCOS CASTELLANOS SIN TIPO DE SOCIEDAD,FRACCION VII,2025,4,01/07/2025
MMC850101C94,MUNICIPIO DE MARCOS CASTELLANOS SIN TIPO DE SOCIEDAD,FRACCION VII,2025,5,01/07/2025
MGC850101KR8,MUNICIPIO DE GUADALUPE Y CALVO SIN TIPO DE SOCIEDAD,FRACCION VII,2024,3,01/07/2025
MGC850101KR8,MUNICIPIO DE GUADALUPE Y CALVO SIN TIPO DE SOCIEDAD,FRACCION VII,2024,4,01/07/2025
MGC850101KR8,MUNICIPIO DE GUADALUPE Y CALVO SIN TIPO DE SOCIEDAD,FRACCION VII,2024,5,01/07/2025
MGC850101KR8,MUNICIPIO DE GUADALUPE Y CALVO SIN TIPO DE SOCIEDAD,FRACCION VII,2024,6,01/07/2025
MGC850101KR8,MUNICIPIO DE GUADALUPE Y CALVO SIN TIPO DE SOCIEDAD,FRACCION VII,2024,7,01/07/2025
MGC850101KR8,MUNICIPIO DE GUADALUPE Y CALVO SIN TIPO DE SOCIEDAD,FRACCION VII,2024,8,01/07/2025
MGC850101KR8,MUNICIPIO DE GUADALUPE Y CALVO SIN TIPO DE SOCIEDAD,FRACCION VII,2024,9,01/07/2025
MNO850101FS1,MUNICIPIO DE NONOAVA SIN TIPO DE SOCIEDAD,FRACCION VII,2025,4,01/07/2025
MNO850101FS1,MUNICIPIO DE NONOAVA SIN TIPO DE SOCIEDAD,FRACCION VII,2025,5,01/07/2025
MPM850101M88,MUNICIPIO DE PAJACUARAN MICHOACAN SIN TIPO DE SOCIEDAD,FRACCION VII,2024,12,01/07/2025
MLT850101G65,MUNICIPIO DE LERDO DE TEJADA VER SIN TIPO DE SOCIEDAD,FRACCION VII,2025,3,01/07/2025
MLT850101G65,MUNICIPIO DE LERDO DE TEJADA VER SIN TIPO DE SOCIEDAD,FRACCION VII,2025,4,01/07/2025
MLT850101G65,MUNICIPIO DE LERDO DE TEJADA VER SIN TIPO DE SOCIEDAD,FRACCION VII,2025,5,01/07/2025
MCG850101AD6,MUNICIPIO DE COCULA GUERRERO SIN TIPO DE SOCIEDAD,FRACCION VII,2020,12,01/07/2025
MCG850101AD6,MUNICIPIO DE COCULA GUERRERO SIN TIPO DE SOCIEDAD,FRACCION VII,2021,1,01/07/2025
MCG850101AD6,MUNICIPIO DE COCULA GUERRERO SIN TIPO DE SOCIEDAD,FRACCION VII,2021,2,01/07/2025
MCG850101AD6,MUNICIPIO DE COCULA GUERRERO SIN TIPO DE SOCIEDAD,FRACCION VII,2021,3,01/07/2025
MCG850101AD6,MUNICIPIO DE COCULA GUERRERO SIN TIPO DE SOCIEDAD,FRACCION VII,2021,4,01/07/2025
MCG850101AD6,MUNICIPIO DE COCULA GUERRERO SIN TIPO DE SOCIEDAD,FRACCION VII,2021,5,01/07/2025
MCG850101AD6,MUNICIPIO DE COCULA GUERRERO SIN TIPO DE SOCIEDAD,FRACCION VII,2021,6,01/07/2025
MCG850101AD6,MUNICIPIO DE COCULA GUERRERO SIN TIPO DE SOCIEDAD,FRACCION VII,2021,7,01/07/2025
MCG850101AD6,MUNICIPIO DE COCULA GUERRERO SIN TIPO DE SOCIEDAD,FRACCION VII,2021,8,01/07/2025
MJM850101P52,MUNICIPIO DE JUNGAPEO MICHOACAN SIN TIPO DE SOCIEDAD,FRACCION VII,2025,3,01/07/2025
MJM850101P52,MUNICIPIO DE JUNGAPEO MICHOACAN SIN TIPO DE SOCIEDAD,FRACCION VII,2025,4,01/07/2025
MJM850101P52,MUNICIPIO DE JUNGAPEO MICHOACAN SIN TIPO DE SOCIEDAD,FRACCION VII,2025,5,01/07/2025
MPM850101LZA,MUNICIPIO DE PARACHO MICHOACAN SIN TIPO DE SOCIEDAD,FRACCION VII,2024,8,01/07/2025
MPM850101LZA,MUNICIPIO DE PARACHO MICHOACAN SIN TIPO DE SOCIEDAD,FRACCION VII,2024,9,01/07/2025
MPM850101LZA,MUNICIPIO DE PARACHO MICHOACAN SIN TIPO DE SOCIEDAD,FRACCION VII,2024,10,01/07/2025
MPM850101LZA,MUNICIPIO DE PARACHO MICHOACAN SIN TIPO DE SOCIEDAD,FRACCION VII,2025,2,01/07/2025
MPM850101LZA,MUNICIPIO DE PARACHO MICHOACAN SIN TIPO DE SOCIEDAD,FRACCION VII,2025,3,01/07/2025
MPM850101LZA,MUNICIPIO DE PARACHO MICHOACAN SIN TIPO DE SOCIEDAD,FRACCION VII,2025,4,01/07/2025
MPM850101LZA,MUNICIPIO DE PARACHO MICHOACAN SIN TIPO DE SOCIEDAD,FRACCION VII,2025,5,01/07/2025
MTY850101179,MUNICIPIO DE TIXMEHUAC SIN TIPO DE SOCIEDAD,FRACCION VII,2025,3,01/07/2025
MTY850101179,MUNICIPIO DE TIXMEHUAC SIN TIPO DE SOCIEDAD,FRACCION VII,2025,4,01/07/2025
MTY850101179,MUNICIPIO DE TIXMEHUAC SIN TIPO DE SOCIEDAD,FRACCION VII,2025,5,01/07/2025
MPM850101M88,MUNICIPIO DE PAJACUARAN MICHOACAN SIN TIPO DE SOCIEDAD,FRACCION VII,2025,1,01/07/2025
MPM850101M88,MUNICIPIO DE PAJACUARAN MICHOACAN SIN TIPO DE SOCIEDAD,FRACCION VII,2025,2,01/07/2025
MPM850101M88,MUNICIPIO DE PAJACUARAN MICHOACAN SIN TIPO DE SOCIEDAD,FRACCION VII,2025,3,01/07/2025
MPM850101M88,MUNICIPIO DE PAJACUARAN MICHOACAN SIN TIPO DE SOCIEDAD,FRACCION VII,2025,4,01/07/2025
MPM850101M88,MUNICIPIO DE PAJACUARAN MICHOACAN SIN TIPO DE SOCIEDAD,FRACCION VII,2025,5,01/07/2025
MHP930215EC8,MUNICIPIO DE HONEY PUEBLA SIN TIPO DE SOCIEDAD,FRACCION VII,2024,7,01/07/2025
MHP930215EC8,MUNICIPIO DE HONEY PUEBLA SIN TIPO DE SOCIEDAD,FRACCION VII,2024,8,01/07/2025
MHP930215EC8,MUNICIPIO DE HONEY PUEBLA SIN TIPO DE SOCIEDAD,FRACCION VII,2024,9,01/07/2025
MHP930215EC8,MUNICIPIO DE HONEY PUEBLA SIN TIPO DE SOCIEDAD,FRACCION VII,2024,10,01/07/2025
MRP6001019V6,MUNICIPIO DE RIVA PALACIO SIN TIPO DE SOCIEDAD,FRACCION VII,2020,12,01/07/2025
MRP6001019V6,MUNICIPIO DE RIVA PALACIO SIN TIPO DE SOCIEDAD,FRACCION VII,2021,1,01/07/2025
MGS850101AI9,MUNICIPIO DE GUADALCAZAR SLP SIN TIPO DE SOCIEDAD,FRACCION VII,2022,10,01/07/2025
MGS850101AI9,MUNICIPIO DE GUADALCAZAR SLP SIN TIPO DE SOCIEDAD,FRACCION VII,2022,11,01/07/2025
MGS850101AI9,MUNICIPIO DE GUADALCAZAR SLP SIN TIPO DE SOCIEDAD,FRACCION VII,2022,12,01/07/2025
MGS850101AI9,MUNICIPIO DE GUADALCAZAR SLP SIN TIPO DE SOCIEDAD,FRACCION VII,2023,1,01/07/2025
MGS850101AI9,MUNICIPIO DE GUADALCAZAR SLP SIN TIPO DE SOCIEDAD,FRACCION VII,2023,2,01/07/2025
MGS850101AI9,MUNICIPIO DE GUADALCAZAR SLP SIN TIPO DE SOCIEDAD,FRACCION VII,2023,3,01/07/2025
MGS850101AI9,MUNICIPIO DE GUADALCAZAR SLP SIN TIPO DE SOCIEDAD,FRACCION VII,2023,4,01/07/2025
MGS850101AI9,MUNICIPIO DE GUADALCAZAR SLP SIN TIPO DE SOCIEDAD,FRACCION VII,2023,5,01/07/2025
MGS850101AI9,MUNICIPIO DE GUADALCAZAR SLP SIN TIPO DE SOCIEDAD,FRACCION VII,2023,6,01/07/2025
MGS850101AI9,MUNICIPIO DE GUADALCAZAR SLP SIN TIPO DE SOCIEDAD,FRACCION VII,2023,7,01/07/2025
MGS850101AI9,MUNICIPIO DE GUADALCAZAR SLP SIN TIPO DE SOCIEDAD,FRACCION VII,2023,8,01/07/2025
MGS850101AI9,MUNICIPIO DE GUADALCAZAR SLP SIN TIPO DE SOCIEDAD,FRACCION VII,2023,9,01/07/2025
MGS850101AI9,MUNICIPIO DE GUADALCAZAR SLP SIN TIPO DE SOCIEDAD,FRACCION VII,2023,10,01/07/2025
MGS850101AI9,MUNICIPIO DE GUADALCAZAR SLP SIN TIPO DE SOCIEDAD,FRACCION VII,2023,11,01/07/2025
MGS850101AI9,MUNICIPIO DE GUADALCAZAR SLP SIN TIPO DE SOCIEDAD,FRACCION VII,2023,12,01/07/2025
MGS850101AI9,MUNICIPIO DE GUADALCAZAR SLP SIN TIPO DE SOCIEDAD,FRACCION VII,2024,1,01/07/2025
MLB850101R73,MUNICIPIO DE LEONARDO BRAVO GUERRERO SIN TIPO DE SOCIEDAD,FRACCION VII,2025,3,01/07/2025
MMC990728UTA,MUNICIPIO DE MONTECRISTO DE GUERRERO SIN TIPO DE SOCIEDAD,FRACCION VII,2021,9,01/07/2025
MMJ850101FGA,MUNICIPIO DE MAZAPILTEPEC DE JUAREZ PUE SIN TIPO DE SOCIEDAD,FRACCION VII,2025,3,01/07/2025
MMJ850101FGA,MUNICIPIO DE MAZAPILTEPEC DE JUAREZ PUE SIN TIPO DE SOCIEDAD,FRACCION VII,2025,4,01/07/2025
MMJ850101FGA,MUNICIPIO DE MAZAPILTEPEC DE JUAREZ PUE SIN TIPO DE SOCIEDAD,FRACCION VII,2025,5,01/07/2025
UTM150602EW2,UNIVERSIDAD TECNOLOGICA DEL MAR DEL ESTADO DE GUERRERO SIN TIPO DE SOCIEDAD,FRACCION VII,2024,10,01/07/2025
UTM150602EW2,UNIVERSIDAD TECNOLOGICA DEL MAR DEL ESTADO DE GUERRERO SIN TIPO DE SOCIEDAD,FRACCION VII,2024,11,01/07/2025
UTM150602EW2,UNIVERSIDAD TECNOLOGICA DEL MAR DEL ESTADO DE GUERRERO SIN TIPO DE SOCIEDAD,FRACCION VII,2024,12,01/07/2025
UTM150602EW2,UNIVERSIDAD TECNOLOGICA DEL MAR DEL ESTADO DE GUERRERO SIN TIPO DE SOCIEDAD,FRACCION VII,2025,1,01/07/2025
UTM150602EW2,UNIVERSIDAD TECNOLOGICA DEL MAR DEL ESTADO DE GUERRERO SIN TIPO DE SOCIEDAD,FRACCION VII,2025,2,01/07/2025
MTY8501013V8,MUNICIPIO DE TEKAX YUCATAN SIN TIPO DE SOCIEDAD,FRACCION VII,2024,2,01/07/2025
MTY8501013V8,MUNICIPIO DE TEKAX YUCATAN SIN TIPO DE SOCIEDAD,FRACCION VII,2024,3,01/07/2025
MTY8501013V8,MUNICIPIO DE TEKAX YUCATAN SIN TIPO DE SOCIEDAD,FRACCION VII,2024,4,01/07/2025
MTY8501013V8,MUNICIPIO DE TEKAX YUCATAN SIN TIPO DE SOCIEDAD,FRACCION VII,2024,5,01/07/2025
MTY8501013V8,MUNICIPIO DE TEKAX YUCATAN SIN TIPO DE SOCIEDAD,FRACCION VII,2024,6,01/07/2025
MTY8501013V8,MUNICIPIO DE TEKAX YUCATAN SIN TIPO DE SOCIEDAD,FRACCION VII,2024,7,01/07/2025
MTY8501013V8,MUNICIPIO DE TEKAX YUCATAN SIN TIPO DE SOCIEDAD,FRACCION VII,2024,8,01/07/2025
MCR681010JK2,MUNICIPIO DE LA CRUZ SIN TIPO DE SOCIEDAD,FRACCION VII,2023,1,01/07/2025
MPC980501QB8,MUNICIPIO EL PORVENIR SIN TIPO DE SOCIEDAD,FRACCION VII,2024,7,01/07/2025
MPC980501QB8,MUNICIPIO EL PORVENIR SIN TIPO DE SOCIEDAD,FRACCION VII,2024,8,01/07/2025
MPC980501QB8,MUNICIPIO EL PORVENIR SIN TIPO DE SOCIEDAD,FRACCION VII,2024,9,01/07/2025
MNF850101I23,MUNICIPIO DE NICOLAS FLORES SIN TIPO DE SOCIEDAD,FRACCION VII,2022,1,01/07/2025
MNF850101I23,MUNICIPIO DE NICOLAS FLORES SIN TIPO DE SOCIEDAD,FRACCION VII,2022,2,01/07/2025
MNF850101I23,MUNICIPIO DE NICOLAS FLORES SIN TIPO DE SOCIEDAD,FRACCION VII,2022,3,01/07/2025
MNF850101I23,MUNICIPIO DE NICOLAS FLORES SIN TIPO DE SOCIEDAD,FRACCION VII,2022,4,01/07/2025
MNF850101I23,MUNICIPIO DE NICOLAS FLORES SIN TIPO DE SOCIEDAD,FRACCION VII,2022,5,01/07/2025
MNF850101I23,MUNICIPIO DE NICOLAS FLORES SIN TIPO DE SOCIEDAD,FRACCION VII,2022,6,01/07/2025
MNF850101I23,MUNICIPIO DE NICOLAS FLORES SIN TIPO DE SOCIEDAD,FRACCION VII,2022,7,01/07/2025
MNF850101I23,MUNICIPIO DE NICOLAS FLORES SIN TIPO DE SOCIEDAD,FRACCION VII,2022,8,01/07/2025
MNF850101I23,MUNICIPIO DE NICOLAS FLORES SIN TIPO DE SOCIEDAD,FRACCION VII,2022,9,01/07/2025
MNF850101I23,MUNICIPIO DE NICOLAS FLORES SIN TIPO DE SOCIEDAD,FRACCION VII,2022,10,01/07/2025
MNF850101I23,MUNICIPIO DE NICOLAS FLORES SIN TIPO DE SOCIEDAD,FRACCION VII,2022,11,01/07/2025
MNF850101I23,MUNICIPIO DE NICOLAS FLORES SIN TIPO DE SOCIEDAD,FRACCION VII,2022,12,01/07/2025
MNF850101I23,MUNICIPIO DE NICOLAS FLORES SIN TIPO DE SOCIEDAD,FRACCION VII,2024,1,01/07/2025
MNF850101I23,MUNICIPIO DE NICOLAS FLORES SIN TIPO DE SOCIEDAD,FRACCION VII,2024,2,01/07/2025
MNF850101I23,MUNICIPIO DE NICOLAS FLORES SIN TIPO DE SOCIEDAD,FRACCION VII,2024,3,01/07/2025
MNF850101I23,MUNICIPIO DE NICOLAS FLORES SIN TIPO DE SOCIEDAD,FRACCION VII,2024,4,01/07/2025
MNF850101I23,MUNICIPIO DE NICOLAS FLORES SIN TIPO DE SOCIEDAD,FRACCION VII,2024,5,01/07/2025
MNF850101I23,MUNICIPIO DE NICOLAS FLORES SIN TIPO DE SOCIEDAD,FRACCION VII,2024,6,01/07/2025
MNF850101I23,MUNICIPIO DE NICOLAS FLORES SIN TIPO DE SOCIEDAD,FRACCION VII,2024,7,01/07/2025
MNF850101I23,MUNICIPIO DE NICOLAS FLORES SIN TIPO DE SOCIEDAD,FRACCION VII,2024,8,01/07/2025
MNF850101I23,MUNICIPIO DE NICOLAS FLORES SIN TIPO DE SOCIEDAD,FRACCION VII,2024,9,01/07/2025
MNF850101I23,MUNICIPIO DE NICOLAS FLORES SIN TIPO DE SOCIEDAD,FRACCION VII,2024,10,01/07/2025
MNF850101I23,MUNICIPIO DE NICOLAS FLORES SIN TIPO DE SOCIEDAD,FRACCION VII,2024,11,01/07/2025
MNF850101I23,MUNICIPIO DE NICOLAS FLORES SIN TIPO DE SOCIEDAD,FRACCION VII,2024,12,01/07/2025
MNF850101I23,MUNICIPIO DE NICOLAS FLORES SIN TIPO DE SOCIEDAD,FRACCION VII,2025,3,01/07/2025
MNF850101I23,MUNICIPIO DE NICOLAS FLORES SIN TIPO DE SOCIEDAD,FRACCION VII,2025,4,01/07/2025
MLM850101HD2,MUNICIPIO DE LUIS MOYA Z SIN TIPO DE SOCIEDAD,FRACCION VII,2025,5,01/07/2025
MLB980520QB1,MUNICIPIO DE LORETO BCS SIN TIPO DE SOCIEDAD,FRACCION VII,2023,9,01/07/2025
MLB980520QB1,MUNICIPIO DE LORETO BCS SIN TIPO DE SOCIEDAD,FRACCION VII,2023,10,01/07/2025
MLB980520QB1,MUNICIPIO DE LORETO BCS SIN TIPO DE SOCIEDAD,FRACCION VII,2023,11,01/07/2025
MLB980520QB1,MUNICIPIO DE LORETO BCS SIN TIPO DE SOCIEDAD,FRACCION VII,2023,12,01/07/2025
MLB980520QB1,MUNICIPIO DE LORETO BCS SIN TIPO DE SOCIEDAD,FRACCION VII,2024,1,01/07/2025
MLB980520QB1,MUNICIPIO DE LORETO BCS SIN TIPO DE SOCIEDAD,FRACCION VII,2024,2,01/07/2025
MLB980520QB1,MUNICIPIO DE LORETO BCS SIN TIPO DE SOCIEDAD,FRACCION VII,2024,3,01/07/2025
MLB980520QB1,MUNICIPIO DE LORETO BCS SIN TIPO DE SOCIEDAD,FRACCION VII,2024,4,01/07/2025
MLB980520QB1,MUNICIPIO DE LORETO BCS SIN TIPO DE SOCIEDAD,FRACCION VII,2024,5,01/07/2025
MSF8501015Y9,MUNICIPIO DE SAN FRANCISCO DE BORJA SIN TIPO DE SOCIEDAD,FRACCION VII,2025,4,01/07/2025
MSF8501015Y9,MUNICIPIO DE SAN FRANCISCO DE BORJA SIN TIPO DE SOCIEDAD,FRACCION VII,2025,5,01/07/2025
MSA850101TC8,MUNICIPIO DE SAN ANDRES IXTLAHUACA SIN TIPO DE SOCIEDAD,FRACCION VII,2025,5,01/07/2025
MNF850101I23,MUNICIPIO DE NICOLAS FLORES SIN TIPO DE SOCIEDAD,FRACCION VII,2025,5,01/07/2025
MRP6001019V6,MUNICIPIO DE RIVA PALACIO SIN TIPO DE SOCIEDAD,FRACCION VII,2021,2,01/07/2025
MRP6001019V6,MUNICIPIO DE RIVA PALACIO SIN TIPO DE SOCIEDAD,FRACCION VII,2021,8,01/07/2025
MNO850101CP5,MUNICIPIO DE SANTIAGO NILTEPEC SIN TIPO DE SOCIEDAD,FRACCION VII,2021,11,01/07/2025
MNO850101CP5,MUNICIPIO DE SANTIAGO NILTEPEC SIN TIPO DE SOCIEDAD,FRACCION VII,2021,12,01/07/2025
MNM850101TP3,MUNICIPIO DE NOCUPETARO MICH SIN TIPO DE SOCIEDAD,FRACCION VII,2025,5,01/07/2025
MNS941202UQ9,MUNICIPIO DE EL NARANJO SLP SIN TIPO DE SOCIEDAD,FRACCION VII,2023,11,01/07/2025
MPH850101UL5,MUNICIPIO DE PLUMA HIDALGO SIN TIPO DE SOCIEDAD,FRACCION VII,2023,12,01/07/2025
MMN8501015Y6,MUNICIPIO DE MIER Y NORIEGA NL SIN TIPO DE SOCIEDAD,FRACCION VII,2025,3,01/07/2025
MMN8501015Y6,MUNICIPIO DE MIER Y NORIEGA NL SIN TIPO DE SOCIEDAD,FRACCION VII,2025,4,01/07/2025
MMN8501015Y6,MUNICIPIO DE MIER Y NORIEGA NL SIN TIPO DE SOCIEDAD,FRACCION VII,2025,5,01/07/2025
MCZ85010182A,MUNICIPIO DE CAMERINO Z MENDOZA VER SIN TIPO DE SOCIEDAD,FRACCION VII,2025,3,01/07/2025
MCZ85010182A,MUNICIPIO DE CAMERINO Z MENDOZA VER SIN TIPO DE SOCIEDAD,FRACCION VII,2025,4,01/07/2025
MCZ85010182A,MUNICIPIO DE CAMERINO Z MENDOZA VER SIN TIPO DE SOCIEDAD,FRACCION VII,2025,5,01/07/2025
MTV850101M1A,MUNICIPIO DE TEKAL DE VENEGAS SIN TIPO DE SOCIEDAD,FRACCION VII,2024,10,01/07/2025
MMZ8501018G4,MUNICIPIO DE MAGDALENA ZAHUATLAN SIN TIPO DE SOCIEDAD,FRACCION VII,2024,12,01/07/2025
MIC250101DJ2,MUNICIPIO DE IXHUATLAN DEL CAFE VER SIN TIPO DE SOCIEDAD,FRACCION VII,2025,4,01/07/2025
MIC250101DJ2,MUNICIPIO DE IXHUATLAN DEL CAFE VER SIN TIPO DE SOCIEDAD,FRACCION VII,2025,5,01/07/2025
MNS941202UQ9,MUNICIPIO DE EL NARANJO SLP SIN TIPO DE SOCIEDAD,FRACCION VII,2022,6,01/07/2025
MNS941202UQ9,MUNICIPIO DE EL NARANJO SLP SIN TIPO DE SOCIEDAD,FRACCION VII,2022,7,01/07/2025
MSA8501016L7,MUNICIPIO DE SAN ANDRES LAGUNAS SIN TIPO DE SOCIEDAD,FRACCION VII,2025,3,01/07/2025
MSA8501011U2,MUNICIPIO DE SAN ANDRES CABECERA NUEVA SIN TIPO DE SOCIEDAD,FRACCION VII,2025,5,01/07/2025
MGC850101KR8,MUNICIPIO DE GUADALUPE Y CALVO SIN TIPO DE SOCIEDAD,FRACCION VII,2024,1,01/07/2025
MGC850101KR8,MUNICIPIO DE GUADALUPE Y CALVO SIN TIPO DE SOCIEDAD,FRACCION VII,2024,2,01/07/2025
MCR681010JK2,MUNICIPIO DE LA CRUZ SIN TIPO DE SOCIEDAD,FRACCION VII,2022,9,01/07/2025
MLU020101R52,MUNICIPIO DE LUVIANOS SIN TIPO DE SOCIEDAD,FRACCION VII,2021,1,01/07/2025
MLU020101R52,MUNICIPIO DE LUVIANOS SIN TIPO DE SOCIEDAD,FRACCION VII,2021,2,01/07/2025
MLU020101R52,MUNICIPIO DE LUVIANOS SIN TIPO DE SOCIEDAD,FRACCION VII,2021,3,01/07/2025
MLU020101R52,MUNICIPIO DE LUVIANOS SIN TIPO DE SOCIEDAD,FRACCION VII,2021,4,01/07/2025
MLU020101R52,MUNICIPIO DE LUVIANOS SIN TIPO DE SOCIEDAD,FRACCION VII,2021,5,01/07/2025
MHS850101F67,MUNICIPIO DE HUITZILAN DE SERDAN PUEBLA SIN TIPO DE SOCIEDAD,FRACCION VII,2023,9,01/07/2025
MHS850101F67,MUNICIPIO DE HUITZILAN DE SERDAN PUEBLA SIN TIPO DE SOCIEDAD,FRACCION VII,2023,11,01/07/2025
MHS850101F67,MUNICIPIO DE HUITZILAN DE SERDAN PUEBLA SIN TIPO DE SOCIEDAD,FRACCION VII,2023,12,01/07/2025
MHS850101F67,MUNICIPIO DE HUITZILAN DE SERDAN PUEBLA SIN TIPO DE SOCIEDAD,FRACCION VII,2024,3,01/07/2025
MHS850101F67,MUNICIPIO DE HUITZILAN DE SERDAN PUEBLA SIN TIPO DE SOCIEDAD,FRACCION VII,2024,4,01/07/2025
MHS850101F67,MUNICIPIO DE HUITZILAN DE SERDAN PUEBLA SIN TIPO DE SOCIEDAD,FRACCION VII,2024,6,01/07/2025
MHS850101F67,MUNICIPIO DE HUITZILAN DE SERDAN PUEBLA SIN TIPO DE SOCIEDAD,FRACCION VII,2024,7,01/07/2025
MHS850101F67,MUNICIPIO DE HUITZILAN DE SERDAN PUEBLA SIN TIPO DE SOCIEDAD,FRACCION VII,2024,8,01/07/2025
MHS850101F67,MUNICIPIO DE HUITZILAN DE SERDAN PUEBLA SIN TIPO DE SOCIEDAD,FRACCION VII,2024,9,01/07/2025
MSC850101K68,MUNICIPIO DE SANTA CRUZ ACATEPEC SIN TIPO DE SOCIEDAD,FRACCION VII,2023,4,01/07/2025
MSC850101K68,MUNICIPIO DE SANTA CRUZ ACATEPEC SIN TIPO DE SOCIEDAD,FRACCION VII,2023,5,01/07/2025
MSC850101K68,MUNICIPIO DE SANTA CRUZ ACATEPEC SIN TIPO DE SOCIEDAD,FRACCION VII,2023,6,01/07/2025
MSC850101K68,MUNICIPIO DE SANTA CRUZ ACATEPEC SIN TIPO DE SOCIEDAD,FRACCION VII,2023,7,01/07/2025
MSC850101K68,MUNICIPIO DE SANTA CRUZ ACATEPEC SIN TIPO DE SOCIEDAD,FRACCION VII,2023,9,01/07/2025
MSC850101K68,MUNICIPIO DE SANTA CRUZ ACATEPEC SIN TIPO DE SOCIEDAD,FRACCION VII,2023,10,01/07/2025
MSC850101K68,MUNICIPIO DE SANTA CRUZ ACATEPEC SIN TIPO DE SOCIEDAD,FRACCION VII,2023,11,01/07/2025
MSC850101K68,MUNICIPIO DE SANTA CRUZ ACATEPEC SIN TIPO DE SOCIEDAD,FRACCION VII,2023,12,01/07/2025
MSC850101K68,MUNICIPIO DE SANTA CRUZ ACATEPEC SIN TIPO DE SOCIEDAD,FRACCION VII,2024,1,01/07/2025
MSC850101K68,MUNICIPIO DE SANTA CRUZ ACATEPEC SIN TIPO DE SOCIEDAD,FRACCION VII,2024,2,01/07/2025
MSC850101K68,MUNICIPIO DE SANTA CRUZ ACATEPEC SIN TIPO DE SOCIEDAD,FRACCION VII,2024,3,01/07/2025
MSC850101K68,MUNICIPIO DE SANTA CRUZ ACATEPEC SIN TIPO DE SOCIEDAD,FRACCION VII,2024,4,01/07/2025
MSC850101K68,MUNICIPIO DE SANTA CRUZ ACATEPEC SIN TIPO DE SOCIEDAD,FRACCION VII,2025,1,01/07/2025
MLB980520QB1,MUNICIPIO DE LORETO BCS SIN TIPO DE SOCIEDAD,FRACCION VII,2024,6,01/07/2025
MLB980520QB1,MUNICIPIO DE LORETO BCS SIN TIPO DE SOCIEDAD,FRACCION VII,2024,7,01/07/2025
MLB980520QB1,MUNICIPIO DE LORETO BCS SIN TIPO DE SOCIEDAD,FRACCION VII,2024,8,01/07/2025
MLB980520QB1,MUNICIPIO DE LORETO BCS SIN TIPO DE SOCIEDAD,FRACCION VII,2024,10,01/07/2025
MLB980520QB1,MUNICIPIO DE LORETO BCS SIN TIPO DE SOCIEDAD,FRACCION VII,2024,11,01/07/2025
MLB980520QB1,MUNICIPIO DE LORETO BCS SIN TIPO DE SOCIEDAD,FRACCION VII,2025,3,01/07/2025
MLB980520QB1,MUNICIPIO DE LORETO BCS SIN TIPO DE SOCIEDAD,FRACCION VII,2025,4,01/07/2025
MLB980520QB1,MUNICIPIO DE LORETO BCS SIN TIPO DE SOCIEDAD,FRACCION VII,2025,5,01/07/2025
MMI8501017L1,MUNICIPIO DE MIACATLAN SIN TIPO DE SOCIEDAD,FRACCION VII,2021,12,01/07/2025
MNS941202UQ9,MUNICIPIO DE EL NARANJO SLP SIN TIPO DE SOCIEDAD,FRACCION VII,2022,1,01/07/2025
MNS941202UQ9,MUNICIPIO DE EL NARANJO SLP SIN TIPO DE SOCIEDAD,FRACCION VII,2022,2,01/07/2025
MNS941202UQ9,MUNICIPIO DE EL NARANJO SLP SIN TIPO DE SOCIEDAD,FRACCION VII,2022,3,01/07/2025
MRG850101JN3,MUNICIPIO DE RIO GRANDE ZAC SIN TIPO DE SOCIEDAD,FRACCION VII,2025,3,01/07/2025
MRG850101JN3,MUNICIPIO DE RIO GRANDE ZAC SIN TIPO DE SOCIEDAD,FRACCION VII,2025,4,01/07/2025
MRG850101JN3,MUNICIPIO DE RIO GRANDE ZAC SIN TIPO DE SOCIEDAD,FRACCION VII,2025,5,01/07/2025
PMS850101K78,PRESIDENCIA MUNICIPAL DE SAN JUAN DE GUADALUPE DGO SIN TIPO DE SOCIEDAD,FRACCION VII,2025,3,01/07/2025
PMS850101K78,PRESIDENCIA MUNICIPAL DE SAN JUAN DE GUADALUPE DGO SIN TIPO DE SOCIEDAD,FRACCION VII,2025,4,01/07/2025
PMS850101K78,PRESIDENCIA MUNICIPAL DE SAN JUAN DE GUADALUPE DGO SIN TIPO DE SOCIEDAD,FRACCION VII,2025,5,01/07/2025
MTY850101DJ4,MUNICIPIO DE TEKANTO SIN TIPO DE SOCIEDAD,FRACCION VII,2024,8,01/07/2025
MUH8501013N8,MUNICIPIO DE UNION HIDALGO SIN TIPO DE SOCIEDAD,FRACCION VII,2022,12,01/07/2025
MUH8501013N8,MUNICIPIO DE UNION HIDALGO SIN TIPO DE SOCIEDAD,FRACCION VII,2023,1,01/07/2025
MUH8501013N8,MUNICIPIO DE UNION HIDALGO SIN TIPO DE SOCIEDAD,FRACCION VII,2023,2,01/07/2025
MUH8501013N8,MUNICIPIO DE UNION HIDALGO SIN TIPO DE SOCIEDAD,FRACCION VII,2023,3,01/07/2025
MUH8501013N8,MUNICIPIO DE UNION HIDALGO SIN TIPO DE SOCIEDAD,FRACCION VII,2023,4,01/07/2025
MUH8501013N8,MUNICIPIO DE UNION HIDALGO SIN TIPO DE SOCIEDAD,FRACCION VII,2023,5,01/07/2025
MUH8501013N8,MUNICIPIO DE UNION HIDALGO SIN TIPO DE SOCIEDAD,FRACCION VII,2023,6,01/07/2025
MUH8501013N8,MUNICIPIO DE UNION HIDALGO SIN TIPO DE SOCIEDAD,FRACCION VII,2023,7,01/07/2025
MUH8501013N8,MUNICIPIO DE UNION HIDALGO SIN TIPO DE SOCIEDAD,FRACCION VII,2023,8,01/07/2025
MUH8501013N8,MUNICIPIO DE UNION HIDALGO SIN TIPO DE SOCIEDAD,FRACCION VII,2023,9,01/07/2025
MUH8501013N8,MUNICIPIO DE UNION HIDALGO SIN TIPO DE SOCIEDAD,FRACCION VII,2023,10,01/07/2025
MUH8501013N8,MUNICIPIO DE UNION HIDALGO SIN TIPO DE SOCIEDAD,FRACCION VII,2023,11,01/07/2025
MUH8501013N8,MUNICIPIO DE UNION HIDALGO SIN TIPO DE SOCIEDAD,FRACCION VII,2023,12,01/07/2025
MUH8501013N8,MUNICIPIO DE UNION HIDALGO SIN TIPO DE SOCIEDAD,FRACCION VII,2024,1,01/07/2025
MUH8501013N8,MUNICIPIO DE UNION HIDALGO SIN TIPO DE SOCIEDAD,FRACCION VII,2024,2,01/07/2025
MUH8501013N8,MUNICIPIO DE UNION HIDALGO SIN TIPO DE SOCIEDAD,FRACCION VII,2024,3,01/07/2025
MUH8501013N8,MUNICIPIO DE UNION HIDALGO SIN TIPO DE SOCIEDAD,FRACCION VII,2024,4,01/07/2025
MUH8501013N8,MUNICIPIO DE UNION HIDALGO SIN TIPO DE SOCIEDAD,FRACCION VII,2024,5,01/07/2025
MUH8501013N8,MUNICIPIO DE UNION HIDALGO SIN TIPO DE SOCIEDAD,FRACCION VII,2024,6,01/07/2025
MUH8501013N8,MUNICIPIO DE UNION HIDALGO SIN TIPO DE SOCIEDAD,FRACCION VII,2024,7,01/07/2025
MUH8501013N8,MUNICIPIO DE UNION HIDALGO SIN TIPO DE SOCIEDAD,FRACCION VII,2024,8,01/07/2025
MUH8501013N8,MUNICIPIO DE UNION HIDALGO SIN TIPO DE SOCIEDAD,FRACCION VII,2024,9,01/07/2025
MEM850101C42,MUNICIPIO DE ERONGARICUARO MICHOACAN SIN TIPO DE SOCIEDAD,FRACCION VII,2021,1,01/07/2025
MEM850101C42,MUNICIPIO DE ERONGARICUARO MICHOACAN SIN TIPO DE SOCIEDAD,FRACCION VII,2021,2,01/07/2025
MEM850101C42,MUNICIPIO DE ERONGARICUARO MICHOACAN SIN TIPO DE SOCIEDAD,FRACCION VII,2021,3,01/07/2025
MEM850101C42,MUNICIPIO DE ERONGARICUARO MICHOACAN SIN TIPO DE SOCIEDAD,FRACCION VII,2021,4,01/07/2025
MGS850101AI9,MUNICIPIO DE GUADALCAZAR SLP SIN TIPO DE SOCIEDAD,FRACCION VII,2024,2,01/07/2025
MGS850101AI9,MUNICIPIO DE GUADALCAZAR SLP SIN TIPO DE SOCIEDAD,FRACCION VII,2024,3,01/07/2025
MGS850101AI9,MUNICIPIO DE GUADALCAZAR SLP SIN TIPO DE SOCIEDAD,FRACCION VII,2024,4,01/07/2025
MGS850101AI9,MUNICIPIO DE GUADALCAZAR SLP SIN TIPO DE SOCIEDAD,FRACCION VII,2024,5,01/07/2025
MGS850101AI9,MUNICIPIO DE GUADALCAZAR SLP SIN TIPO DE SOCIEDAD,FRACCION VII,2024,6,01/07/2025
MGS850101AI9,MUNICIPIO DE GUADALCAZAR SLP SIN TIPO DE SOCIEDAD,FRACCION VII,2024,7,01/07/2025
MGS850101AI9,MUNICIPIO DE GUADALCAZAR SLP SIN TIPO DE SOCIEDAD,FRACCION VII,2024,8,01/07/2025
MGS850101AI9,MUNICIPIO DE GUADALCAZAR SLP SIN TIPO DE SOCIEDAD,FRACCION VII,2024,9,01/07/2025
MGS850101AI9,MUNICIPIO DE GUADALCAZAR SLP SIN TIPO DE SOCIEDAD,FRACCION VII,2024,10,01/07/2025
MGS850101AI9,MUNICIPIO DE GUADALCAZAR SLP SIN TIPO DE SOCIEDAD,FRACCION VII,2024,11,01/07/2025
MGS850101AI9,MUNICIPIO DE GUADALCAZAR SLP SIN TIPO DE SOCIEDAD,FRACCION VII,2024,12,01/07/2025
MGS850101AI9,MUNICIPIO DE GUADALCAZAR SLP SIN TIPO DE SOCIEDAD,FRACCION VII,2025,1,01/07/2025
MUH8501013N8,MUNICIPIO DE UNION HIDALGO SIN TIPO DE SOCIEDAD,FRACCION VII,2022,1,01/07/2025
MUH8501013N8,MUNICIPIO DE UNION HIDALGO SIN TIPO DE SOCIEDAD,FRACCION VII,2022,2,01/07/2025
MUH8501013N8,MUNICIPIO DE UNION HIDALGO SIN TIPO DE SOCIEDAD,FRACCION VII,2022,3,01/07/2025
MUH8501013N8,MUNICIPIO DE UNION HIDALGO SIN TIPO DE SOCIEDAD,FRACCION VII,2022,4,01/07/2025
MUH8501013N8,MUNICIPIO DE UNION HIDALGO SIN TIPO DE SOCIEDAD,FRACCION VII,2022,5,01/07/2025
MUH8501013N8,MUNICIPIO DE UNION HIDALGO SIN TIPO DE SOCIEDAD,FRACCION VII,2022,6,01/07/2025
MUH8501013N8,MUNICIPIO DE UNION HIDALGO SIN TIPO DE SOCIEDAD,FRACCION VII,2022,7,01/07/2025
MUH8501013N8,MUNICIPIO DE UNION HIDALGO SIN TIPO DE SOCIEDAD,FRACCION VII,2022,8,01/07/2025
MUH8501013N8,MUNICIPIO DE UNION HIDALGO SIN TIPO DE SOCIEDAD,FRACCION VII,2022,9,01/07/2025
MUH8501013N8,MUNICIPIO DE UNION HIDALGO SIN TIPO DE SOCIEDAD,FRACCION VII,2022,10,01/07/2025
MUH8501013N8,MUNICIPIO DE UNION HIDALGO SIN TIPO DE SOCIEDAD,FRACCION VII,2022,11,01/07/2025
UTM150602EW2,UNIVERSIDAD TECNOLOGICA DEL MAR DEL ESTADO DE GUERRERO SIN TIPO DE SOCIEDAD,FRACCION VII,2025,3,01/07/2025
UTM150602EW2,UNIVERSIDAD TECNOLOGICA DEL MAR DEL ESTADO DE GUERRERO SIN TIPO DE SOCIEDAD,FRACCION VII,2025,4,01/07/2025
UTM150602EW2,UNIVERSIDAD TECNOLOGICA DEL MAR DEL ESTADO DE GUERRERO SIN TIPO DE SOCIEDAD,FRACCION VII,2025,5,01/07/2025
MRC850101B62,MUNICIPIO DE RAYON SIN TIPO DE SOCIEDAD,FRACCION VII,2024,10,01/07/2025
MCV850101281,MUNICIPIO DE COLIPA VER SIN TIPO DE SOCIEDAD,FRACCION VII,2025,1,01/07/2025
MCV850101281,MUNICIPIO DE COLIPA VER SIN TIPO DE SOCIEDAD,FRACCION VII,2025,2,01/07/2025
MCV850101281,MUNICIPIO DE COLIPA VER SIN TIPO DE SOCIEDAD,FRACCION VII,2025,3,01/07/2025
MCV850101281,MUNICIPIO DE COLIPA VER SIN TIPO DE SOCIEDAD,FRACCION VII,2025,4,01/07/2025
MRS850101UN2,MUNICIPIO DE RAYON SLP SIN TIPO DE SOCIEDAD,FRACCION VII,2025,5,01/07/2025
MPT750101FY3,MUNICIPIO DE PADILLA TAMAULIPAS SIN TIPO DE SOCIEDAD,FRACCION VII,2024,9,01/07/2025
MSA8501016L7,MUNICIPIO DE SAN ANDRES LAGUNAS SIN TIPO DE SOCIEDAD,FRACCION VII,2024,11,01/07/2025
MSA8501016L7,MUNICIPIO DE SAN ANDRES LAGUNAS SIN TIPO DE SOCIEDAD,FRACCION VII,2024,12,01/07/2025
MJM850101P52,MUNICIPIO DE JUNGAPEO MICHOACAN SIN TIPO DE SOCIEDAD,FRACCION VII,2021,1,01/07/2025
MJM850101P52,MUNICIPIO DE JUNGAPEO MICHOACAN SIN TIPO DE SOCIEDAD,FRACCION VII,2021,2,01/07/2025
MSE850101NZ7,MUNICIPIO DE SALVADOR ESCALANTE MICHOACAN SIN TIPO DE SOCIEDAD,FRACCION VII,2024,8,01/07/2025
AMS890920IB2,GRAL. PLUTARCO ELIAS CALLES SIN TIPO DE SOCIEDAD,FRACCION VII,2025,5,01/07/2025
MTY850101D17,MUNICIPIO DE TIZIMIN SIN TIPO DE SOCIEDAD,FRACCION VII,2025,3,01/07/2025
MTY850101D17,MUNICIPIO DE TIZIMIN SIN TIPO DE SOCIEDAD,FRACCION VII,2025,4,01/07/2025
MTY850101D17,MUNICIPIO DE TIZIMIN SIN TIPO DE SOCIEDAD,FRACCION VII,2025,5,01/07/2025
MSE850101NZ7,MUNICIPIO DE SALVADOR ESCALANTE MICHOACAN SIN TIPO DE SOCIEDAD,FRACCION VII,2023,6,01/07/2025
MSE850101NZ7,MUNICIPIO DE SALVADOR ESCALANTE MICHOACAN SIN TIPO DE SOCIEDAD,FRACCION VII,2023,7,01/07/2025
MSE850101NZ7,MUNICIPIO DE SALVADOR ESCALANTE MICHOACAN SIN TIPO DE SOCIEDAD,FRACCION VII,2023,8,01/07/2025
MSE850101NZ7,MUNICIPIO DE SALVADOR ESCALANTE MICHOACAN SIN TIPO DE SOCIEDAD,FRACCION VII,2023,9,01/07/2025
MSE850101NZ7,MUNICIPIO DE SALVADOR ESCALANTE MICHOACAN SIN TIPO DE SOCIEDAD,FRACCION VII,2023,10,01/07/2025
MSE850101NZ7,MUNICIPIO DE SALVADOR ESCALANTE MICHOACAN SIN TIPO DE SOCIEDAD,FRACCION VII,2023,11,01/07/2025
MSE850101NZ7,MUNICIPIO DE SALVADOR ESCALANTE MICHOACAN SIN TIPO DE SOCIEDAD,FRACCION VII,2023,12,01/07/2025
MGS850101AI9,MUNICIPIO DE GUADALCAZAR SLP SIN TIPO DE SOCIEDAD,FRACCION VII,2025,2,01/07/2025
MGS850101AI9,MUNICIPIO DE GUADALCAZAR SLP SIN TIPO DE SOCIEDAD,FRACCION VII,2025,3,01/07/2025
MGS850101AI9,MUNICIPIO DE GUADALCAZAR SLP SIN TIPO DE SOCIEDAD,FRACCION VII,2025,4,01/07/2025
MGS850101AI9,MUNICIPIO DE GUADALCAZAR SLP SIN TIPO DE SOCIEDAD,FRACCION VII,2025,5,01/07/2025
MJM850101EE9,MUNICIPIO DE JIQUILPAN MICHOACAN SIN TIPO DE SOCIEDAD,FRACCION VII,2024,9,01/07/2025
MJM850101EE9,MUNICIPIO DE JIQUILPAN MICHOACAN SIN TIPO DE SOCIEDAD,FRACCION VII,2025,3,01/07/2025
MJM850101EE9,MUNICIPIO DE JIQUILPAN MICHOACAN SIN TIPO DE SOCIEDAD,FRACCION VII,2025,4,01/07/2025
MSJ850101GD2,MUNICIPIO DE SAN JUAN COTZOCON SIN TIPO DE SOCIEDAD,FRACCION VII,2023,12,01/07/2025
MVG850101KC0,MUNICIPIO DE VICENTE GUERRERO PUEBLA SIN TIPO DE SOCIEDAD,FRACCION VII,2022,4,01/07/2025
MVG850101KC0,MUNICIPIO DE VICENTE GUERRERO PUEBLA SIN TIPO DE SOCIEDAD,FRACCION VII,2022,5,01/07/2025
MVG850101KC0,MUNICIPIO DE VICENTE GUERRERO PUEBLA SIN TIPO DE SOCIEDAD,FRACCION VII,2022,6,01/07/2025
MVG850101KC0,MUNICIPIO DE VICENTE GUERRERO PUEBLA SIN TIPO DE SOCIEDAD,FRACCION VII,2022,7,01/07/2025
MVG850101KC0,MUNICIPIO DE VICENTE GUERRERO PUEBLA SIN TIPO DE SOCIEDAD,FRACCION VII,2022,8,01/07/2025
MVG850101KC0,MUNICIPIO DE VICENTE GUERRERO PUEBLA SIN TIPO DE SOCIEDAD,FRACCION VII,2022,9,01/07/2025
MVG850101KC0,MUNICIPIO DE VICENTE GUERRERO PUEBLA SIN TIPO DE SOCIEDAD,FRACCION VII,2022,10,01/07/2025
MVG850101KC0,MUNICIPIO DE VICENTE GUERRERO PUEBLA SIN TIPO DE SOCIEDAD,FRACCION VII,2022,11,01/07/2025
MVG850101KC0,MUNICIPIO DE VICENTE GUERRERO PUEBLA SIN TIPO DE SOCIEDAD,FRACCION VII,2024,10,01/07/2025
MVG850101KC0,MUNICIPIO DE VICENTE GUERRERO PUEBLA SIN TIPO DE SOCIEDAD,FRACCION VII,2025,4,01/07/2025
MVJ2612111P5,MUNICIPIO JOSE AZUETA SIN TIPO DE SOCIEDAD,FRACCION VII,2024,7,01/07/2025
MVJ2612111P5,MUNICIPIO JOSE AZUETA SIN TIPO DE SOCIEDAD,FRACCION VII,2025,3,01/07/2025
MVJ2612111P5,MUNICIPIO JOSE AZUETA SIN TIPO DE SOCIEDAD,FRACCION VII,2025,4,01/07/2025
MVJ2612111P5,MUNICIPIO JOSE AZUETA SIN TIPO DE SOCIEDAD,FRACCION VII,2025,5,01/07/2025
MVA8501016C3,MUNICIPIO DE VILLA ALDAMA VER SIN TIPO DE SOCIEDAD,FRACCION VII,2025,3,01/07/2025
MVA8501016C3,MUNICIPIO DE VILLA ALDAMA VER SIN TIPO DE SOCIEDAD,FRACCION VII,2025,4,01/07/2025
MVA8501016C3,MUNICIPIO DE VILLA ALDAMA VER SIN TIPO DE SOCIEDAD,FRACCION VII,2025,5,01/07/2025
MSJ960101K93,MUNICIPIO DE SANTIAGO JOCOTEPEC SIN TIPO DE SOCIEDAD,FRACCION VII,2023,4,01/07/2025
MSJ960101K93,MUNICIPIO DE SANTIAGO JOCOTEPEC SIN TIPO DE SOCIEDAD,FRACCION VII,2023,5,01/07/2025
MSJ960101K93,MUNICIPIO DE SANTIAGO JOCOTEPEC SIN TIPO DE SOCIEDAD,FRACCION VII,2023,6,01/07/2025
MSJ960101K93,MUNICIPIO DE SANTIAGO JOCOTEPEC SIN TIPO DE SOCIEDAD,FRACCION VII,2023,7,01/07/2025
MSJ960101K93,MUNICIPIO DE SANTIAGO JOCOTEPEC SIN TIPO DE SOCIEDAD,FRACCION VII,2023,8,01/07/2025
MSJ960101K93,MUNICIPIO DE SANTIAGO JOCOTEPEC SIN TIPO DE SOCIEDAD,FRACCION VII,2023,9,01/07/2025
MSJ960101K93,MUNICIPIO DE SANTIAGO JOCOTEPEC SIN TIPO DE SOCIEDAD,FRACCION VII,2023,10,01/07/2025
MSJ960101K93,MUNICIPIO DE SANTIAGO JOCOTEPEC SIN TIPO DE SOCIEDAD,FRACCION VII,2023,11,01/07/2025
MSJ960101K93,MUNICIPIO DE SANTIAGO JOCOTEPEC SIN TIPO DE SOCIEDAD,FRACCION VII,2023,12,01/07/2025
MSJ960101K93,MUNICIPIO DE SANTIAGO JOCOTEPEC SIN TIPO DE SOCIEDAD,FRACCION VII,2024,1,01/07/2025
MSJ960101K93,MUNICIPIO DE SANTIAGO JOCOTEPEC SIN TIPO DE SOCIEDAD,FRACCION VII,2024,2,01/07/2025
MSJ960101K93,MUNICIPIO DE SANTIAGO JOCOTEPEC SIN TIPO DE SOCIEDAD,FRACCION VII,2024,3,01/07/2025
MSJ960101K93,MUNICIPIO DE SANTIAGO JOCOTEPEC SIN TIPO DE SOCIEDAD,FRACCION VII,2025,3,01/07/2025
MSJ960101K93,MUNICIPIO DE SANTIAGO JOCOTEPEC SIN TIPO DE SOCIEDAD,FRACCION VII,2025,4,01/07/2025
MSJ960101K93,MUNICIPIO DE SANTIAGO JOCOTEPEC SIN TIPO DE SOCIEDAD,FRACCION VII,2025,5,01/07/2025
MSM780101FH7,MUNICIPIO DE SOTO LA MARINA TAMAULIPAS SIN TIPO DE SOCIEDAD,FRACCION VII,2024,9,01/07/2025
CEC910820IX9,COLEGIO DE ESTUDIOS CIENTIFICOS Y TECNOLOGICOS DEL ESTADO DE SAN LUIS POTOSI SIN TIPO DE SOCIEDAD,FRACCION VII,2025,3,01/07/2025
CEC910820IX9,COLEGIO DE ESTUDIOS CIENTIFICOS Y TECNOLOGICOS DEL ESTADO DE SAN LUIS POTOSI SIN TIPO DE SOCIEDAD,FRACCION VII,2025,4,01/07/2025
CEC910820IX9,COLEGIO DE ESTUDIOS CIENTIFICOS Y TECNOLOGICOS DEL ESTADO DE SAN LUIS POTOSI SIN TIPO DE SOCIEDAD,FRACCION VII,2025,5,01/07/2025
MZM850101G17,MUNICIPIO DE ZITACUARO MICHOACAN SIN TIPO DE SOCIEDAD,FRACCION VII,2025,1,01/07/2025
MXO190101BG4,MUNICIPIO DE XOXOCOTLA SIN TIPO DE SOCIEDAD,FRACCION VII,2025,3,01/07/2025
MXO190101BG4,MUNICIPIO DE XOXOCOTLA SIN TIPO DE SOCIEDAD,FRACCION VII,2025,4,01/07/2025
MXO190101BG4,MUNICIPIO DE XOXOCOTLA SIN TIPO DE SOCIEDAD,FRACCION VII,2025,5,01/07/2025
MSM850101QV0,MUNICIPIO DE SAN MIGUEL QUETZALTEPEC SIN TIPO DE SOCIEDAD,FRACCION VII,2024,11,01/07/2025
MSM850101QV0,MUNICIPIO DE SAN MIGUEL QUETZALTEPEC SIN TIPO DE SOCIEDAD,FRACCION VII,2025,3,01/07/2025
MSM850101QV0,MUNICIPIO DE SAN MIGUEL QUETZALTEPEC SIN TIPO DE SOCIEDAD,FRACCION VII,2025,5,01/07/2025
MSM850101A48,MUNICIPIO DE SAN MARCOS ARTEAGA SIN TIPO DE SOCIEDAD,FRACCION VII,2025,3,01/07/2025
MSM850101A48,MUNICIPIO DE SAN MARCOS ARTEAGA SIN TIPO DE SOCIEDAD,FRACCION VII,2025,4,01/07/2025
MSM850101A48,MUNICIPIO DE SAN MARCOS ARTEAGA SIN TIPO DE SOCIEDAD,FRACCION VII,2025,5,01/07/2025
TMU860831IG6,MUNICIPIO DE NAZAS SIN TIPO DE SOCIEDAD,FRACCION VII,2025,1,01/07/2025
TMU860831IG6,MUNICIPIO DE NAZAS SIN TIPO DE SOCIEDAD,FRACCION VII,2025,3,01/07/2025
TMU860831IG6,MUNICIPIO DE NAZAS SIN TIPO DE SOCIEDAD,FRACCION VII,2025,4,01/07/2025
TMU860831IG6,MUNICIPIO DE NAZAS SIN TIPO DE SOCIEDAD,FRACCION VII,2025,5,01/07/2025
MTY8501013S3,MUNICIPIO DE TIXKOKOB SIN TIPO DE SOCIEDAD,FRACCION VII,2023,9,01/07/2025
MTY8501013S3,MUNICIPIO DE TIXKOKOB SIN TIPO DE SOCIEDAD,FRACCION VII,2023,10,01/07/2025
MTY8501013S3,MUNICIPIO DE TIXKOKOB SIN TIPO DE SOCIEDAD,FRACCION VII,2023,11,01/07/2025
MTY8501013S3,MUNICIPIO DE TIXKOKOB SIN TIPO DE SOCIEDAD,FRACCION VII,2023,12,01/07/2025
MTY8501013S3,MUNICIPIO DE TIXKOKOB SIN TIPO DE SOCIEDAD,FRACCION VII,2024,1,01/07/2025
MTY8501013S3,MUNICIPIO DE TIXKOKOB SIN TIPO DE SOCIEDAD,FRACCION VII,2024,2,01/07/2025
MTY8501013S3,MUNICIPIO DE TIXKOKOB SIN TIPO DE SOCIEDAD,FRACCION VII,2024,3,01/07/2025
MTY8501013S3,MUNICIPIO DE TIXKOKOB SIN TIPO DE SOCIEDAD,FRACCION VII,2024,4,01/07/2025
MTY8501013S3,MUNICIPIO DE TIXKOKOB SIN TIPO DE SOCIEDAD,FRACCION VII,2024,5,01/07/2025
MTY8501013S3,MUNICIPIO DE TIXKOKOB SIN TIPO DE SOCIEDAD,FRACCION VII,2024,6,01/07/2025
MTY8501013S3,MUNICIPIO DE TIXKOKOB SIN TIPO DE SOCIEDAD,FRACCION VII,2024,7,01/07/2025
MTY8501013S3,MUNICIPIO DE TIXKOKOB SIN TIPO DE SOCIEDAD,FRACCION VII,2024,8,01/07/2025
MSD850101UN8,MUNICIPIO DE SANTO DOMINGO TONALA SIN TIPO DE SOCIEDAD,FRACCION VII,2025,3,01/07/2025
MSD850101UN8,MUNICIPIO DE SANTO DOMINGO TONALA SIN TIPO DE SOCIEDAD,FRACCION VII,2025,5,01/07/2025
MSJ850101M85,MUNICIPIO DE SAN JUAN MAZATLAN SIN TIPO DE SOCIEDAD,FRACCION VII,2024,5,01/07/2025
TMS9209017SA,MUNICIPIO SAN LUIS DE CORDERO SIN TIPO DE SOCIEDAD,FRACCION VII,2023,12,01/07/2025
MSL850101TJ5,MUNICIPIO DE SAN LUCAS OJITLAN SIN TIPO DE SOCIEDAD,FRACCION VII,2025,4,01/07/2025
MSL850101TJ5,MUNICIPIO DE SAN LUCAS OJITLAN SIN TIPO DE SOCIEDAD,FRACCION VII,2025,5,01/07/2025
MSM8501012K0,MUNICIPIO DE SANTA MARIA JACATEPEC SIN TIPO DE SOCIEDAD,FRACCION VII,2025,5,01/07/2025
TMO640101EJ9,TESORERIA MPAL OCAMPO SIN TIPO DE SOCIEDAD,FRACCION VII,2025,5,01/07/2025
MSM850101HP9,MUNICIPIO DE SAN MIGUEL PANIXTLAHUACA SIN TIPO DE SOCIEDAD,FRACCION VII,2022,12,01/07/2025
MSM8501011Z4,"MUNICIPIO DE SAN MARTIN DE BOLAÑOS, JALISCO SIN TIPO DE SOCIEDAD",FRACCION VII,2024,2,01/07/2025
MSM8501011Z4,"MUNICIPIO DE SAN MARTIN DE BOLAÑOS, JALISCO SIN TIPO DE SOCIEDAD",FRACCION VII,2024,3,01/07/2025
MSM8501011Z4,"MUNICIPIO DE SAN MARTIN DE BOLAÑOS, JALISCO SIN TIPO DE SOCIEDAD",FRACCION VII,2024,4,01/07/2025
MSM8501011Z4,"MUNICIPIO DE SAN MARTIN DE BOLAÑOS, JALISCO SIN TIPO DE SOCIEDAD",FRACCION VII,2024,5,01/07/2025
MSM8501011Z4,"MUNICIPIO DE SAN MARTIN DE BOLAÑOS, JALISCO SIN TIPO DE SOCIEDAD",FRACCION VII,2024,8,01/07/2025
MSM8501011Z4,"MUNICIPIO DE SAN MARTIN DE BOLAÑOS, JALISCO SIN TIPO DE SOCIEDAD",FRACCION VII,2024,9,01/07/2025
MZM850101G17,MUNICIPIO DE ZITACUARO MICHOACAN SIN TIPO DE SOCIEDAD,FRACCION VII,2024,1,01/07/2025
UTP231214J10,UNIVERSIDAD TECNOLOGICA Y POLITECNICA DE COYUCA DE BENITEZ SIN TIPO DE SOCIEDAD,FRACCION VII,2025,5,01/07/2025
MSM8501016B6,MUNICIPIO DE SANTA MARIA TEOPOXCO SIN TIPO DE SOCIEDAD,FRACCION VII,2025,3,01/07/2025
MSM8501016B6,MUNICIPIO DE SANTA MARIA TEOPOXCO SIN TIPO DE SOCIEDAD,FRACCION VII,2025,4,01/07/2025
MSM8501016B6,MUNICIPIO DE SANTA MARIA TEOPOXCO SIN TIPO DE SOCIEDAD,FRACCION VII,2025,5,01/07/2025
SDI9403086B9,SISTEMA MUNICIPAL PARA EL DESARROLLO INTEGRAL DE LA FAMILIA DE AMATEPEC SIN TIPO DE SOCIEDAD,FRACCION VII,2022,1,01/07/2025
SDI9403086B9,SISTEMA MUNICIPAL PARA EL DESARROLLO INTEGRAL DE LA FAMILIA DE AMATEPEC SIN TIPO DE SOCIEDAD,FRACCION VII,2022,2,01/07/2025
SDI9403086B9,SISTEMA MUNICIPAL PARA EL DESARROLLO INTEGRAL DE LA FAMILIA DE AMATEPEC SIN TIPO DE SOCIEDAD,FRACCION VII,2022,3,01/07/2025
SDI9403086B9,SISTEMA MUNICIPAL PARA EL DESARROLLO INTEGRAL DE LA FAMILIA DE AMATEPEC SIN TIPO DE SOCIEDAD,FRACCION VII,2022,4,01/07/2025
SDI9403086B9,SISTEMA MUNICIPAL PARA EL DESARROLLO INTEGRAL DE LA FAMILIA DE AMATEPEC SIN TIPO DE SOCIEDAD,FRACCION VII,2022,5,01/07/2025
SDI9403086B9,SISTEMA MUNICIPAL PARA EL DESARROLLO INTEGRAL DE LA FAMILIA DE AMATEPEC SIN TIPO DE SOCIEDAD,FRACCION VII,2022,6,01/07/2025
SDI9403086B9,SISTEMA MUNICIPAL PARA EL DESARROLLO INTEGRAL DE LA FAMILIA DE AMATEPEC SIN TIPO DE SOCIEDAD,FRACCION VII,2022,7,01/07/2025
SDI9403086B9,SISTEMA MUNICIPAL PARA EL DESARROLLO INTEGRAL DE LA FAMILIA DE AMATEPEC SIN TIPO DE SOCIEDAD,FRACCION VII,2022,10,01/07/2025
SDI9403086B9,SISTEMA MUNICIPAL PARA EL DESARROLLO INTEGRAL DE LA FAMILIA DE AMATEPEC SIN TIPO DE SOCIEDAD,FRACCION VII,2022,11,01/07/2025
SDI9403086B9,SISTEMA MUNICIPAL PARA EL DESARROLLO INTEGRAL DE LA FAMILIA DE AMATEPEC SIN TIPO DE SOCIEDAD,FRACCION VII,2022,12,01/07/2025
SDI9403086B9,SISTEMA MUNICIPAL PARA EL DESARROLLO INTEGRAL DE LA FAMILIA DE AMATEPEC SIN TIPO DE SOCIEDAD,FRACCION VII,2023,2,01/07/2025
SDI9403086B9,SISTEMA MUNICIPAL PARA EL DESARROLLO INTEGRAL DE LA FAMILIA DE AMATEPEC SIN TIPO DE SOCIEDAD,FRACCION VII,2023,3,01/07/2025
SDI9403086B9,SISTEMA MUNICIPAL PARA EL DESARROLLO INTEGRAL DE LA FAMILIA DE AMATEPEC SIN TIPO DE SOCIEDAD,FRACCION VII,2023,4,01/07/2025
SDI9403086B9,SISTEMA MUNICIPAL PARA EL DESARROLLO INTEGRAL DE LA FAMILIA DE AMATEPEC SIN TIPO DE SOCIEDAD,FRACCION VII,2023,5,01/07/2025
SDI9403086B9,SISTEMA MUNICIPAL PARA EL DESARROLLO INTEGRAL DE LA FAMILIA DE AMATEPEC SIN TIPO DE SOCIEDAD,FRACCION VII,2023,7,01/07/2025
SDI9403086B9,SISTEMA MUNICIPAL PARA EL DESARROLLO INTEGRAL DE LA FAMILIA DE AMATEPEC SIN TIPO DE SOCIEDAD,FRACCION VII,2023,8,01/07/2025
SDI9403086B9,SISTEMA MUNICIPAL PARA EL DESARROLLO INTEGRAL DE LA FAMILIA DE AMATEPEC SIN TIPO DE SOCIEDAD,FRACCION VII,2023,9,01/07/2025
SDI9403086B9,SISTEMA MUNICIPAL PARA EL DESARROLLO INTEGRAL DE LA FAMILIA DE AMATEPEC SIN TIPO DE SOCIEDAD,FRACCION VII,2023,10,01/07/2025
SDI9403086B9,SISTEMA MUNICIPAL PARA EL DESARROLLO INTEGRAL DE LA FAMILIA DE AMATEPEC SIN TIPO DE SOCIEDAD,FRACCION VII,2023,11,01/07/2025
SDI9403086B9,SISTEMA MUNICIPAL PARA EL DESARROLLO INTEGRAL DE LA FAMILIA DE AMATEPEC SIN TIPO DE SOCIEDAD,FRACCION VII,2023,12,01/07/2025
SDI9403086B9,SISTEMA MUNICIPAL PARA EL DESARROLLO INTEGRAL DE LA FAMILIA DE AMATEPEC SIN TIPO DE SOCIEDAD,FRACCION VII,2024,1,01/07/2025
SDI9403086B9,SISTEMA MUNICIPAL PARA EL DESARROLLO INTEGRAL DE LA FAMILIA DE AMATEPEC SIN TIPO DE SOCIEDAD,FRACCION VII,2024,2,01/07/2025
SDI9403086B9,SISTEMA MUNICIPAL PARA EL DESARROLLO INTEGRAL DE LA FAMILIA DE AMATEPEC SIN TIPO DE SOCIEDAD,FRACCION VII,2024,3,01/07/2025
SDI9403086B9,SISTEMA MUNICIPAL PARA EL DESARROLLO INTEGRAL DE LA FAMILIA DE AMATEPEC SIN TIPO DE SOCIEDAD,FRACCION VII,2024,4,01/07/2025
SDI9403086B9,SISTEMA MUNICIPAL PARA EL DESARROLLO INTEGRAL DE LA FAMILIA DE AMATEPEC SIN TIPO DE SOCIEDAD,FRACCION VII,2024,5,01/07/2025
SDI9403086B9,SISTEMA MUNICIPAL PARA EL DESARROLLO INTEGRAL DE LA FAMILIA DE AMATEPEC SIN TIPO DE SOCIEDAD,FRACCION VII,2024,6,01/07/2025
SDI9403086B9,SISTEMA MUNICIPAL PARA EL DESARROLLO INTEGRAL DE LA FAMILIA DE AMATEPEC SIN TIPO DE SOCIEDAD,FRACCION VII,2024,7,01/07/2025
SDI9403086B9,SISTEMA MUNICIPAL PARA EL DESARROLLO INTEGRAL DE LA FAMILIA DE AMATEPEC SIN TIPO DE SOCIEDAD,FRACCION VII,2024,8,01/07/2025
SDI9403086B9,SISTEMA MUNICIPAL PARA EL DESARROLLO INTEGRAL DE LA FAMILIA DE AMATEPEC SIN TIPO DE SOCIEDAD,FRACCION VII,2024,9,01/07/2025
SDI9403086B9,SISTEMA MUNICIPAL PARA EL DESARROLLO INTEGRAL DE LA FAMILIA DE AMATEPEC SIN TIPO DE SOCIEDAD,FRACCION VII,2024,10,01/07/2025
SDI9403086B9,SISTEMA MUNICIPAL PARA EL DESARROLLO INTEGRAL DE LA FAMILIA DE AMATEPEC SIN TIPO DE SOCIEDAD,FRACCION VII,2024,11,01/07/2025
MSM780101FH7,MUNICIPIO DE SOTO LA MARINA TAMAULIPAS SIN TIPO DE SOCIEDAD,FRACCION VII,2024,3,01/07/2025
MSM850101MF5,MUNICIPIO DE SAN MARTIN CHALCHICUAUTLA SIN TIPO DE SOCIEDAD,FRACCION VII,2025,3,01/07/2025
MSM850101MF5,MUNICIPIO DE SAN MARTIN CHALCHICUAUTLA SIN TIPO DE SOCIEDAD,FRACCION VII,2025,4,01/07/2025
MSM850101MF5,MUNICIPIO DE SAN MARTIN CHALCHICUAUTLA SIN TIPO DE SOCIEDAD,FRACCION VII,2025,5,01/07/2025
CDE050827SQ2,CENTRO DE DESARROLLO ECONOMICO EDUCATIVO DE LA MESA DE EL NAYAR SIN TIPO DE SOCIEDAD,FRACCION VII,2025,4,01/07/2025
CDE050827SQ2,CENTRO DE DESARROLLO ECONOMICO EDUCATIVO DE LA MESA DE EL NAYAR SIN TIPO DE SOCIEDAD,FRACCION VII,2025,5,01/07/2025
MZA850101LF7,MUNICIPIO DE ZACUALPAN SIN TIPO DE SOCIEDAD,FRACCION VII,2025,3,01/07/2025
MZA850101LF7,MUNICIPIO DE ZACUALPAN SIN TIPO DE SOCIEDAD,FRACCION VII,2025,4,01/07/2025
MZA850101LF7,MUNICIPIO DE ZACUALPAN SIN TIPO DE SOCIEDAD,FRACCION VII,2025,5,01/07/2025
MSM850101BY9,MUNICIPIO DE SANTA MARIA IPALAPA SIN TIPO DE SOCIEDAD,FRACCION VII,2025,3,01/07/2025
MSM850101BY9,MUNICIPIO DE SANTA MARIA IPALAPA SIN TIPO DE SOCIEDAD,FRACCION VII,2025,4,01/07/2025
MSM850101BY9,MUNICIPIO DE SANTA MARIA IPALAPA SIN TIPO DE SOCIEDAD,FRACCION VII,2025,5,01/07/2025
MTY850101SY1,MUNICIPIO DE TEABO SIN TIPO DE SOCIEDAD,FRACCION VII,2025,5,01/07/2025
TMU621114EP4,TESORERIA MUNICIPAL DE TLAHUALILO DURANGO SIN TIPO DE SOCIEDAD,FRACCION VII,2025,3,01/07/2025
TMU621114EP4,TESORERIA MUNICIPAL DE TLAHUALILO DURANGO SIN TIPO DE SOCIEDAD,FRACCION VII,2025,4,01/07/2025
TMU621114EP4,TESORERIA MUNICIPAL DE TLAHUALILO DURANGO SIN TIPO DE SOCIEDAD,FRACCION VII,2025,5,01/07/2025
MSJ850101SG1,MUNICIPIO DE SAN JUAN COMALTEPEC SIN TIPO DE SOCIEDAD,FRACCION VII,2023,12,01/07/2025
MSM8501012K0,MUNICIPIO DE SANTA MARIA JACATEPEC SIN TIPO DE SOCIEDAD,FRACCION VII,2024,7,01/07/2025
MSM8501012K0,MUNICIPIO DE SANTA MARIA JACATEPEC SIN TIPO DE SOCIEDAD,FRACCION VII,2024,8,01/07/2025
MSM8501012K0,MUNICIPIO DE SANTA MARIA JACATEPEC SIN TIPO DE SOCIEDAD,FRACCION VII,2025,3,01/07/2025
MSM8501012K0,MUNICIPIO DE SANTA MARIA JACATEPEC SIN TIPO DE SOCIEDAD,FRACCION VII,2025,4,01/07/2025
MSM850101RH5,MUNICIPIO DE SAHUAYO MICHOACAN SIN TIPO DE SOCIEDAD,FRACCION VII,2025,3,01/07/2025
MSM850101RH5,MUNICIPIO DE SAHUAYO MICHOACAN SIN TIPO DE SOCIEDAD,FRACCION VII,2025,4,01/07/2025
MSM850101RH5,MUNICIPIO DE SAHUAYO MICHOACAN SIN TIPO DE SOCIEDAD,FRACCION VII,2025,5,01/07/2025
MSM8501011Z4,"MUNICIPIO DE SAN MARTIN DE BOLAÑOS, JALISCO SIN TIPO DE SOCIEDAD",FRACCION VII,2024,6,01/07/2025
MSM8501011Z4,"MUNICIPIO DE SAN MARTIN DE BOLAÑOS, JALISCO SIN TIPO DE SOCIEDAD",FRACCION VII,2024,7,01/07/2025
MYM850101M45,MUNICIPIO DE YURECUARO MICHOACAN SIN TIPO DE SOCIEDAD,FRACCION VII,2022,11,01/07/2025
MYM850101M45,MUNICIPIO DE YURECUARO MICHOACAN SIN TIPO DE SOCIEDAD,FRACCION VII,2022,12,01/07/2025
MYM850101M45,MUNICIPIO DE YURECUARO MICHOACAN SIN TIPO DE SOCIEDAD,FRACCION VII,2023,8,01/07/2025
MYM850101M45,MUNICIPIO DE YURECUARO MICHOACAN SIN TIPO DE SOCIEDAD,FRACCION VII,2025,1,01/07/2025
MYM850101M45,MUNICIPIO DE YURECUARO MICHOACAN SIN TIPO DE SOCIEDAD,FRACCION VII,2025,2,01/07/2025
MYM850101M45,MUNICIPIO DE YURECUARO MICHOACAN SIN TIPO DE SOCIEDAD,FRACCION VII,2025,3,01/07/2025
TMU621114EP4,TESORERIA MUNICIPAL DE TLAHUALILO DURANGO SIN TIPO DE SOCIEDAD,FRACCION VII,2023,4,01/07/2025
TMU621114EP4,TESORERIA MUNICIPAL DE TLAHUALILO DURANGO SIN TIPO DE SOCIEDAD,FRACCION VII,2023,5,01/07/2025
TMU621114EP4,TESORERIA MUNICIPAL DE TLAHUALILO DURANGO SIN TIPO DE SOCIEDAD,FRACCION VII,2023,6,01/07/2025
TMU621114EP4,TESORERIA MUNICIPAL DE TLAHUALILO DURANGO SIN TIPO DE SOCIEDAD,FRACCION VII,2023,7,01/07/2025
TMU621114EP4,TESORERIA MUNICIPAL DE TLAHUALILO DURANGO SIN TIPO DE SOCIEDAD,FRACCION VII,2023,8,01/07/2025
TMU621114EP4,TESORERIA MUNICIPAL DE TLAHUALILO DURANGO SIN TIPO DE SOCIEDAD,FRACCION VII,2023,9,01/07/2025
TMU621114EP4,TESORERIA MUNICIPAL DE TLAHUALILO DURANGO SIN TIPO DE SOCIEDAD,FRACCION VII,2023,10,01/07/2025
TMU621114EP4,TESORERIA MUNICIPAL DE TLAHUALILO DURANGO SIN TIPO DE SOCIEDAD,FRACCION VII,2023,11,01/07/2025
TMU621114EP4,TESORERIA MUNICIPAL DE TLAHUALILO DURANGO SIN TIPO DE SOCIEDAD,FRACCION VII,2023,12,01/07/2025
MTS850101SC8,MUNICIPIO DE TANCANHUITZ SLP SIN TIPO DE SOCIEDAD,FRACCION VII,2025,1,01/07/2025
MTS850101SC8,MUNICIPIO DE TANCANHUITZ SLP SIN TIPO DE SOCIEDAD,FRACCION VII,2025,2,01/07/2025
MTS850101SC8,MUNICIPIO DE TANCANHUITZ SLP SIN TIPO DE SOCIEDAD,FRACCION VII,2025,3,01/07/2025
MSM780101FH7,MUNICIPIO DE SOTO LA MARINA TAMAULIPAS SIN TIPO DE SOCIEDAD,FRACCION VII,2024,7,01/07/2025
MSM780101FH7,MUNICIPIO DE SOTO LA MARINA TAMAULIPAS SIN TIPO DE SOCIEDAD,FRACCION VII,2024,8,01/07/2025
CAG190602UP1,"CONSEJO DE ADMINISTRACION Y GESTION COMUNAL DE LA COMUNIDAD INDIGENA DE TARECUATO MUNICIPIO DE TANGAMANDAPIO, MICHOACAN SIN TIPO DE SOCIEDAD",FRACCION VII,2024,7,01/07/2025
MTS850101SC8,MUNICIPIO DE TANCANHUITZ SLP SIN TIPO DE SOCIEDAD,FRACCION VII,2025,4,01/07/2025
MTS850101SC8,MUNICIPIO DE TANCANHUITZ SLP SIN TIPO DE SOCIEDAD,FRACCION VII,2025,5,01/07/2025
MSM780101FH7,MUNICIPIO DE SOTO LA MARINA TAMAULIPAS SIN TIPO DE SOCIEDAD,FRACCION VII,2024,4,01/07/2025
MSM780101FH7,MUNICIPIO DE SOTO LA MARINA TAMAULIPAS SIN TIPO DE SOCIEDAD,FRACCION VII,2024,5,01/07/2025
MSM780101FH7,MUNICIPIO DE SOTO LA MARINA TAMAULIPAS SIN TIPO DE SOCIEDAD,FRACCION VII,2024,6,01/07/2025
SDI880112HG7,SISTEMA PARA EL DESARROLLO INTEGRAL DE LA FAMILIA DEL MUNICIPIO DE QUITUPAN JALISCO SIN TIPO DE SOCIEDAD,FRACCION VII,2023,7,01/07/2025
SDI880112HG7,SISTEMA PARA EL DESARROLLO INTEGRAL DE LA FAMILIA DEL MUNICIPIO DE QUITUPAN JALISCO SIN TIPO DE SOCIEDAD,FRACCION VII,2024,5,01/07/2025
MVY850101NL3,MUNICIPIO DE VALLADOLID SIN TIPO DE SOCIEDAD,FRACCION VII,2025,3,01/07/2025
MVY850101NL3,MUNICIPIO DE VALLADOLID SIN TIPO DE SOCIEDAD,FRACCION VII,2025,4,01/07/2025
MVY850101NL3,MUNICIPIO DE VALLADOLID SIN TIPO DE SOCIEDAD,FRACCION VII,2025,5,01/07/2025
MVZ821103JCA,MUNICIPIO DE ZARAGOZA SIN TIPO DE SOCIEDAD,FRACCION VII,2025,5,01/07/2025
MXG8501018P8,MUNICIPIO DE XALPATLAHUAC GUERRERO SIN TIPO DE SOCIEDAD,FRACCION VII,2024,11,01/07/2025
MXG8501018P8,MUNICIPIO DE XALPATLAHUAC GUERRERO SIN TIPO DE SOCIEDAD,FRACCION VII,2024,12,01/07/2025
MSM850101GP1,MUNICIPIO DE SANTA MARIA JALAPA DEL MARQUES SIN TIPO DE SOCIEDAD,FRACCION VII,2025,3,01/07/2025
MSM850101GP1,MUNICIPIO DE SANTA MARIA JALAPA DEL MARQUES SIN TIPO DE SOCIEDAD,FRACCION VII,2025,4,01/07/2025
MSM850101GP1,MUNICIPIO DE SANTA MARIA JALAPA DEL MARQUES SIN TIPO DE SOCIEDAD,FRACCION VII,2025,5,01/07/2025
MYM850101M45,MUNICIPIO DE YURECUARO MICHOACAN SIN TIPO DE SOCIEDAD,FRACCION VII,2020,12,01/07/2025
MYM850101M45,MUNICIPIO DE YURECUARO MICHOACAN SIN TIPO DE SOCIEDAD,FRACCION VII,2021,1,01/07/2025
MYM850101M45,MUNICIPIO DE YURECUARO MICHOACAN SIN TIPO DE SOCIEDAD,FRACCION VII,2021,2,01/07/2025
MYM850101M45,MUNICIPIO DE YURECUARO MICHOACAN SIN TIPO DE SOCIEDAD,FRACCION VII,2021,3,01/07/2025
MYM850101M45,MUNICIPIO DE YURECUARO MICHOACAN SIN TIPO DE SOCIEDAD,FRACCION VII,2021,4,01/07/2025
MYM850101M45,MUNICIPIO DE YURECUARO MICHOACAN SIN TIPO DE SOCIEDAD,FRACCION VII,2021,5,01/07/2025
MYM850101M45,MUNICIPIO DE YURECUARO MICHOACAN SIN TIPO DE SOCIEDAD,FRACCION VII,2021,6,01/07/2025
MYM850101M45,MUNICIPIO DE YURECUARO MICHOACAN SIN TIPO DE SOCIEDAD,FRACCION VII,2021,7,01/07/2025
MYM850101M45,MUNICIPIO DE YURECUARO MICHOACAN SIN TIPO DE SOCIEDAD,FRACCION VII,2021,11,01/07/2025
MYM850101M45,MUNICIPIO DE YURECUARO MICHOACAN SIN TIPO DE SOCIEDAD,FRACCION VII,2022,7,01/07/2025
MYM850101M45,MUNICIPIO DE YURECUARO MICHOACAN SIN TIPO DE SOCIEDAD,FRACCION VII,2022,8,01/07/2025
MYM850101M45,MUNICIPIO DE YURECUARO MICHOACAN SIN TIPO DE SOCIEDAD,FRACCION VII,2022,9,01/07/2025
MYM850101M45,MUNICIPIO DE YURECUARO MICHOACAN SIN TIPO DE SOCIEDAD,FRACCION VII,2022,10,01/07/2025
MTC850101VC4,MUNICIPIO DE TONALA SIN TIPO DE SOCIEDAD,FRACCION VII,2025,4,01/07/2025
MSP8501017U0,MUNICIPIO DE SAN PEDRO IXTLAHUACA SIN TIPO DE SOCIEDAD,FRACCION VII,2023,1,01/07/2025
MSP8501017U0,MUNICIPIO DE SAN PEDRO IXTLAHUACA SIN TIPO DE SOCIEDAD,FRACCION VII,2023,2,01/07/2025
MSP8501017U0,MUNICIPIO DE SAN PEDRO IXTLAHUACA SIN TIPO DE SOCIEDAD,FRACCION VII,2023,3,01/07/2025
MSP8501017U0,MUNICIPIO DE SAN PEDRO IXTLAHUACA SIN TIPO DE SOCIEDAD,FRACCION VII,2023,4,01/07/2025
MSP8501017U0,MUNICIPIO DE SAN PEDRO IXTLAHUACA SIN TIPO DE SOCIEDAD,FRACCION VII,2023,5,01/07/2025
MSP8501017U0,MUNICIPIO DE SAN PEDRO IXTLAHUACA SIN TIPO DE SOCIEDAD,FRACCION VII,2023,6,01/07/2025
MSP8501017U0,MUNICIPIO DE SAN PEDRO IXTLAHUACA SIN TIPO DE SOCIEDAD,FRACCION VII,2023,7,01/07/2025
MSP8501017U0,MUNICIPIO DE SAN PEDRO IXTLAHUACA SIN TIPO DE SOCIEDAD,FRACCION VII,2023,8,01/07/2025
MAM850101215,MUNICIPIO DE AMANALCO SIN TIPO DE SOCIEDAD,FRACCION VII,2021,1,01/07/2025
MAM850101215,MUNICIPIO DE AMANALCO SIN TIPO DE SOCIEDAD,FRACCION VII,2021,10,01/07/2025
MAM850101215,MUNICIPIO DE AMANALCO SIN TIPO DE SOCIEDAD,FRACCION VII,2021,11,01/07/2025
MAM850101215,MUNICIPIO DE AMANALCO SIN TIPO DE SOCIEDAD,FRACCION VII,2021,12,01/07/2025
MAM850101215,MUNICIPIO DE AMANALCO SIN TIPO DE SOCIEDAD,FRACCION VII,2022,9,01/07/2025
MAM850101215,MUNICIPIO DE AMANALCO SIN TIPO DE SOCIEDAD,FRACCION VII,2022,10,01/07/2025
MAM850101215,MUNICIPIO DE AMANALCO SIN TIPO DE SOCIEDAD,FRACCION VII,2022,11,01/07/2025
MAM850101215,MUNICIPIO DE AMANALCO SIN TIPO DE SOCIEDAD,FRACCION VII,2022,12,01/07/2025
MSP8501017U0,MUNICIPIO DE SAN PEDRO IXTLAHUACA SIN TIPO DE SOCIEDAD,FRACCION VII,2024,1,01/07/2025
MSP8501017U0,MUNICIPIO DE SAN PEDRO IXTLAHUACA SIN TIPO DE SOCIEDAD,FRACCION VII,2024,2,01/07/2025
MSP8501017U0,MUNICIPIO DE SAN PEDRO IXTLAHUACA SIN TIPO DE SOCIEDAD,FRACCION VII,2024,3,01/07/2025
MSP8501017U0,MUNICIPIO DE SAN PEDRO IXTLAHUACA SIN TIPO DE SOCIEDAD,FRACCION VII,2024,4,01/07/2025
MSM850101AX3,MUNICIPIO DE SAN MATEO PIÑAS SIN TIPO DE SOCIEDAD,FRACCION VII,2024,11,01/07/2025
MSM850101AX3,MUNICIPIO DE SAN MATEO PIÑAS SIN TIPO DE SOCIEDAD,FRACCION VII,2024,12,01/07/2025
ITS010523CQ7,INSTITUTO TECNOLOGICO SUPERIOR DE ACAYUCAN SIN TIPO DE SOCIEDAD,FRACCION VII,2023,10,01/07/2025
ITS010523CQ7,INSTITUTO TECNOLOGICO SUPERIOR DE ACAYUCAN SIN TIPO DE SOCIEDAD,FRACCION VII,2023,11,01/07/2025
ITS010523CQ7,INSTITUTO TECNOLOGICO SUPERIOR DE ACAYUCAN SIN TIPO DE SOCIEDAD,FRACCION VII,2024,5,01/07/2025
ITS010523CQ7,INSTITUTO TECNOLOGICO SUPERIOR DE ACAYUCAN SIN TIPO DE SOCIEDAD,FRACCION VII,2024,6,01/07/2025
ITS010523CQ7,INSTITUTO TECNOLOGICO SUPERIOR DE ACAYUCAN SIN TIPO DE SOCIEDAD,FRACCION VII,2024,7,01/07/2025
ITS010523CQ7,INSTITUTO TECNOLOGICO SUPERIOR DE ACAYUCAN SIN TIPO DE SOCIEDAD,FRACCION VII,2024,8,01/07/2025
ITS010523CQ7,INSTITUTO TECNOLOGICO SUPERIOR DE ACAYUCAN SIN TIPO DE SOCIEDAD,FRACCION VII,2024,9,01/07/2025
ITS010523CQ7,INSTITUTO TECNOLOGICO SUPERIOR DE ACAYUCAN SIN TIPO DE SOCIEDAD,FRACCION VII,2024,10,01/07/2025
MZP930215CD1,MUNICIPIO DE ZIHUATEUTLA PUEBLA SIN TIPO DE SOCIEDAD,FRACCION VII,2025,3,01/07/2025
MZP930215CD1,MUNICIPIO DE ZIHUATEUTLA PUEBLA SIN TIPO DE SOCIEDAD,FRACCION VII,2025,4,01/07/2025
MZP930215CD1,MUNICIPIO DE ZIHUATEUTLA PUEBLA SIN TIPO DE SOCIEDAD,FRACCION VII,2025,5,01/07/2025
MTE751009KS6,MUNICIPIO DE TEMOSACHIC SIN TIPO DE SOCIEDAD,FRACCION VII,2024,11,01/07/2025
MAD8812014V1,MUNICIPIO DE AGUA DULCE VER SIN TIPO DE SOCIEDAD,FRACCION VII,2025,3,01/07/2025
MAD8812014V1,MUNICIPIO DE AGUA DULCE VER SIN TIPO DE SOCIEDAD,FRACCION VII,2025,4,01/07/2025
MAD8812014V1,MUNICIPIO DE AGUA DULCE VER SIN TIPO DE SOCIEDAD,FRACCION VII,2025,5,01/07/2025
MSM850101UVA,MUNICIPIO DE SENGUIO MICHOACAN SIN TIPO DE SOCIEDAD,FRACCION VII,2023,12,01/07/2025
JMP151208PAA,JUNTA MUNICIPAL DE POMUCH SIN TIPO DE SOCIEDAD,FRACCION VII,2024,7,01/07/2025
JMP151208PAA,JUNTA MUNICIPAL DE POMUCH SIN TIPO DE SOCIEDAD,FRACCION VII,2024,8,01/07/2025
ITS010524G95,INSTITUTO TECNOLOGICO SUPERIOR DE LAS CHOAPAS SIN TIPO DE SOCIEDAD,FRACCION VII,2022,3,01/07/2025
ITS010524G95,INSTITUTO TECNOLOGICO SUPERIOR DE LAS CHOAPAS SIN TIPO DE SOCIEDAD,FRACCION VII,2022,4,01/07/2025
ITS010524G95,INSTITUTO TECNOLOGICO SUPERIOR DE LAS CHOAPAS SIN TIPO DE SOCIEDAD,FRACCION VII,2022,5,01/07/2025
ITS010524G95,INSTITUTO TECNOLOGICO SUPERIOR DE LAS CHOAPAS SIN TIPO DE SOCIEDAD,FRACCION VII,2022,6,01/07/2025
ITS010524G95,INSTITUTO TECNOLOGICO SUPERIOR DE LAS CHOAPAS SIN TIPO DE SOCIEDAD,FRACCION VII,2022,7,01/07/2025
ITS010524G95,INSTITUTO TECNOLOGICO SUPERIOR DE LAS CHOAPAS SIN TIPO DE SOCIEDAD,FRACCION VII,2022,8,01/07/2025
ITS010524G95,INSTITUTO TECNOLOGICO SUPERIOR DE LAS CHOAPAS SIN TIPO DE SOCIEDAD,FRACCION VII,2022,9,01/07/2025
ITS010524G95,INSTITUTO TECNOLOGICO SUPERIOR DE LAS CHOAPAS SIN TIPO DE SOCIEDAD,FRACCION VII,2022,10,01/07/2025
ITS010524G95,INSTITUTO TECNOLOGICO SUPERIOR DE LAS CHOAPAS SIN TIPO DE SOCIEDAD,FRACCION VII,2022,11,01/07/2025
ITS010524G95,INSTITUTO TECNOLOGICO SUPERIOR DE LAS CHOAPAS SIN TIPO DE SOCIEDAD,FRACCION VII,2022,12,01/07/2025
ITS010524G95,INSTITUTO TECNOLOGICO SUPERIOR DE LAS CHOAPAS SIN TIPO DE SOCIEDAD,FRACCION VII,2023,1,01/07/2025
ITS010524G95,INSTITUTO TECNOLOGICO SUPERIOR DE LAS CHOAPAS SIN TIPO DE SOCIEDAD,FRACCION VII,2023,2,01/07/2025
ITS010524G95,INSTITUTO TECNOLOGICO SUPERIOR DE LAS CHOAPAS SIN TIPO DE SOCIEDAD,FRACCION VII,2023,3,01/07/2025
ITS010524G95,INSTITUTO TECNOLOGICO SUPERIOR DE LAS CHOAPAS SIN TIPO DE SOCIEDAD,FRACCION VII,2023,4,01/07/2025
ITS010524G95,INSTITUTO TECNOLOGICO SUPERIOR DE LAS CHOAPAS SIN TIPO DE SOCIEDAD,FRACCION VII,2023,5,01/07/2025
ITS010524G95,INSTITUTO TECNOLOGICO SUPERIOR DE LAS CHOAPAS SIN TIPO DE SOCIEDAD,FRACCION VII,2023,6,01/07/2025
ITS010524G95,INSTITUTO TECNOLOGICO SUPERIOR DE LAS CHOAPAS SIN TIPO DE SOCIEDAD,FRACCION VII,2023,7,01/07/2025
ITS010524G95,INSTITUTO TECNOLOGICO SUPERIOR DE LAS CHOAPAS SIN TIPO DE SOCIEDAD,FRACCION VII,2023,8,01/07/2025
ITS010524G95,INSTITUTO TECNOLOGICO SUPERIOR DE LAS CHOAPAS SIN TIPO DE SOCIEDAD,FRACCION VII,2023,9,01/07/2025
ITS010524G95,INSTITUTO TECNOLOGICO SUPERIOR DE LAS CHOAPAS SIN TIPO DE SOCIEDAD,FRACCION VII,2023,10,01/07/2025
ITS010524G95,INSTITUTO TECNOLOGICO SUPERIOR DE LAS CHOAPAS SIN TIPO DE SOCIEDAD,FRACCION VII,2023,11,01/07/2025
ITS010524G95,INSTITUTO TECNOLOGICO SUPERIOR DE LAS CHOAPAS SIN TIPO DE SOCIEDAD,FRACCION VII,2023,12,01/07/2025
MAC850101GX8,MUNICIPIO DE ARRIAGA SIN TIPO DE SOCIEDAD,FRACCION VII,2024,9,01/07/2025
MAC850101GX8,MUNICIPIO DE ARRIAGA SIN TIPO DE SOCIEDAD,FRACCION VII,2024,10,01/07/2025
MAC850101GX8,MUNICIPIO DE ARRIAGA SIN TIPO DE SOCIEDAD,FRACCION VII,2024,11,01/07/2025
MAC850101GX8,MUNICIPIO DE ARRIAGA SIN TIPO DE SOCIEDAD,FRACCION VII,2024,12,01/07/2025
MAC850101R74,MUNICIPIO DE ALTAMIRANO SIN TIPO DE SOCIEDAD,FRACCION VII,2021,4,01/07/2025
MAC850101R74,MUNICIPIO DE ALTAMIRANO SIN TIPO DE SOCIEDAD,FRACCION VII,2021,5,01/07/2025
MAC850101R74,MUNICIPIO DE ALTAMIRANO SIN TIPO DE SOCIEDAD,FRACCION VII,2021,6,01/07/2025
MAC850101R74,MUNICIPIO DE ALTAMIRANO SIN TIPO DE SOCIEDAD,FRACCION VII,2021,7,01/07/2025
MAC850101R74,MUNICIPIO DE ALTAMIRANO SIN TIPO DE SOCIEDAD,FRACCION VII,2021,8,01/07/2025
MAC850101R74,MUNICIPIO DE ALTAMIRANO SIN TIPO DE SOCIEDAD,FRACCION VII,2021,9,01/07/2025
ITS010523CQ7,INSTITUTO TECNOLOGICO SUPERIOR DE ACAYUCAN SIN TIPO DE SOCIEDAD,FRACCION VII,2023,6,01/07/2025
ITS010523CQ7,INSTITUTO TECNOLOGICO SUPERIOR DE ACAYUCAN SIN TIPO DE SOCIEDAD,FRACCION VII,2023,7,01/07/2025
ITS010523CQ7,INSTITUTO TECNOLOGICO SUPERIOR DE ACAYUCAN SIN TIPO DE SOCIEDAD,FRACCION VII,2023,8,01/07/2025
MAG930215HD9,MUNICIPIO DE AYOTOXCO DE GUERRERO PUEBLA SIN TIPO DE SOCIEDAD,FRACCION VII,2023,12,01/07/2025
MAG930215HD9,MUNICIPIO DE AYOTOXCO DE GUERRERO PUEBLA SIN TIPO DE SOCIEDAD,FRACCION VII,2024,5,01/07/2025
MAG930215HD9,MUNICIPIO DE AYOTOXCO DE GUERRERO PUEBLA SIN TIPO DE SOCIEDAD,FRACCION VII,2024,6,01/07/2025
MAG930215HD9,MUNICIPIO DE AYOTOXCO DE GUERRERO PUEBLA SIN TIPO DE SOCIEDAD,FRACCION VII,2024,7,01/07/2025
MAG930215HD9,MUNICIPIO DE AYOTOXCO DE GUERRERO PUEBLA SIN TIPO DE SOCIEDAD,FRACCION VII,2024,8,01/07/2025
MAG930215HD9,MUNICIPIO DE AYOTOXCO DE GUERRERO PUEBLA SIN TIPO DE SOCIEDAD,FRACCION VII,2024,9,01/07/2025
TMU460101IG0,MUNICIPIO SAN DIMAS SIN TIPO DE SOCIEDAD,FRACCION VII,2022,8,01/07/2025
ITS010524G95,INSTITUTO TECNOLOGICO SUPERIOR DE LAS CHOAPAS SIN TIPO DE SOCIEDAD,FRACCION VII,2022,2,01/07/2025
MAC850101R74,MUNICIPIO DE ALTAMIRANO SIN TIPO DE SOCIEDAD,FRACCION VII,2023,1,01/07/2025
MAC850101R74,MUNICIPIO DE ALTAMIRANO SIN TIPO DE SOCIEDAD,FRACCION VII,2023,2,01/07/2025
MAC850101R74,MUNICIPIO DE ALTAMIRANO SIN TIPO DE SOCIEDAD,FRACCION VII,2023,3,01/07/2025
MAC850101R74,MUNICIPIO DE ALTAMIRANO SIN TIPO DE SOCIEDAD,FRACCION VII,2023,4,01/07/2025
MAC850101R74,MUNICIPIO DE ALTAMIRANO SIN TIPO DE SOCIEDAD,FRACCION VII,2023,6,01/07/2025
MSY8501013Y2,MUNICIPIO DE SOTUTA SIN TIPO DE SOCIEDAD,FRACCION VII,2025,3,01/07/2025
MSY8501013Y2,MUNICIPIO DE SOTUTA SIN TIPO DE SOCIEDAD,FRACCION VII,2025,4,01/07/2025
MSY8501013Y2,MUNICIPIO DE SOTUTA SIN TIPO DE SOCIEDAD,FRACCION VII,2025,5,01/07/2025
MSO850101NF5,MUNICIPIO DE SILACAYOAPAM SIN TIPO DE SOCIEDAD,FRACCION VII,2024,11,01/07/2025
MSO850101NF5,MUNICIPIO DE SILACAYOAPAM SIN TIPO DE SOCIEDAD,FRACCION VII,2024,12,01/07/2025
MAM850101IE8,MUNICIPIO DE ANGAMACUTIRO MICHOACAN SIN TIPO DE SOCIEDAD,FRACCION VII,2025,3,01/07/2025
MAM850101IE8,MUNICIPIO DE ANGAMACUTIRO MICHOACAN SIN TIPO DE SOCIEDAD,FRACCION VII,2025,4,01/07/2025
MAM850101IE8,MUNICIPIO DE ANGAMACUTIRO MICHOACAN SIN TIPO DE SOCIEDAD,FRACCION VII,2025,5,01/07/2025
MSY860201B36,MUNICIPIO DE SAMAHIL SIN TIPO DE SOCIEDAD,FRACCION VII,2021,10,01/07/2025
MSY860201B36,MUNICIPIO DE SAMAHIL SIN TIPO DE SOCIEDAD,FRACCION VII,2021,11,01/07/2025
MSY8501018N0,MUNICIPIO DE SUCILA SIN TIPO DE SOCIEDAD,FRACCION VII,2025,3,01/07/2025
MSY8501018N0,MUNICIPIO DE SUCILA SIN TIPO DE SOCIEDAD,FRACCION VII,2025,4,01/07/2025
MSY8501018N0,MUNICIPIO DE SUCILA SIN TIPO DE SOCIEDAD,FRACCION VII,2025,5,01/07/2025
MAM850101215,MUNICIPIO DE AMANALCO SIN TIPO DE SOCIEDAD,FRACCION VII,2024,12,01/07/2025
MAM850101215,MUNICIPIO DE AMANALCO SIN TIPO DE SOCIEDAD,FRACCION VII,2025,2,01/07/2025
MAM850101215,MUNICIPIO DE AMANALCO SIN TIPO DE SOCIEDAD,FRACCION VII,2025,3,01/07/2025
MAM850101215,MUNICIPIO DE AMANALCO SIN TIPO DE SOCIEDAD,FRACCION VII,2025,4,01/07/2025
MAM850101215,MUNICIPIO DE AMANALCO SIN TIPO DE SOCIEDAD,FRACCION VII,2025,5,01/07/2025
MTP850101PQ6,MUNICIPIO DE TELCHAC PUERTO SIN TIPO DE SOCIEDAD,FRACCION VII,2024,4,01/07/2025
MTP850101PQ6,MUNICIPIO DE TELCHAC PUERTO SIN TIPO DE SOCIEDAD,FRACCION VII,2024,5,01/07/2025
MTP850101PQ6,MUNICIPIO DE TELCHAC PUERTO SIN TIPO DE SOCIEDAD,FRACCION VII,2024,6,01/07/2025
MTP850101PQ6,MUNICIPIO DE TELCHAC PUERTO SIN TIPO DE SOCIEDAD,FRACCION VII,2024,7,01/07/2025
MTP850101PQ6,MUNICIPIO DE TELCHAC PUERTO SIN TIPO DE SOCIEDAD,FRACCION VII,2024,8,01/07/2025
MSP850101AB9,MUNICIPIO DE SAN PABLO MACUILTIANGUIS SIN TIPO DE SOCIEDAD,FRACCION VII,2024,6,01/07/2025
ITS030704M68,INSTITUTO TECNOLOGICO SUPERIOR DE SAN LUIS POTOSI CAPITAL SIN TIPO DE SOCIEDAD,FRACCION VII,2023,8,01/07/2025
ITS030704M68,INSTITUTO TECNOLOGICO SUPERIOR DE SAN LUIS POTOSI CAPITAL SIN TIPO DE SOCIEDAD,FRACCION VII,2023,9,01/07/2025
ITS030704M68,INSTITUTO TECNOLOGICO SUPERIOR DE SAN LUIS POTOSI CAPITAL SIN TIPO DE SOCIEDAD,FRACCION VII,2023,10,01/07/2025
ITS030704M68,INSTITUTO TECNOLOGICO SUPERIOR DE SAN LUIS POTOSI CAPITAL SIN TIPO DE SOCIEDAD,FRACCION VII,2023,11,01/07/2025
ITS030704M68,INSTITUTO TECNOLOGICO SUPERIOR DE SAN LUIS POTOSI CAPITAL SIN TIPO DE SOCIEDAD,FRACCION VII,2023,12,01/07/2025
ITS030704M68,INSTITUTO TECNOLOGICO SUPERIOR DE SAN LUIS POTOSI CAPITAL SIN TIPO DE SOCIEDAD,FRACCION VII,2024,1,01/07/2025
ITS030704M68,INSTITUTO TECNOLOGICO SUPERIOR DE SAN LUIS POTOSI CAPITAL SIN TIPO DE SOCIEDAD,FRACCION VII,2024,3,01/07/2025
ITS030704M68,INSTITUTO TECNOLOGICO SUPERIOR DE SAN LUIS POTOSI CAPITAL SIN TIPO DE SOCIEDAD,FRACCION VII,2024,4,01/07/2025
ITS030704M68,INSTITUTO TECNOLOGICO SUPERIOR DE SAN LUIS POTOSI CAPITAL SIN TIPO DE SOCIEDAD,FRACCION VII,2024,5,01/07/2025
ITS030704M68,INSTITUTO TECNOLOGICO SUPERIOR DE SAN LUIS POTOSI CAPITAL SIN TIPO DE SOCIEDAD,FRACCION VII,2024,6,01/07/2025
ITS030704M68,INSTITUTO TECNOLOGICO SUPERIOR DE SAN LUIS POTOSI CAPITAL SIN TIPO DE SOCIEDAD,FRACCION VII,2024,7,01/07/2025
ITS030704M68,INSTITUTO TECNOLOGICO SUPERIOR DE SAN LUIS POTOSI CAPITAL SIN TIPO DE SOCIEDAD,FRACCION VII,2024,8,01/07/2025
ITS030704M68,INSTITUTO TECNOLOGICO SUPERIOR DE SAN LUIS POTOSI CAPITAL SIN TIPO DE SOCIEDAD,FRACCION VII,2024,9,01/07/2025
ITS030704M68,INSTITUTO TECNOLOGICO SUPERIOR DE SAN LUIS POTOSI CAPITAL SIN TIPO DE SOCIEDAD,FRACCION VII,2024,10,01/07/2025
ITS030704M68,INSTITUTO TECNOLOGICO SUPERIOR DE SAN LUIS POTOSI CAPITAL SIN TIPO DE SOCIEDAD,FRACCION VII,2024,11,01/07/2025
ITS030704M68,INSTITUTO TECNOLOGICO SUPERIOR DE SAN LUIS POTOSI CAPITAL SIN TIPO DE SOCIEDAD,FRACCION VII,2024,12,01/07/2025
ITS030704M68,INSTITUTO TECNOLOGICO SUPERIOR DE SAN LUIS POTOSI CAPITAL SIN TIPO DE SOCIEDAD,FRACCION VII,2025,2,01/07/2025
ITS030704M68,INSTITUTO TECNOLOGICO SUPERIOR DE SAN LUIS POTOSI CAPITAL SIN TIPO DE SOCIEDAD,FRACCION VII,2025,3,01/07/2025
ITS030704M68,INSTITUTO TECNOLOGICO SUPERIOR DE SAN LUIS POTOSI CAPITAL SIN TIPO DE SOCIEDAD,FRACCION VII,2025,4,01/07/2025
ITS030704M68,INSTITUTO TECNOLOGICO SUPERIOR DE SAN LUIS POTOSI CAPITAL SIN TIPO DE SOCIEDAD,FRACCION VII,2025,5,01/07/2025
MAA910101460,MUNICIPIO DE ALMOLOYA DE ALQUISIRAS SIN TIPO DE SOCIEDAD,FRACCION VII,2025,3,01/07/2025
MTS850101734,MUNICIPIO TANLAJAS SLP SIN TIPO DE SOCIEDAD,FRACCION VII,2025,3,01/07/2025
MTS850101734,MUNICIPIO TANLAJAS SLP SIN TIPO DE SOCIEDAD,FRACCION VII,2025,4,01/07/2025
MTS850101734,MUNICIPIO TANLAJAS SLP SIN TIPO DE SOCIEDAD,FRACCION VII,2025,5,01/07/2025
MAG930215HD9,MUNICIPIO DE AYOTOXCO DE GUERRERO PUEBLA SIN TIPO DE SOCIEDAD,FRACCION VII,2022,11,01/07/2025
MAG930215HD9,MUNICIPIO DE AYOTOXCO DE GUERRERO PUEBLA SIN TIPO DE SOCIEDAD,FRACCION VII,2022,12,01/07/2025
MAG930215HD9,MUNICIPIO DE AYOTOXCO DE GUERRERO PUEBLA SIN TIPO DE SOCIEDAD,FRACCION VII,2023,7,01/07/2025
MAG930215HD9,MUNICIPIO DE AYOTOXCO DE GUERRERO PUEBLA SIN TIPO DE SOCIEDAD,FRACCION VII,2023,8,01/07/2025
MAG930215HD9,MUNICIPIO DE AYOTOXCO DE GUERRERO PUEBLA SIN TIPO DE SOCIEDAD,FRACCION VII,2023,9,01/07/2025
MAG930215HD9,MUNICIPIO DE AYOTOXCO DE GUERRERO PUEBLA SIN TIPO DE SOCIEDAD,FRACCION VII,2023,10,01/07/2025
MAG930215HD9,MUNICIPIO DE AYOTOXCO DE GUERRERO PUEBLA SIN TIPO DE SOCIEDAD,FRACCION VII,2023,11,01/07/2025
ITS100312NTA,INSTITUTO TECNOLOGICO SUPERIOR DE MUZQUIZ SIN TIPO DE SOCIEDAD,FRACCION VII,2022,11,01/07/2025
ITS100312NTA,INSTITUTO TECNOLOGICO SUPERIOR DE MUZQUIZ SIN TIPO DE SOCIEDAD,FRACCION VII,2022,12,01/07/2025
ITS100312NTA,INSTITUTO TECNOLOGICO SUPERIOR DE MUZQUIZ SIN TIPO DE SOCIEDAD,FRACCION VII,2023,7,01/07/2025
ITS100312NTA,INSTITUTO TECNOLOGICO SUPERIOR DE MUZQUIZ SIN TIPO DE SOCIEDAD,FRACCION VII,2023,8,01/07/2025
ITS100312NTA,INSTITUTO TECNOLOGICO SUPERIOR DE MUZQUIZ SIN TIPO DE SOCIEDAD,FRACCION VII,2023,9,01/07/2025
ITS100312NTA,INSTITUTO TECNOLOGICO SUPERIOR DE MUZQUIZ SIN TIPO DE SOCIEDAD,FRACCION VII,2023,10,01/07/2025
ITS100312NTA,INSTITUTO TECNOLOGICO SUPERIOR DE MUZQUIZ SIN TIPO DE SOCIEDAD,FRACCION VII,2023,11,01/07/2025
ITS100312NTA,INSTITUTO TECNOLOGICO SUPERIOR DE MUZQUIZ SIN TIPO DE SOCIEDAD,FRACCION VII,2023,12,01/07/2025
MAC850101R74,MUNICIPIO DE ALTAMIRANO SIN TIPO DE SOCIEDAD,FRACCION VII,2025,5,01/07/2025
MTG850101961,MUNICIPIO DE TLALIXTAQUILLA DE MALDONADO SIN TIPO DE SOCIEDAD,FRACCION VII,2024,2,01/07/2025
MTG850101961,MUNICIPIO DE TLALIXTAQUILLA DE MALDONADO SIN TIPO DE SOCIEDAD,FRACCION VII,2024,3,01/07/2025
MTG850101961,MUNICIPIO DE TLALIXTAQUILLA DE MALDONADO SIN TIPO DE SOCIEDAD,FRACCION VII,2024,4,01/07/2025
MTG850101961,MUNICIPIO DE TLALIXTAQUILLA DE MALDONADO SIN TIPO DE SOCIEDAD,FRACCION VII,2024,5,01/07/2025
MTG850101961,MUNICIPIO DE TLALIXTAQUILLA DE MALDONADO SIN TIPO DE SOCIEDAD,FRACCION VII,2024,6,01/07/2025
MTG850101961,MUNICIPIO DE TLALIXTAQUILLA DE MALDONADO SIN TIPO DE SOCIEDAD,FRACCION VII,2024,9,01/07/2025
MAG850101A26,MUNICIPIO DE ALCOZAUCA DE GUERRERO GUERRERO SIN TIPO DE SOCIEDAD,FRACCION VII,2021,12,01/07/2025
JMP151208PAA,JUNTA MUNICIPAL DE POMUCH SIN TIPO DE SOCIEDAD,FRACCION VII,2023,1,01/07/2025
JMP151208PAA,JUNTA MUNICIPAL DE POMUCH SIN TIPO DE SOCIEDAD,FRACCION VII,2023,2,01/07/2025
JMP151208PAA,JUNTA MUNICIPAL DE POMUCH SIN TIPO DE SOCIEDAD,FRACCION VII,2023,3,01/07/2025
JMP151208PAA,JUNTA MUNICIPAL DE POMUCH SIN TIPO DE SOCIEDAD,FRACCION VII,2023,4,01/07/2025
JMP151208PAA,JUNTA MUNICIPAL DE POMUCH SIN TIPO DE SOCIEDAD,FRACCION VII,2023,5,01/07/2025
JMP151208PAA,JUNTA MUNICIPAL DE POMUCH SIN TIPO DE SOCIEDAD,FRACCION VII,2023,6,01/07/2025
JMP151208PAA,JUNTA MUNICIPAL DE POMUCH SIN TIPO DE SOCIEDAD,FRACCION VII,2023,7,01/07/2025
MSS850101QL7,MUNICIPIO SAN SEBASTIAN IXCAPA SIN TIPO DE SOCIEDAD,FRACCION VII,2025,3,01/07/2025
MSS850101QL7,MUNICIPIO SAN SEBASTIAN IXCAPA SIN TIPO DE SOCIEDAD,FRACCION VII,2025,4,01/07/2025
MSS850101QL7,MUNICIPIO SAN SEBASTIAN IXCAPA SIN TIPO DE SOCIEDAD,FRACCION VII,2025,5,01/07/2025
MSY850101IZA,MUNICIPIO DE SINANCHE SIN TIPO DE SOCIEDAD,FRACCION VII,2024,12,01/07/2025
MSY850101IZA,MUNICIPIO DE SINANCHE SIN TIPO DE SOCIEDAD,FRACCION VII,2025,3,01/07/2025
MSY850101IZA,MUNICIPIO DE SINANCHE SIN TIPO DE SOCIEDAD,FRACCION VII,2025,4,01/07/2025
MSY850101IZA,MUNICIPIO DE SINANCHE SIN TIPO DE SOCIEDAD,FRACCION VII,2025,5,01/07/2025
ITS0609272J6,INSTITUTO TECNOLOGICO SUPERIOR DE CHAMPOTON SIN TIPO DE SOCIEDAD,FRACCION VII,2021,12,01/07/2025
MAP850101PA7,MUNICIPIO DE APULCO ZAC SIN TIPO DE SOCIEDAD,FRACCION VII,2024,9,01/07/2025
MAP850101PA7,MUNICIPIO DE APULCO ZAC SIN TIPO DE SOCIEDAD,FRACCION VII,2025,3,01/07/2025
MAP850101PA7,MUNICIPIO DE APULCO ZAC SIN TIPO DE SOCIEDAD,FRACCION VII,2025,4,01/07/2025
MAP850101PA7,MUNICIPIO DE APULCO ZAC SIN TIPO DE SOCIEDAD,FRACCION VII,2025,5,01/07/2025
MST670215CTA,MUNICIPIO DE SANTIAGO TUXTLA VER SIN TIPO DE SOCIEDAD,FRACCION VII,2022,12,01/07/2025
MST670215CTA,MUNICIPIO DE SANTIAGO TUXTLA VER SIN TIPO DE SOCIEDAD,FRACCION VII,2023,1,01/07/2025
MST670215CTA,MUNICIPIO DE SANTIAGO TUXTLA VER SIN TIPO DE SOCIEDAD,FRACCION VII,2023,2,01/07/2025
MST670215CTA,MUNICIPIO DE SANTIAGO TUXTLA VER SIN TIPO DE SOCIEDAD,FRACCION VII,2023,3,01/07/2025
MST670215CTA,MUNICIPIO DE SANTIAGO TUXTLA VER SIN TIPO DE SOCIEDAD,FRACCION VII,2023,4,01/07/2025
MST670215CTA,MUNICIPIO DE SANTIAGO TUXTLA VER SIN TIPO DE SOCIEDAD,FRACCION VII,2023,5,01/07/2025
MST670215CTA,MUNICIPIO DE SANTIAGO TUXTLA VER SIN TIPO DE SOCIEDAD,FRACCION VII,2023,6,01/07/2025
MST670215CTA,MUNICIPIO DE SANTIAGO TUXTLA VER SIN TIPO DE SOCIEDAD,FRACCION VII,2023,7,01/07/2025
MST670215CTA,MUNICIPIO DE SANTIAGO TUXTLA VER SIN TIPO DE SOCIEDAD,FRACCION VII,2023,8,01/07/2025
MST670215CTA,MUNICIPIO DE SANTIAGO TUXTLA VER SIN TIPO DE SOCIEDAD,FRACCION VII,2023,9,01/07/2025
MST670215CTA,MUNICIPIO DE SANTIAGO TUXTLA VER SIN TIPO DE SOCIEDAD,FRACCION VII,2023,10,01/07/2025
MST670215CTA,MUNICIPIO DE SANTIAGO TUXTLA VER SIN TIPO DE SOCIEDAD,FRACCION VII,2023,11,01/07/2025
MST670215CTA,MUNICIPIO DE SANTIAGO TUXTLA VER SIN TIPO DE SOCIEDAD,FRACCION VII,2023,12,01/07/2025
MST670215CTA,MUNICIPIO DE SANTIAGO TUXTLA VER SIN TIPO DE SOCIEDAD,FRACCION VII,2024,1,01/07/2025
MST670215CTA,MUNICIPIO DE SANTIAGO TUXTLA VER SIN TIPO DE SOCIEDAD,FRACCION VII,2024,2,01/07/2025
MST670215CTA,MUNICIPIO DE SANTIAGO TUXTLA VER SIN TIPO DE SOCIEDAD,FRACCION VII,2024,3,01/07/2025
MST670215CTA,MUNICIPIO DE SANTIAGO TUXTLA VER SIN TIPO DE SOCIEDAD,FRACCION VII,2024,4,01/07/2025
MST670215CTA,MUNICIPIO DE SANTIAGO TUXTLA VER SIN TIPO DE SOCIEDAD,FRACCION VII,2024,5,01/07/2025
MST670215CTA,MUNICIPIO DE SANTIAGO TUXTLA VER SIN TIPO DE SOCIEDAD,FRACCION VII,2024,6,01/07/2025
MST670215CTA,MUNICIPIO DE SANTIAGO TUXTLA VER SIN TIPO DE SOCIEDAD,FRACCION VII,2024,7,01/07/2025
MST670215CTA,MUNICIPIO DE SANTIAGO TUXTLA VER SIN TIPO DE SOCIEDAD,FRACCION VII,2024,8,01/07/2025
MST670215CTA,MUNICIPIO DE SANTIAGO TUXTLA VER SIN TIPO DE SOCIEDAD,FRACCION VII,2024,9,01/07/2025
MST670215CTA,MUNICIPIO DE SANTIAGO TUXTLA VER SIN TIPO DE SOCIEDAD,FRACCION VII,2024,10,01/07/2025
MST670215CTA,MUNICIPIO DE SANTIAGO TUXTLA VER SIN TIPO DE SOCIEDAD,FRACCION VII,2024,11,01/07/2025
MST670215CTA,MUNICIPIO DE SANTIAGO TUXTLA VER SIN TIPO DE SOCIEDAD,FRACCION VII,2024,12,01/07/2025
MST670215CTA,MUNICIPIO DE SANTIAGO TUXTLA VER SIN TIPO DE SOCIEDAD,FRACCION VII,2025,1,01/07/2025
MST670215CTA,MUNICIPIO DE SANTIAGO TUXTLA VER SIN TIPO DE SOCIEDAD,FRACCION VII,2025,3,01/07/2025
MST670215CTA,MUNICIPIO DE SANTIAGO TUXTLA VER SIN TIPO DE SOCIEDAD,FRACCION VII,2025,4,01/07/2025
MST670215CTA,MUNICIPIO DE SANTIAGO TUXTLA VER SIN TIPO DE SOCIEDAD,FRACCION VII,2025,5,01/07/2025
MSY860201B36,MUNICIPIO DE SAMAHIL SIN TIPO DE SOCIEDAD,FRACCION VII,2024,9,01/07/2025
MSY860201B36,MUNICIPIO DE SAMAHIL SIN TIPO DE SOCIEDAD,FRACCION VII,2025,3,01/07/2025
MSY860201B36,MUNICIPIO DE SAMAHIL SIN TIPO DE SOCIEDAD,FRACCION VII,2025,4,01/07/2025
MSY860201B36,MUNICIPIO DE SAMAHIL SIN TIPO DE SOCIEDAD,FRACCION VII,2025,5,01/07/2025
SMD950102AN7,SISTEMA MUNICIPAL PARA EL DESARROLLO INTEGRAL DE LA FAMILIA DE ALMOLOYA DE JUAREZ SIN TIPO DE SOCIEDAD,FRACCION VII,2024,1,01/07/2025
MTM850101AS2,MUNICIPIO DE TANGAMANDAPIO MICHOACAN SIN TIPO DE SOCIEDAD,FRACCION VII,2025,3,01/07/2025
MTM850101AS2,MUNICIPIO DE TANGAMANDAPIO MICHOACAN SIN TIPO DE SOCIEDAD,FRACCION VII,2025,4,01/07/2025
MTM850101AS2,MUNICIPIO DE TANGAMANDAPIO MICHOACAN SIN TIPO DE SOCIEDAD,FRACCION VII,2025,5,01/07/2025
MAY8501018B2,MUNICIPIO DE ABALA SIN TIPO DE SOCIEDAD,FRACCION VII,2025,3,01/07/2025
MAY8501018B2,MUNICIPIO DE ABALA SIN TIPO DE SOCIEDAD,FRACCION VII,2025,4,01/07/2025
MAY8501018B2,MUNICIPIO DE ABALA SIN TIPO DE SOCIEDAD,FRACCION VII,2025,5,01/07/2025
MAN850101KQA,MUNICIPIO DE AUTLAN DE NAVARRO JALISCO SIN TIPO DE SOCIEDAD,FRACCION VII,2025,2,01/07/2025
MAN850101KQA,MUNICIPIO DE AUTLAN DE NAVARRO JALISCO SIN TIPO DE SOCIEDAD,FRACCION VII,2025,3,01/07/2025
MAN850101KQA,MUNICIPIO DE AUTLAN DE NAVARRO JALISCO SIN TIPO DE SOCIEDAD,FRACCION VII,2025,4,01/07/2025
MAN850101KQA,MUNICIPIO DE AUTLAN DE NAVARRO JALISCO SIN TIPO DE SOCIEDAD,FRACCION VII,2025,5,01/07/2025
MTE7501023Z6,MUNICIPIO DE TETECALA SIN TIPO DE SOCIEDAD,FRACCION VII,2025,5,01/07/2025
MTG850101JY1,MUNICIPIO DE TUZAMAPAN DE GALEANA SIN TIPO DE SOCIEDAD,FRACCION VII,2025,3,01/07/2025
MTG850101JY1,MUNICIPIO DE TUZAMAPAN DE GALEANA SIN TIPO DE SOCIEDAD,FRACCION VII,2025,4,01/07/2025
MTG850101JY1,MUNICIPIO DE TUZAMAPAN DE GALEANA SIN TIPO DE SOCIEDAD,FRACCION VII,2025,5,01/07/2025
MTP850101PQ6,MUNICIPIO DE TELCHAC PUERTO SIN TIPO DE SOCIEDAD,FRACCION VII,2022,12,01/07/2025
MTP850101PQ6,MUNICIPIO DE TELCHAC PUERTO SIN TIPO DE SOCIEDAD,FRACCION VII,2024,1,01/07/2025
MTP850101PQ6,MUNICIPIO DE TELCHAC PUERTO SIN TIPO DE SOCIEDAD,FRACCION VII,2024,2,01/07/2025
MTP850101PQ6,MUNICIPIO DE TELCHAC PUERTO SIN TIPO DE SOCIEDAD,FRACCION VII,2024,3,01/07/2025
MTG850101RQ1,MUNICIPIO DE TEUL DE GONZALEZ ORTEGA ZAC SIN TIPO DE SOCIEDAD,FRACCION VII,2023,5,01/07/2025
MTG850101RQ1,MUNICIPIO DE TEUL DE GONZALEZ ORTEGA ZAC SIN TIPO DE SOCIEDAD,FRACCION VII,2023,7,01/07/2025
SES870401TX8,SERVICIOS ESTATALES DE SALUD SIN TIPO DE SOCIEDAD,FRACCION VII,2025,3,01/07/2025
SSS960912HW9,SERVICIOS DE SALUD DE SAN LUIS POTOSI SIN TIPO DE SOCIEDAD,FRACCION VII,2024,3,01/07/2025
SSS960912HW9,SERVICIOS DE SALUD DE SAN LUIS POTOSI SIN TIPO DE SOCIEDAD,FRACCION VII,2024,4,01/07/2025
SSS960912HW9,SERVICIOS DE SALUD DE SAN LUIS POTOSI SIN TIPO DE SOCIEDAD,FRACCION VII,2024,5,01/07/2025
SSS960912HW9,SERVICIOS DE SALUD DE SAN LUIS POTOSI SIN TIPO DE SOCIEDAD,FRACCION VII,2024,6,01/07/2025
SSS960912HW9,SERVICIOS DE SALUD DE SAN LUIS POTOSI SIN TIPO DE SOCIEDAD,FRACCION VII,2024,7,01/07/2025
MTE850101RK2,MUNICIPIO DE TAMAZULAPAM DEL ESPIRITU SANTO SIN TIPO DE SOCIEDAD,FRACCION VII,2025,5,01/07/2025
MTG850101961,MUNICIPIO DE TLALIXTAQUILLA DE MALDONADO SIN TIPO DE SOCIEDAD,FRACCION VII,2023,12,01/07/2025
MAN8501013X3,MUNICIPIO DE ACAPONETA NAYARIT SIN TIPO DE SOCIEDAD,FRACCION VII,2025,3,01/07/2025
MAN8501013X3,MUNICIPIO DE ACAPONETA NAYARIT SIN TIPO DE SOCIEDAD,FRACCION VII,2025,4,01/07/2025
MAN8501013X3,MUNICIPIO DE ACAPONETA NAYARIT SIN TIPO DE SOCIEDAD,FRACCION VII,2025,5,01/07/2025
MTL940606SL8,MUNICIPIO DE TLALNEPANTLA SIN TIPO DE SOCIEDAD,FRACCION VII,2025,3,01/07/2025
MTL940606SL8,MUNICIPIO DE TLALNEPANTLA SIN TIPO DE SOCIEDAD,FRACCION VII,2025,4,01/07/2025
MTL940606SL8,MUNICIPIO DE TLALNEPANTLA SIN TIPO DE SOCIEDAD,FRACCION VII,2025,5,01/07/2025
MTG850101RQ1,MUNICIPIO DE TEUL DE GONZALEZ ORTEGA ZAC SIN TIPO DE SOCIEDAD,FRACCION VII,2025,3,01/07/2025
MTG850101RQ1,MUNICIPIO DE TEUL DE GONZALEZ ORTEGA ZAC SIN TIPO DE SOCIEDAD,FRACCION VII,2025,4,01/07/2025
MAT8501015S3,MUNICIPIO DE ANIMAS TRUJANO SIN TIPO DE SOCIEDAD,FRACCION VII,2024,1,01/07/2025
MAT8501015S3,MUNICIPIO DE ANIMAS TRUJANO SIN TIPO DE SOCIEDAD,FRACCION VII,2024,2,01/07/2025
MAT8501015S3,MUNICIPIO DE ANIMAS TRUJANO SIN TIPO DE SOCIEDAD,FRACCION VII,2024,3,01/07/2025
MAT8501015S3,MUNICIPIO DE ANIMAS TRUJANO SIN TIPO DE SOCIEDAD,FRACCION VII,2024,4,01/07/2025
MAT8501015S3,MUNICIPIO DE ANIMAS TRUJANO SIN TIPO DE SOCIEDAD,FRACCION VII,2024,5,01/07/2025
MAT8501015S3,MUNICIPIO DE ANIMAS TRUJANO SIN TIPO DE SOCIEDAD,FRACCION VII,2024,6,01/07/2025
MAT8501015S3,MUNICIPIO DE ANIMAS TRUJANO SIN TIPO DE SOCIEDAD,FRACCION VII,2025,3,01/07/2025
MAT8501015S3,MUNICIPIO DE ANIMAS TRUJANO SIN TIPO DE SOCIEDAD,FRACCION VII,2025,4,01/07/2025
MAT8501015S3,MUNICIPIO DE ANIMAS TRUJANO SIN TIPO DE SOCIEDAD,FRACCION VII,2025,5,01/07/2025
MAP8501017D3,MUNICIPIO DE AHUATLAN PUEBLA SIN TIPO DE SOCIEDAD,FRACCION VII,2024,10,01/07/2025
MAP8501017D3,MUNICIPIO DE AHUATLAN PUEBLA SIN TIPO DE SOCIEDAD,FRACCION VII,2024,11,01/07/2025
MAP8501017D3,MUNICIPIO DE AHUATLAN PUEBLA SIN TIPO DE SOCIEDAD,FRACCION VII,2024,12,01/07/2025
MAP8501017D3,MUNICIPIO DE AHUATLAN PUEBLA SIN TIPO DE SOCIEDAD,FRACCION VII,2025,4,01/07/2025
UTA131115BWA,UNIVERSIDAD TECNOLOGICA DE ACAPULCO SIN TIPO DE SOCIEDAD,FRACCION VII,2024,11,01/07/2025
UTA131115BWA,UNIVERSIDAD TECNOLOGICA DE ACAPULCO SIN TIPO DE SOCIEDAD,FRACCION VII,2024,12,01/07/2025
UTA131115BWA,UNIVERSIDAD TECNOLOGICA DE ACAPULCO SIN TIPO DE SOCIEDAD,FRACCION VII,2025,1,01/07/2025
PMF8501018P3,PRESIDENCIA MUNICIPAL DE FRANCISCO I MADERO COAH SIN TIPO DE SOCIEDAD,FRACCION VII,2024,8,01/07/2025
PMF8501018P3,PRESIDENCIA MUNICIPAL DE FRANCISCO I MADERO COAH SIN TIPO DE SOCIEDAD,FRACCION VII,2024,9,01/07/2025
PMF8501018P3,PRESIDENCIA MUNICIPAL DE FRANCISCO I MADERO COAH SIN TIPO DE SOCIEDAD,FRACCION VII,2024,10,01/07/2025
PMF8501018P3,PRESIDENCIA MUNICIPAL DE FRANCISCO I MADERO COAH SIN TIPO DE SOCIEDAD,FRACCION VII,2024,11,01/07/2025
PMF8501018P3,PRESIDENCIA MUNICIPAL DE FRANCISCO I MADERO COAH SIN TIPO DE SOCIEDAD,FRACCION VII,2024,12,01/07/2025
PMF8501018P3,PRESIDENCIA MUNICIPAL DE FRANCISCO I MADERO COAH SIN TIPO DE SOCIEDAD,FRACCION VII,2025,1,01/07/2025
PMF8501018P3,PRESIDENCIA MUNICIPAL DE FRANCISCO I MADERO COAH SIN TIPO DE SOCIEDAD,FRACCION VII,2025,2,01/07/2025
PMF8501018P3,PRESIDENCIA MUNICIPAL DE FRANCISCO I MADERO COAH SIN TIPO DE SOCIEDAD,FRACCION VII,2025,3,01/07/2025
PMF8501018P3,PRESIDENCIA MUNICIPAL DE FRANCISCO I MADERO COAH SIN TIPO DE SOCIEDAD,FRACCION VII,2025,4,01/07/2025
PMF8501018P3,PRESIDENCIA MUNICIPAL DE FRANCISCO I MADERO COAH SIN TIPO DE SOCIEDAD,FRACCION VII,2025,5,01/07/2025
MBA6201018K1,MUNICIPIO DE BALLEZA SIN TIPO DE SOCIEDAD,FRACCION VII,2025,3,01/07/2025
MBA6201018K1,MUNICIPIO DE BALLEZA SIN TIPO DE SOCIEDAD,FRACCION VII,2025,4,01/07/2025
MBA6201018K1,MUNICIPIO DE BALLEZA SIN TIPO DE SOCIEDAD,FRACCION VII,2025,5,01/07/2025
MTM850101PP4,MUNICIPIO DE TLACOLULA DE MATAMOROS SIN TIPO DE SOCIEDAD,FRACCION VII,2025,5,01/07/2025
SEG910814HCA,SECRETARIA DE EDUCACION GUERRERO SIN TIPO DE SOCIEDAD,FRACCION VII,2025,3,01/07/2025
SEG910814HCA,SECRETARIA DE EDUCACION GUERRERO SIN TIPO DE SOCIEDAD,FRACCION VII,2025,4,01/07/2025
SEG910814HCA,SECRETARIA DE EDUCACION GUERRERO SIN TIPO DE SOCIEDAD,FRACCION VII,2025,5,01/07/2025
MTE7501023Z6,MUNICIPIO DE TETECALA SIN TIPO DE SOCIEDAD,FRACCION VII,2025,3,01/07/2025
MTE7501023Z6,MUNICIPIO DE TETECALA SIN TIPO DE SOCIEDAD,FRACCION VII,2025,4,01/07/2025
MTM850101GY5,MUNICIPIO DE TIQUICHEO MICHOACAN SIN TIPO DE SOCIEDAD,FRACCION VII,2025,3,01/07/2025
MTM850101GY5,MUNICIPIO DE TIQUICHEO MICHOACAN SIN TIPO DE SOCIEDAD,FRACCION VII,2025,4,01/07/2025
MTM850101GY5,MUNICIPIO DE TIQUICHEO MICHOACAN SIN TIPO DE SOCIEDAD,FRACCION VII,2025,5,01/07/2025
SES870401TX8,SERVICIOS ESTATALES DE SALUD SIN TIPO DE SOCIEDAD,FRACCION VII,2022,2,01/07/2025
SET850416UF2,SISTEMA ESTATAL DE TELESECUNDARIA SIN TIPO DE SOCIEDAD,FRACCION VII,2022,8,01/07/2025
MTM850101PE6,MUNICIPIO DE TANHUATO MICHOACAN SIN TIPO DE SOCIEDAD,FRACCION VII,2021,8,01/07/2025
MTM850101T94,MUNICIPIO DE TZINTZUNTZAN MICHOACAN SIN TIPO DE SOCIEDAD,FRACCION VII,2025,3,01/07/2025
MTM850101T94,MUNICIPIO DE TZINTZUNTZAN MICHOACAN SIN TIPO DE SOCIEDAD,FRACCION VII,2025,4,01/07/2025
MTM850101T94,MUNICIPIO DE TZINTZUNTZAN MICHOACAN SIN TIPO DE SOCIEDAD,FRACCION VII,2025,5,01/07/2025
PMM850101343,PRESIDENCIA MUNICIPAL DE MATAMOROS COAH SIN TIPO DE SOCIEDAD,FRACCION VII,2022,12,01/07/2025
PMM850101343,PRESIDENCIA MUNICIPAL DE MATAMOROS COAH SIN TIPO DE SOCIEDAD,FRACCION VII,2023,2,01/07/2025
PMM850101343,PRESIDENCIA MUNICIPAL DE MATAMOROS COAH SIN TIPO DE SOCIEDAD,FRACCION VII,2023,8,01/07/2025
PMM850101343,PRESIDENCIA MUNICIPAL DE MATAMOROS COAH SIN TIPO DE SOCIEDAD,FRACCION VII,2023,10,01/07/2025
PMM850101343,PRESIDENCIA MUNICIPAL DE MATAMOROS COAH SIN TIPO DE SOCIEDAD,FRACCION VII,2023,11,01/07/2025
PMM850101343,PRESIDENCIA MUNICIPAL DE MATAMOROS COAH SIN TIPO DE SOCIEDAD,FRACCION VII,2023,12,01/07/2025
PMM850101343,PRESIDENCIA MUNICIPAL DE MATAMOROS COAH SIN TIPO DE SOCIEDAD,FRACCION VII,2024,1,01/07/2025
PMM850101343,PRESIDENCIA MUNICIPAL DE MATAMOROS COAH SIN TIPO DE SOCIEDAD,FRACCION VII,2024,10,01/07/2025
PMM850101343,PRESIDENCIA MUNICIPAL DE MATAMOROS COAH SIN TIPO DE SOCIEDAD,FRACCION VII,2024,11,01/07/2025
PMM850101343,PRESIDENCIA MUNICIPAL DE MATAMOROS COAH SIN TIPO DE SOCIEDAD,FRACCION VII,2025,1,01/07/2025
PMM850101343,PRESIDENCIA MUNICIPAL DE MATAMOROS COAH SIN TIPO DE SOCIEDAD,FRACCION VII,2025,3,01/07/2025
PMM850101343,PRESIDENCIA MUNICIPAL DE MATAMOROS COAH SIN TIPO DE SOCIEDAD,FRACCION VII,2025,4,01/07/2025
PMM850101343,PRESIDENCIA MUNICIPAL DE MATAMOROS COAH SIN TIPO DE SOCIEDAD,FRACCION VII,2025,5,01/07/2025
PMI8501019M0,MUNICIPIO DE IXTAPAN DEL ORO SIN TIPO DE SOCIEDAD,FRACCION VII,2025,3,01/07/2025
PMI8501019M0,MUNICIPIO DE IXTAPAN DEL ORO SIN TIPO DE SOCIEDAD,FRACCION VII,2025,4,01/07/2025
PMI8501019M0,MUNICIPIO DE IXTAPAN DEL ORO SIN TIPO DE SOCIEDAD,FRACCION VII,2025,5,01/07/2025
MTN850101GP2,MUNICIPIO DE TECUALA NAYARIT SIN TIPO DE SOCIEDAD,FRACCION VII,2024,4,01/07/2025
MTN850101GP2,MUNICIPIO DE TECUALA NAYARIT SIN TIPO DE SOCIEDAD,FRACCION VII,2024,5,01/07/2025
MTN850101GP2,MUNICIPIO DE TECUALA NAYARIT SIN TIPO DE SOCIEDAD,FRACCION VII,2024,6,01/07/2025
MTN850101GP2,MUNICIPIO DE TECUALA NAYARIT SIN TIPO DE SOCIEDAD,FRACCION VII,2024,7,01/07/2025
MTN850101GP2,MUNICIPIO DE TECUALA NAYARIT SIN TIPO DE SOCIEDAD,FRACCION VII,2024,8,01/07/2025
MTN850101GP2,MUNICIPIO DE TECUALA NAYARIT SIN TIPO DE SOCIEDAD,FRACCION VII,2024,9,01/07/2025
MTN850101GP2,MUNICIPIO DE TECUALA NAYARIT SIN TIPO DE SOCIEDAD,FRACCION VII,2024,12,01/07/2025
MTR8501012IA,MUNICIPIO DE TEPANGO DE RODRIGUEZ PUEBLA SIN TIPO DE SOCIEDAD,FRACCION VII,2024,9,01/07/2025
MTR8501012IA,MUNICIPIO DE TEPANGO DE RODRIGUEZ PUEBLA SIN TIPO DE SOCIEDAD,FRACCION VII,2024,11,01/07/2025
MTR8501012IA,MUNICIPIO DE TEPANGO DE RODRIGUEZ PUEBLA SIN TIPO DE SOCIEDAD,FRACCION VII,2024,12,01/07/2025
MAY850101TD9,MUNICIPIO DE AKIL SIN TIPO DE SOCIEDAD,FRACCION VII,2025,5,01/07/2025
MTM850101SW3,MUNICIPIO DE TEPELMEME VILLA DE MORELOS SIN TIPO DE SOCIEDAD,FRACCION VII,2022,11,01/07/2025
SSS960912HW9,SERVICIOS DE SALUD DE SAN LUIS POTOSI SIN TIPO DE SOCIEDAD,FRACCION VII,2023,10,01/07/2025
SSS960912HW9,SERVICIOS DE SALUD DE SAN LUIS POTOSI SIN TIPO DE SOCIEDAD,FRACCION VII,2023,11,01/07/2025
SSS960912HW9,SERVICIOS DE SALUD DE SAN LUIS POTOSI SIN TIPO DE SOCIEDAD,FRACCION VII,2023,12,01/07/2025
SSS960912HW9,SERVICIOS DE SALUD DE SAN LUIS POTOSI SIN TIPO DE SOCIEDAD,FRACCION VII,2024,1,01/07/2025
SSS960912HW9,SERVICIOS DE SALUD DE SAN LUIS POTOSI SIN TIPO DE SOCIEDAD,FRACCION VII,2024,2,01/07/2025
MTN850101GP2,MUNICIPIO DE TECUALA NAYARIT SIN TIPO DE SOCIEDAD,FRACCION VII,2022,4,01/07/2025
MTN850101GP2,MUNICIPIO DE TECUALA NAYARIT SIN TIPO DE SOCIEDAD,FRACCION VII,2022,5,01/07/2025
MTN850101GP2,MUNICIPIO DE TECUALA NAYARIT SIN TIPO DE SOCIEDAD,FRACCION VII,2022,6,01/07/2025
MZA850101LF7,MUNICIPIO DE ZACUALPAN SIN TIPO DE SOCIEDAD,FRACCION VII,2025,6,01/10/2025
MZA850101LF7,MUNICIPIO DE ZACUALPAN SIN TIPO DE SOCIEDAD,FRACCION VII,2025,7,01/10/2025
MZA850101LF7,MUNICIPIO DE ZACUALPAN SIN TIPO DE SOCIEDAD,FRACCION VII,2025,8,01/10/2025
MLP850101CN1,MUNICIPIO DE LAFRAGUA PUEBLA SIN TIPO DE SOCIEDAD,FRACCION VII,2025,6,01/10/2025
MLP850101CN1,MUNICIPIO DE LAFRAGUA PUEBLA SIN TIPO DE SOCIEDAD,FRACCION VII,2025,7,01/10/2025
MLP850101CN1,MUNICIPIO DE LAFRAGUA PUEBLA SIN TIPO DE SOCIEDAD,FRACCION VII,2025,8,01/10/2025
MZA760601QQ2,MUNICIPIO DE ZACUALPAN DE AMILPAS SIN TIPO DE SOCIEDAD,FRACCION VII,2025,7,01/10/2025
MZA760601QQ2,MUNICIPIO DE ZACUALPAN DE AMILPAS SIN TIPO DE SOCIEDAD,FRACCION VII,2025,8,01/10/2025
MCM8501019Y4,MUNICIPIO DE CARACUARO MICH SIN TIPO DE SOCIEDAD,FRACCION VII,2025,6,01/10/2025
MCM8501019Y4,MUNICIPIO DE CARACUARO MICH SIN TIPO DE SOCIEDAD,FRACCION VII,2025,7,01/10/2025
MCM8501019Y4,MUNICIPIO DE CARACUARO MICH SIN TIPO DE SOCIEDAD,FRACCION VII,2025,8,01/10/2025
MTL940606SL8,MUNICIPIO DE TLALNEPANTLA SIN TIPO DE SOCIEDAD,FRACCION VII,2025,6,01/10/2025
MTL940606SL8,MUNICIPIO DE TLALNEPANTLA SIN TIPO DE SOCIEDAD,FRACCION VII,2025,7,01/10/2025
MTL940606SL8,MUNICIPIO DE TLALNEPANTLA SIN TIPO DE SOCIEDAD,FRACCION VII,2025,8,01/10/2025
MMA8501017R1,MUNICIPIO DE MAZATAN SIN TIPO DE SOCIEDAD,FRACCION VII,2021,9,01/10/2025
MMA8501017R1,MUNICIPIO DE MAZATAN SIN TIPO DE SOCIEDAD,FRACCION VII,2021,10,01/10/2025
MMA8501017R1,MUNICIPIO DE MAZATAN SIN TIPO DE SOCIEDAD,FRACCION VII,2022,1,01/10/2025
MMA8501017R1,MUNICIPIO DE MAZATAN SIN TIPO DE SOCIEDAD,FRACCION VII,2022,2,01/10/2025
MMA8501017R1,MUNICIPIO DE MAZATAN SIN TIPO DE SOCIEDAD,FRACCION VII,2022,3,01/10/2025
MGT850101KK9,MUNICIPIO DE GENERAL TREVIÑO NUEVO LEON SIN TIPO DE SOCIEDAD,FRACCION VII,2021,1,23/07/2024
MGT850101KK9,MUNICIPIO DE GENERAL TREVIÑO NUEVO LEON SIN TIPO DE SOCIEDAD,FRACCION VII,2021,2,23/07/2024
MGT850101KK9,MUNICIPIO DE GENERAL TREVIÑO NUEVO LEON SIN TIPO DE SOCIEDAD,FRACCION VII,2021,3,23/07/2024
MSM850101BY9,MUNICIPIO DE SANTA MARIA IPALAPA SIN TIPO DE SOCIEDAD,FRACCION VII,2025,6,01/10/2025
MSM850101BY9,MUNICIPIO DE SANTA MARIA IPALAPA SIN TIPO DE SOCIEDAD,FRACCION VII,2025,7,01/10/2025
MAM850101N93,MUNICIPIO DE APORO MICHOACAN SIN TIPO DE SOCIEDAD,FRACCION VII,2025,8,01/10/2025
MMC850101DS5,MUNICIPIO DE MINATITLAN COLIMA SIN TIPO DE SOCIEDAD,FRACCION VII,2025,7,01/10/2025
MMC850101DS5,MUNICIPIO DE MINATITLAN COLIMA SIN TIPO DE SOCIEDAD,FRACCION VII,2025,8,01/10/2025
MCM850101AS2,MUNICIPIO DE CHURINTZIO MICHOACAN SIN TIPO DE SOCIEDAD,FRACCION VII,2025,6,01/10/2025
MCM850101AS2,MUNICIPIO DE CHURINTZIO MICHOACAN SIN TIPO DE SOCIEDAD,FRACCION VII,2025,7,01/10/2025
MCM850101AS2,MUNICIPIO DE CHURINTZIO MICHOACAN SIN TIPO DE SOCIEDAD,FRACCION VII,2025,8,01/10/2025
SDI9509065V0,SISTEMA MUNICIPAL PARA EL DESARROLLO INTEGRAL DE LA FAMILIA DE JILOTZINGO SIN TIPO DE SOCIEDAD,FRACCION VII,2020,12,23/07/2024
SDI9509065V0,SISTEMA MUNICIPAL PARA EL DESARROLLO INTEGRAL DE LA FAMILIA DE JILOTZINGO SIN TIPO DE SOCIEDAD,FRACCION VII,2021,12,23/07/2024
MZA850101NV0,MUNICIPIO DE ZIMATLAN DE ALVAREZ SIN TIPO DE SOCIEDAD,FRACCION VII,2022,11,01/01/2025
MZA850101NV0,MUNICIPIO DE ZIMATLAN DE ALVAREZ SIN TIPO DE SOCIEDAD,FRACCION VII,2022,12,01/01/2025
MZA850101NV0,MUNICIPIO DE ZIMATLAN DE ALVAREZ SIN TIPO DE SOCIEDAD,FRACCION VII,2023,2,01/01/2025
MZA850101NV0,MUNICIPIO DE ZIMATLAN DE ALVAREZ SIN TIPO DE SOCIEDAD,FRACCION VII,2023,3,01/01/2025
MAL8101016Y0,MUNICIPIO DE AYUTLA DE LOS LIBRES SIN TIPO DE SOCIEDAD,FRACCION VII,2025,8,01/10/2025
MTM850101AS2,MUNICIPIO DE TANGAMANDAPIO MICHOACAN SIN TIPO DE SOCIEDAD,FRACCION VII,2025,6,01/10/2025
MTM850101AS2,MUNICIPIO DE TANGAMANDAPIO MICHOACAN SIN TIPO DE SOCIEDAD,FRACCION VII,2025,7,01/10/2025
MTM850101AS2,MUNICIPIO DE TANGAMANDAPIO MICHOACAN SIN TIPO DE SOCIEDAD,FRACCION VII,2025,8,01/10/2025
SDI1310314E3,SISTEMA PARA EL DESARROLLO INTEGRAL DE LA FAMILIA DEL MUNICIPIO GENERAL SIMON BOLIVAR SIN TIPO DE SOCIEDAD,FRACCION VII,2022,8,01/10/2025
MCM850101M45,MUNICIPIO DE CHAVINDA MICHOACAN SIN TIPO DE SOCIEDAD,FRACCION VII,2025,6,01/10/2025
MCM850101M45,MUNICIPIO DE CHAVINDA MICHOACAN SIN TIPO DE SOCIEDAD,FRACCION VII,2025,7,01/10/2025
MNO850101FS1,MUNICIPIO DE NONOAVA SIN TIPO DE SOCIEDAD,FRACCION VII,2025,6,01/10/2025
MNO850101FS1,MUNICIPIO DE NONOAVA SIN TIPO DE SOCIEDAD,FRACCION VII,2025,7,01/10/2025
MNO850101FS1,MUNICIPIO DE NONOAVA SIN TIPO DE SOCIEDAD,FRACCION VII,2025,8,01/10/2025
MVT850101BX3,MUNICIPIO VILLA TEJUPAM DE LA UNION SIN TIPO DE SOCIEDAD,FRACCION VII,2025,6,01/10/2025
MEL8501012M6,MUNICIPIO DE ELOTA SIN TIPO DE SOCIEDAD,FRACCION VII,2025,6,01/10/2025
MEL8501012M6,MUNICIPIO DE ELOTA SIN TIPO DE SOCIEDAD,FRACCION VII,2025,8,01/10/2025
MVT850101BX3,MUNICIPIO VILLA TEJUPAM DE LA UNION SIN TIPO DE SOCIEDAD,FRACCION VII,2025,7,01/10/2025
MVT850101BX3,MUNICIPIO VILLA TEJUPAM DE LA UNION SIN TIPO DE SOCIEDAD,FRACCION VII,2025,8,01/10/2025
SMD850715243,SISTEMA MUNICIPAL PARA EL DESARROLLO INTEGRAL DE LA FAMILIA DEL MUNICIPIO DE NAVOLATO SIN TIPO DE SOCIEDAD,FRACCION VII,2025,8,01/10/2025
MAM850101215,MUNICIPIO DE AMANALCO SIN TIPO DE SOCIEDAD,FRACCION VII,2025,6,01/10/2025
MAM850101215,MUNICIPIO DE AMANALCO SIN TIPO DE SOCIEDAD,FRACCION VII,2025,7,01/10/2025
MAM850101215,MUNICIPIO DE AMANALCO SIN TIPO DE SOCIEDAD,FRACCION VII,2025,8,01/10/2025
MLB850101R73,MUNICIPIO DE LEONARDO BRAVO GUERRERO SIN TIPO DE SOCIEDAD,FRACCION VII,2025,6,01/10/2025
MLB850101R73,MUNICIPIO DE LEONARDO BRAVO GUERRERO SIN TIPO DE SOCIEDAD,FRACCION VII,2025,7,01/10/2025
MLB850101R73,MUNICIPIO DE LEONARDO BRAVO GUERRERO SIN TIPO DE SOCIEDAD,FRACCION VII,2025,8,01/10/2025
MMC850101C94,MUNICIPIO DE MARCOS CASTELLANOS SIN TIPO DE SOCIEDAD,FRACCION VII,2025,6,01/10/2025
MMC850101C94,MUNICIPIO DE MARCOS CASTELLANOS SIN TIPO DE SOCIEDAD,FRACCION VII,2025,7,01/10/2025
MMC850101C94,MUNICIPIO DE MARCOS CASTELLANOS SIN TIPO DE SOCIEDAD,FRACCION VII,2025,8,01/10/2025
MTM850101BE7,MUNICIPIO DE TURICATO MICH SIN TIPO DE SOCIEDAD,FRACCION VII,2025,6,01/10/2025
MTM850101BE7,MUNICIPIO DE TURICATO MICH SIN TIPO DE SOCIEDAD,FRACCION VII,2025,7,01/10/2025
MTM850101BE7,MUNICIPIO DE TURICATO MICH SIN TIPO DE SOCIEDAD,FRACCION VII,2025,8,01/10/2025
MCL850101KD3,MUNICIPIO DE CANDELARIA LOXICHA SIN TIPO DE SOCIEDAD,FRACCION VII,2022,12,23/07/2024
MAM850101IE8,MUNICIPIO DE ANGAMACUTIRO MICHOACAN SIN TIPO DE SOCIEDAD,FRACCION VII,2025,6,01/10/2025
MAM850101IE8,MUNICIPIO DE ANGAMACUTIRO MICHOACAN SIN TIPO DE SOCIEDAD,FRACCION VII,2025,7,01/10/2025
MAM850101IE8,MUNICIPIO DE ANGAMACUTIRO MICHOACAN SIN TIPO DE SOCIEDAD,FRACCION VII,2025,8,01/10/2025
MLC750402G32,MUNICIPIO DE LAZARO CARDENAS SIN TIPO DE SOCIEDAD,FRACCION VII,2025,6,01/10/2025
MLC750402G32,MUNICIPIO DE LAZARO CARDENAS SIN TIPO DE SOCIEDAD,FRACCION VII,2025,7,01/10/2025
MSD540101PV7,MUNICIPIO DE SUCHIL SIN TIPO DE SOCIEDAD,FRACCION VII,2022,1,01/10/2025
MSD540101PV7,MUNICIPIO DE SUCHIL SIN TIPO DE SOCIEDAD,FRACCION VII,2022,2,01/10/2025
MSD540101PV7,MUNICIPIO DE SUCHIL SIN TIPO DE SOCIEDAD,FRACCION VII,2022,3,01/10/2025
MSD540101PV7,MUNICIPIO DE SUCHIL SIN TIPO DE SOCIEDAD,FRACCION VII,2022,4,01/10/2025
MSD540101PV7,MUNICIPIO DE SUCHIL SIN TIPO DE SOCIEDAD,FRACCION VII,2022,5,01/10/2025
MSD540101PV7,MUNICIPIO DE SUCHIL SIN TIPO DE SOCIEDAD,FRACCION VII,2022,6,01/10/2025
MSD540101PV7,MUNICIPIO DE SUCHIL SIN TIPO DE SOCIEDAD,FRACCION VII,2022,7,01/10/2025
MSD540101PV7,MUNICIPIO DE SUCHIL SIN TIPO DE SOCIEDAD,FRACCION VII,2022,8,01/10/2025
MZM850101GC7,MUNICIPIO DE ZACAZONAPAN SIN TIPO DE SOCIEDAD,FRACCION VII,2025,7,01/10/2025
MZM850101GC7,MUNICIPIO DE ZACAZONAPAN SIN TIPO DE SOCIEDAD,FRACCION VII,2025,8,01/10/2025
SMA061205Q38,SISTEMA MUNICIPAL DE AGUAS Y SANEAMIENTO DE CASTAÑOS COAHUILA SIN TIPO DE SOCIEDAD,FRACCION VII,2021,8,01/10/2025
MAN8501013X3,MUNICIPIO DE ACAPONETA NAYARIT SIN TIPO DE SOCIEDAD,FRACCION VII,2025,6,01/10/2025
MAN8501013X3,MUNICIPIO DE ACAPONETA NAYARIT SIN TIPO DE SOCIEDAD,FRACCION VII,2025,7,01/10/2025
MAN8501013X3,MUNICIPIO DE ACAPONETA NAYARIT SIN TIPO DE SOCIEDAD,FRACCION VII,2025,8,01/10/2025
UTM150602EW2,UNIVERSIDAD TECNOLOGICA DEL MAR DEL ESTADO DE GUERRERO SIN TIPO DE SOCIEDAD,FRACCION VII,2025,6,01/10/2025
UTM150602EW2,UNIVERSIDAD TECNOLOGICA DEL MAR DEL ESTADO DE GUERRERO SIN TIPO DE SOCIEDAD,FRACCION VII,2025,7,01/10/2025
UTM150602EW2,UNIVERSIDAD TECNOLOGICA DEL MAR DEL ESTADO DE GUERRERO SIN TIPO DE SOCIEDAD,FRACCION VII,2025,8,01/10/2025
MVY850101NL3,MUNICIPIO DE VALLADOLID SIN TIPO DE SOCIEDAD,FRACCION VII,2025,6,01/10/2025
MVY850101NL3,MUNICIPIO DE VALLADOLID SIN TIPO DE SOCIEDAD,FRACCION VII,2025,7,01/10/2025
MVY850101NL3,MUNICIPIO DE VALLADOLID SIN TIPO DE SOCIEDAD,FRACCION VII,2025,8,01/10/2025
PMM850101343,PRESIDENCIA MUNICIPAL DE MATAMOROS COAH SIN TIPO DE SOCIEDAD,FRACCION VII,2025,6,01/10/2025
PMM850101343,PRESIDENCIA MUNICIPAL DE MATAMOROS COAH SIN TIPO DE SOCIEDAD,FRACCION VII,2025,7,01/10/2025
PMM850101343,PRESIDENCIA MUNICIPAL DE MATAMOROS COAH SIN TIPO DE SOCIEDAD,FRACCION VII,2025,8,01/10/2025
MAM850101CX8,MUNICIPIO DE ARIO MICHOACAN SIN TIPO DE SOCIEDAD,FRACCION VII,2025,8,01/10/2025
MHJ850101NE1,MUNICIPIO HUAUTLA DE JIMENEZ SIN TIPO DE SOCIEDAD,FRACCION VII,2025,6,01/10/2025
MTM850101HD2,MUNICIPIO DE TARETAN MICHOACAN SIN TIPO DE SOCIEDAD,FRACCION VII,2025,8,01/10/2025
MCM850101RUA,MUNICIPIO DE CIUDAD DEL MAIZ SLP SIN TIPO DE SOCIEDAD,FRACCION VII,2025,6,01/10/2025
MCM850101RUA,MUNICIPIO DE CIUDAD DEL MAIZ SLP SIN TIPO DE SOCIEDAD,FRACCION VII,2025,7,01/10/2025
MCM850101RUA,MUNICIPIO DE CIUDAD DEL MAIZ SLP SIN TIPO DE SOCIEDAD,FRACCION VII,2025,8,01/10/2025
MSM850101A48,MUNICIPIO DE SAN MARCOS ARTEAGA SIN TIPO DE SOCIEDAD,FRACCION VII,2025,6,01/10/2025
MSM850101A48,MUNICIPIO DE SAN MARCOS ARTEAGA SIN TIPO DE SOCIEDAD,FRACCION VII,2025,7,01/10/2025
MME8501012Y6,MUNICIPIO DE MECATLAN SIN TIPO DE SOCIEDAD,FRACCION VII,2021,11,01/10/2025
MME8501012Y6,MUNICIPIO DE MECATLAN SIN TIPO DE SOCIEDAD,FRACCION VII,2021,12,01/10/2025
MSD8501014YA,MUNICIPIO DE SANTO DOMINGO PETAPA SIN TIPO DE SOCIEDAD,FRACCION VII,2025,1,01/04/2025
MSD8501014YA,MUNICIPIO DE SANTO DOMINGO PETAPA SIN TIPO DE SOCIEDAD,FRACCION VII,2025,2,01/04/2025
MSD8501014YA,MUNICIPIO DE SANTO DOMINGO PETAPA SIN TIPO DE SOCIEDAD,FRACCION VII,2025,3,01/10/2025
MSD8501014YA,MUNICIPIO DE SANTO DOMINGO PETAPA SIN TIPO DE SOCIEDAD,FRACCION VII,2025,4,01/10/2025
MSD8501014YA,MUNICIPIO DE SANTO DOMINGO PETAPA SIN TIPO DE SOCIEDAD,FRACCION VII,2025,5,01/10/2025
MSD8501014YA,MUNICIPIO DE SANTO DOMINGO PETAPA SIN TIPO DE SOCIEDAD,FRACCION VII,2025,6,01/10/2025
MSD8501014YA,MUNICIPIO DE SANTO DOMINGO PETAPA SIN TIPO DE SOCIEDAD,FRACCION VII,2025,7,01/10/2025
MMB640114IE6,MUNICIPIO DE MEDELLIN DE BRAVO SIN TIPO DE SOCIEDAD,FRACCION VII,2025,6,01/10/2025
MMB640114IE6,MUNICIPIO DE MEDELLIN DE BRAVO SIN TIPO DE SOCIEDAD,FRACCION VII,2025,7,01/10/2025
MMB640114IE6,MUNICIPIO DE MEDELLIN DE BRAVO SIN TIPO DE SOCIEDAD,FRACCION VII,2025,8,01/10/2025
MGT850101KK9,MUNICIPIO DE GENERAL TREVIÑO NUEVO LEON SIN TIPO DE SOCIEDAD,FRACCION VII,2021,4,23/07/2024
MGT850101KK9,MUNICIPIO DE GENERAL TREVIÑO NUEVO LEON SIN TIPO DE SOCIEDAD,FRACCION VII,2021,5,23/07/2024
MAA910101460,MUNICIPIO DE ALMOLOYA DE ALQUISIRAS SIN TIPO DE SOCIEDAD,FRACCION VII,2025,7,01/10/2025
MAN970902V57,MUNICIPIO DE ANGOSTURA SIN TIPO DE SOCIEDAD,FRACCION VII,2025,7,01/10/2025
MAN970902V57,MUNICIPIO DE ANGOSTURA SIN TIPO DE SOCIEDAD,FRACCION VII,2025,8,01/10/2025
MCM850101SQ4,MUNICIPIO CONTEPEC SIN TIPO DE SOCIEDAD,FRACCION VII,2025,6,01/10/2025
MCM850101SQ4,MUNICIPIO CONTEPEC SIN TIPO DE SOCIEDAD,FRACCION VII,2025,7,01/10/2025
MCM850101SQ4,MUNICIPIO CONTEPEC SIN TIPO DE SOCIEDAD,FRACCION VII,2025,8,01/10/2025
MLB810101JV1,MUNICIPIO DE LOMA BONITA SIN TIPO DE SOCIEDAD,FRACCION VII,2025,3,01/10/2025
MLM850101HD2,MUNICIPIO DE LUIS MOYA Z SIN TIPO DE SOCIEDAD,FRACCION VII,2025,6,01/10/2025
MLM850101HD2,MUNICIPIO DE LUIS MOYA Z SIN TIPO DE SOCIEDAD,FRACCION VII,2025,7,01/10/2025
MLM850101HD2,MUNICIPIO DE LUIS MOYA Z SIN TIPO DE SOCIEDAD,FRACCION VII,2025,8,01/10/2025
MPM850101LZA,MUNICIPIO DE PARACHO MICHOACAN SIN TIPO DE SOCIEDAD,FRACCION VII,2025,6,01/10/2025
MPM850101LZA,MUNICIPIO DE PARACHO MICHOACAN SIN TIPO DE SOCIEDAD,FRACCION VII,2025,7,01/10/2025
MPM850101LZA,MUNICIPIO DE PARACHO MICHOACAN SIN TIPO DE SOCIEDAD,FRACCION VII,2025,8,01/10/2025
MSL850101BM1,MUNICIPIO DE SANTA LUCIA DEL CAMINO SIN TIPO DE SOCIEDAD,FRACCION VII,2025,8,01/10/2025
MXG850101JR4,MUNICIPIO DE XOCHIHUEHUETLAN GUERRERO SIN TIPO DE SOCIEDAD,FRACCION VII,2025,7,01/10/2025
MPM850101M88,MUNICIPIO DE PAJACUARAN MICHOACAN SIN TIPO DE SOCIEDAD,FRACCION VII,2025,6,01/10/2025
MGT850101KK9,MUNICIPIO DE GENERAL TREVIÑO NUEVO LEON SIN TIPO DE SOCIEDAD,FRACCION VII,2021,6,23/07/2024
MGT850101KK9,MUNICIPIO DE GENERAL TREVIÑO NUEVO LEON SIN TIPO DE SOCIEDAD,FRACCION VII,2021,7,23/07/2024
MGT850101KK9,MUNICIPIO DE GENERAL TREVIÑO NUEVO LEON SIN TIPO DE SOCIEDAD,FRACCION VII,2021,8,23/07/2024
MGT850101KK9,MUNICIPIO DE GENERAL TREVIÑO NUEVO LEON SIN TIPO DE SOCIEDAD,FRACCION VII,2021,9,23/07/2024
MGT850101KK9,MUNICIPIO DE GENERAL TREVIÑO NUEVO LEON SIN TIPO DE SOCIEDAD,FRACCION VII,2021,10,23/07/2024
MGT850101KK9,MUNICIPIO DE GENERAL TREVIÑO NUEVO LEON SIN TIPO DE SOCIEDAD,FRACCION VII,2021,11,23/07/2024
MGT850101KK9,MUNICIPIO DE GENERAL TREVIÑO NUEVO LEON SIN TIPO DE SOCIEDAD,FRACCION VII,2021,12,23/07/2024
PMV8501019S0,PRESIDENCIA MUNICIPAL DE VIESCA COAH SIN TIPO DE SOCIEDAD,FRACCION VII,2025,6,01/10/2025
PMV8501019S0,PRESIDENCIA MUNICIPAL DE VIESCA COAH SIN TIPO DE SOCIEDAD,FRACCION VII,2025,7,01/10/2025
PMV8501019S0,PRESIDENCIA MUNICIPAL DE VIESCA COAH SIN TIPO DE SOCIEDAD,FRACCION VII,2025,8,01/10/2025
MSM850101GP1,MUNICIPIO DE SANTA MARIA JALAPA DEL MARQUES SIN TIPO DE SOCIEDAD,FRACCION VII,2025,6,01/10/2025
MHG850101DL3,MUNICIPIO DE HUEHUETLAN EL GRANDE SIN TIPO DE SOCIEDAD,FRACCION VII,2025,8,01/10/2025
MSD850101UN8,MUNICIPIO DE SANTO DOMINGO TONALA SIN TIPO DE SOCIEDAD,FRACCION VII,2025,6,01/10/2025
MSD850101UN8,MUNICIPIO DE SANTO DOMINGO TONALA SIN TIPO DE SOCIEDAD,FRACCION VII,2025,7,01/10/2025
MSD850101UN8,MUNICIPIO DE SANTO DOMINGO TONALA SIN TIPO DE SOCIEDAD,FRACCION VII,2025,8,01/10/2025
SDI140116K26,SISTEMA PARA EL DESARROLLO INTEGRAL DE LA FAMILIA DEL MUNICIPIO DE OCAMPO SIN TIPO DE SOCIEDAD,FRACCION VII,2022,6,01/10/2025
MAT850101CJ2,MUNICIPIO DE AXTLA DE TERRAZAS SLP SIN TIPO DE SOCIEDAD,FRACCION VII,2025,8,01/10/2025
MCP930215628,MUNICIPIO DE CHICONCUAUTLA PUEBLA SIN TIPO DE SOCIEDAD,FRACCION VII,2025,6,01/10/2025
MCP930215628,MUNICIPIO DE CHICONCUAUTLA PUEBLA SIN TIPO DE SOCIEDAD,FRACCION VII,2025,7,01/10/2025
MCP930215628,MUNICIPIO DE CHICONCUAUTLA PUEBLA SIN TIPO DE SOCIEDAD,FRACCION VII,2025,8,01/10/2025
MMA871001T98,MUNICIPIO DE MATAMOROS SIN TIPO DE SOCIEDAD,FRACCION VII,2025,6,01/10/2025
MMA871001T98,MUNICIPIO DE MATAMOROS SIN TIPO DE SOCIEDAD,FRACCION VII,2025,7,01/10/2025
MMA871001T98,MUNICIPIO DE MATAMOROS SIN TIPO DE SOCIEDAD,FRACCION VII,2025,8,01/10/2025
SOS030113G31,SISTEMA OPERADOR DE LOS SERVICIOS DE AGUA POTABLE Y ALCANTARILLADO DEL MUNICIPIO DE LIBRES SIN TIPO DE SOCIEDAD,FRACCION VII,2021,11,01/10/2025
MAP850101PA7,MUNICIPIO DE APULCO ZAC SIN TIPO DE SOCIEDAD,FRACCION VII,2025,6,01/10/2025
MAP850101PA7,MUNICIPIO DE APULCO ZAC SIN TIPO DE SOCIEDAD,FRACCION VII,2025,7,01/10/2025
MAP850101PA7,MUNICIPIO DE APULCO ZAC SIN TIPO DE SOCIEDAD,FRACCION VII,2025,8,01/10/2025
MSE850101IT1,MUNICIPIO DE SANTA ELENA SIN TIPO DE SOCIEDAD,FRACCION VII,2025,6,01/10/2025
MSE850101IT1,MUNICIPIO DE SANTA ELENA SIN TIPO DE SOCIEDAD,FRACCION VII,2025,7,01/10/2025
MSE850101IT1,MUNICIPIO DE SANTA ELENA SIN TIPO DE SOCIEDAD,FRACCION VII,2025,8,01/10/2025
MCO980112TJ0,MUNICIPIO DE COSALA SIN TIPO DE SOCIEDAD,FRACCION VII,2025,6,01/10/2025
MCO980112TJ0,MUNICIPIO DE COSALA SIN TIPO DE SOCIEDAD,FRACCION VII,2025,7,01/10/2025
MCO980112TJ0,MUNICIPIO DE COSALA SIN TIPO DE SOCIEDAD,FRACCION VII,2025,8,01/10/2025
MVZ821103JCA,MUNICIPIO DE ZARAGOZA SIN TIPO DE SOCIEDAD,FRACCION VII,2025,7,01/10/2025
MVZ821103JCA,MUNICIPIO DE ZARAGOZA SIN TIPO DE SOCIEDAD,FRACCION VII,2025,8,01/10/2025
MTM850101N93,MUNICIPIO DE TZITZIO MICHOACAN SIN TIPO DE SOCIEDAD,FRACCION VII,2025,7,01/10/2025
MTM850101N93,MUNICIPIO DE TZITZIO MICHOACAN SIN TIPO DE SOCIEDAD,FRACCION VII,2025,8,01/10/2025
TMS9209017SA,MUNICIPIO SAN LUIS DE CORDERO SIN TIPO DE SOCIEDAD,FRACCION VII,2025,8,01/10/2025
MMN8501015Y6,MUNICIPIO DE MIER Y NORIEGA NL SIN TIPO DE SOCIEDAD,FRACCION VII,2025,6,01/10/2025
MMN8501015Y6,MUNICIPIO DE MIER Y NORIEGA NL SIN TIPO DE SOCIEDAD,FRACCION VII,2025,7,01/10/2025
MMN8501015Y6,MUNICIPIO DE MIER Y NORIEGA NL SIN TIPO DE SOCIEDAD,FRACCION VII,2025,8,01/10/2025
MPT850101PGA,MUNICIPIO DE PALMILLAS TAMAULIPAS SIN TIPO DE SOCIEDAD,FRACCION VII,2021,9,01/10/2025
MSM8501012K0,MUNICIPIO DE SANTA MARIA JACATEPEC SIN TIPO DE SOCIEDAD,FRACCION VII,2025,6,01/10/2025
MSM8501012K0,MUNICIPIO DE SANTA MARIA JACATEPEC SIN TIPO DE SOCIEDAD,FRACCION VII,2025,7,01/10/2025
MGF8501018S1,MUNICIPIO GENERAL FELIPE ANGELES PUEBLA SIN TIPO DE SOCIEDAD,FRACCION VII,2025,6,01/10/2025
MMY850101DU2,MUNICIPIO DE MAYAPAN SIN TIPO DE SOCIEDAD,FRACCION VII,2025,6,01/10/2025
MMY850101DU2,MUNICIPIO DE MAYAPAN SIN TIPO DE SOCIEDAD,FRACCION VII,2025,7,01/10/2025
MMY850101DU2,MUNICIPIO DE MAYAPAN SIN TIPO DE SOCIEDAD,FRACCION VII,2025,8,01/10/2025
MTM850101T94,MUNICIPIO DE TZINTZUNTZAN MICHOACAN SIN TIPO DE SOCIEDAD,FRACCION VII,2025,6,01/10/2025
MTM850101T94,MUNICIPIO DE TZINTZUNTZAN MICHOACAN SIN TIPO DE SOCIEDAD,FRACCION VII,2025,7,01/10/2025
MTM850101T94,MUNICIPIO DE TZINTZUNTZAN MICHOACAN SIN TIPO DE SOCIEDAD,FRACCION VII,2025,8,01/10/2025
MXP8501017Y3,MUNICIPIO DE XIUTETELCO PUEBLA SIN TIPO DE SOCIEDAD,FRACCION VII,2025,8,01/10/2025
MSJ850101PZ3,MUNICIPIO DE SAN JERONIMO COATLAN SIN TIPO DE SOCIEDAD,FRACCION VII,2021,7,23/07/2024
MSJ850101PZ3,MUNICIPIO DE SAN JERONIMO COATLAN SIN TIPO DE SOCIEDAD,FRACCION VII,2021,8,23/07/2024
MSJ850101PZ3,MUNICIPIO DE SAN JERONIMO COATLAN SIN TIPO DE SOCIEDAD,FRACCION VII,2021,9,23/07/2024
MSJ850101PZ3,MUNICIPIO DE SAN JERONIMO COATLAN SIN TIPO DE SOCIEDAD,FRACCION VII,2021,12,23/07/2024
MZP930215CD1,MUNICIPIO DE ZIHUATEUTLA PUEBLA SIN TIPO DE SOCIEDAD,FRACCION VII,2025,6,01/10/2025
MZP930215CD1,MUNICIPIO DE ZIHUATEUTLA PUEBLA SIN TIPO DE SOCIEDAD,FRACCION VII,2025,7,01/10/2025
MZP930215CD1,MUNICIPIO DE ZIHUATEUTLA PUEBLA SIN TIPO DE SOCIEDAD,FRACCION VII,2025,8,01/10/2025
MHY850101HLA,MUNICIPIO DE HOMUN SIN TIPO DE SOCIEDAD,FRACCION VII,2025,6,01/10/2025
MHY850101HLA,MUNICIPIO DE HOMUN SIN TIPO DE SOCIEDAD,FRACCION VII,2025,7,01/10/2025
MHY850101HLA,MUNICIPIO DE HOMUN SIN TIPO DE SOCIEDAD,FRACCION VII,2025,8,01/10/2025
MTY8501019Z4,MUNICIPIO DE TIXCACALCUPUL SIN TIPO DE SOCIEDAD,FRACCION VII,2025,7,01/10/2025
ITS030704M68,INSTITUTO TECNOLOGICO SUPERIOR DE SAN LUIS POTOSI CAPITAL SIN TIPO DE SOCIEDAD,FRACCION VII,2025,6,01/10/2025
ITS030704M68,INSTITUTO TECNOLOGICO SUPERIOR DE SAN LUIS POTOSI CAPITAL SIN TIPO DE SOCIEDAD,FRACCION VII,2025,7,01/10/2025
MTY850101LV9,MUNICIPIO DE TETIZ SIN TIPO DE SOCIEDAD,FRACCION VII,2025,7,01/10/2025
MTY850101LV9,MUNICIPIO DE TETIZ SIN TIPO DE SOCIEDAD,FRACCION VII,2025,8,01/10/2025
MTE7501023Z6,MUNICIPIO DE TETECALA SIN TIPO DE SOCIEDAD,FRACCION VII,2025,6,01/10/2025
MTE7501023Z6,MUNICIPIO DE TETECALA SIN TIPO DE SOCIEDAD,FRACCION VII,2025,7,01/10/2025
MTE7501023Z6,MUNICIPIO DE TETECALA SIN TIPO DE SOCIEDAD,FRACCION VII,2025,8,01/10/2025
MAY850101TD9,MUNICIPIO DE AKIL SIN TIPO DE SOCIEDAD,FRACCION VII,2025,6,01/10/2025
MAY850101TD9,MUNICIPIO DE AKIL SIN TIPO DE SOCIEDAD,FRACCION VII,2025,7,01/10/2025
MAY850101TD9,MUNICIPIO DE AKIL SIN TIPO DE SOCIEDAD,FRACCION VII,2025,8,01/10/2025
MMT620701DY6,MUNICIPIO DE EL MANTE TAMAULIPAS SIN TIPO DE SOCIEDAD,FRACCION VII,2025,6,01/10/2025
MMT620701DY6,MUNICIPIO DE EL MANTE TAMAULIPAS SIN TIPO DE SOCIEDAD,FRACCION VII,2025,7,01/10/2025
MMT620701DY6,MUNICIPIO DE EL MANTE TAMAULIPAS SIN TIPO DE SOCIEDAD,FRACCION VII,2025,8,01/10/2025
MTZ8501016A0,MUNICIPIO DE TANETZE DE ZARAGOZA SIN TIPO DE SOCIEDAD,FRACCION VII,2025,1,01/10/2025
MTZ8501016A0,MUNICIPIO DE TANETZE DE ZARAGOZA SIN TIPO DE SOCIEDAD,FRACCION VII,2025,2,01/10/2025
MTZ8501016A0,MUNICIPIO DE TANETZE DE ZARAGOZA SIN TIPO DE SOCIEDAD,FRACCION VII,2025,5,01/10/2025
TMU220101IG6,MUNICIPIO DE SANTA CLARA SIN TIPO DE SOCIEDAD,FRACCION VII,2021,3,01/10/2025
TMU220101IG6,MUNICIPIO DE SANTA CLARA SIN TIPO DE SOCIEDAD,FRACCION VII,2021,6,01/10/2025
TMU220101IG6,MUNICIPIO DE SANTA CLARA SIN TIPO DE SOCIEDAD,FRACCION VII,2022,1,01/10/2025
TMU220101IG6,MUNICIPIO DE SANTA CLARA SIN TIPO DE SOCIEDAD,FRACCION VII,2022,2,01/10/2025
TMU220101IG6,MUNICIPIO DE SANTA CLARA SIN TIPO DE SOCIEDAD,FRACCION VII,2022,3,01/10/2025
TMU220101IG6,MUNICIPIO DE SANTA CLARA SIN TIPO DE SOCIEDAD,FRACCION VII,2022,4,01/10/2025
TMU220101IG6,MUNICIPIO DE SANTA CLARA SIN TIPO DE SOCIEDAD,FRACCION VII,2022,5,01/10/2025
TMU220101IG6,MUNICIPIO DE SANTA CLARA SIN TIPO DE SOCIEDAD,FRACCION VII,2022,6,01/10/2025
TMU220101IG6,MUNICIPIO DE SANTA CLARA SIN TIPO DE SOCIEDAD,FRACCION VII,2022,7,01/10/2025
TMU220101IG6,MUNICIPIO DE SANTA CLARA SIN TIPO DE SOCIEDAD,FRACCION VII,2022,8,01/10/2025
MSM850101GP1,MUNICIPIO DE SANTA MARIA JALAPA DEL MARQUES SIN TIPO DE SOCIEDAD,FRACCION VII,2025,7,01/10/2025
MBA6201018K1,MUNICIPIO DE BALLEZA SIN TIPO DE SOCIEDAD,FRACCION VII,2025,6,01/10/2025
MBA6201018K1,MUNICIPIO DE BALLEZA SIN TIPO DE SOCIEDAD,FRACCION VII,2025,7,01/10/2025
MBA6201018K1,MUNICIPIO DE BALLEZA SIN TIPO DE SOCIEDAD,FRACCION VII,2025,8,01/10/2025
MMT8501017A2,MUNICIPIO DE MAGDALENA TLACOTEPEC SIN TIPO DE SOCIEDAD,FRACCION VII,2025,6,01/10/2025
ITS040109GY9,INSTITUTO TECNOLOGICO SUPERIOR DE SAN MARTIN TEXMELUCAN SIN TIPO DE SOCIEDAD,FRACCION VII,2025,4,01/10/2025
MNA8501016I2,MUNICIPIO DE NARANJOS AMATLAN SIN TIPO DE SOCIEDAD,FRACCION VII,2025,6,01/10/2025
MNA8501016I2,MUNICIPIO DE NARANJOS AMATLAN SIN TIPO DE SOCIEDAD,FRACCION VII,2025,7,01/10/2025
MNA8501016I2,MUNICIPIO DE NARANJOS AMATLAN SIN TIPO DE SOCIEDAD,FRACCION VII,2025,8,01/10/2025
MCS8501011I3,MUNICIPIO DE COXCATLAN SLP SIN TIPO DE SOCIEDAD,FRACCION VII,2025,6,01/10/2025
MHY850101MI1,MUNICIPIO DE HUNUCMA SIN TIPO DE SOCIEDAD,FRACCION VII,2025,6,01/10/2025
MHY850101MI1,MUNICIPIO DE HUNUCMA SIN TIPO DE SOCIEDAD,FRACCION VII,2025,7,01/10/2025
MHY850101MI1,MUNICIPIO DE HUNUCMA SIN TIPO DE SOCIEDAD,FRACCION VII,2025,8,01/10/2025
MCS8501011I3,MUNICIPIO DE COXCATLAN SLP SIN TIPO DE SOCIEDAD,FRACCION VII,2025,7,01/10/2025
MCS8501011I3,MUNICIPIO DE COXCATLAN SLP SIN TIPO DE SOCIEDAD,FRACCION VII,2025,8,01/10/2025
TMU621114EP4,TESORERIA MUNICIPAL DE TLAHUALILO DURANGO SIN TIPO DE SOCIEDAD,FRACCION VII,2025,6,01/10/2025
MTE850101RK2,MUNICIPIO DE TAMAZULAPAM DEL ESPIRITU SANTO SIN TIPO DE SOCIEDAD,FRACCION VII,2025,6,01/10/2025
MGS850101AI9,MUNICIPIO DE GUADALCAZAR SLP SIN TIPO DE SOCIEDAD,FRACCION VII,2025,6,01/10/2025
MGS850101AI9,MUNICIPIO DE GUADALCAZAR SLP SIN TIPO DE SOCIEDAD,FRACCION VII,2025,7,01/10/2025
MXG850101JR4,MUNICIPIO DE XOCHIHUEHUETLAN GUERRERO SIN TIPO DE SOCIEDAD,FRACCION VII,2025,6,01/10/2025
MMU850101743,MUNICIPIO DE MUGICA SIN TIPO DE SOCIEDAD,FRACCION VII,2022,1,23/07/2024
MCU850101213,MUNICIPIO DE CUSIHUIRIACHI SIN TIPO DE SOCIEDAD,FRACCION VII,2025,6,01/10/2025
MCU850101213,MUNICIPIO DE CUSIHUIRIACHI SIN TIPO DE SOCIEDAD,FRACCION VII,2025,7,01/10/2025
MMY850101284,MUNICIPIO DE MUNA SIN TIPO DE SOCIEDAD,FRACCION VII,2025,6,01/10/2025
MMY850101284,MUNICIPIO DE MUNA SIN TIPO DE SOCIEDAD,FRACCION VII,2025,8,01/10/2025
MMN8501015D6,MUNICIPIO DE MONTEMORELOS NL SIN TIPO DE SOCIEDAD,FRACCION VII,2025,6,01/10/2025
MMN8501015D6,MUNICIPIO DE MONTEMORELOS NL SIN TIPO DE SOCIEDAD,FRACCION VII,2025,7,01/10/2025
MMN8501015D6,MUNICIPIO DE MONTEMORELOS NL SIN TIPO DE SOCIEDAD,FRACCION VII,2025,8,01/10/2025
SEG910814HCA,SECRETARIA DE EDUCACION GUERRERO SIN TIPO DE SOCIEDAD,FRACCION VII,2025,6,01/10/2025
SEG910814HCA,SECRETARIA DE EDUCACION GUERRERO SIN TIPO DE SOCIEDAD,FRACCION VII,2025,7,01/10/2025
SEG910814HCA,SECRETARIA DE EDUCACION GUERRERO SIN TIPO DE SOCIEDAD,FRACCION VII,2025,8,01/10/2025
MMJ850101FGA,MUNICIPIO DE MAZAPILTEPEC DE JUAREZ PUE SIN TIPO DE SOCIEDAD,FRACCION VII,2025,6,01/10/2025
MMJ850101FGA,MUNICIPIO DE MAZAPILTEPEC DE JUAREZ PUE SIN TIPO DE SOCIEDAD,FRACCION VII,2025,7,01/10/2025
MMJ850101FGA,MUNICIPIO DE MAZAPILTEPEC DE JUAREZ PUE SIN TIPO DE SOCIEDAD,FRACCION VII,2025,8,01/10/2025
MCP8501015B2,MUNICIPIO DE COYOTEPEC PUEBLA SIN TIPO DE SOCIEDAD,FRACCION VII,2025,6,01/10/2025
HMN050304311,EL HOSPITAL DE LA MADRE Y EL NIÑO GUERRERENSE SIN TIPO DE SOCIEDAD,FRACCION VII,2025,1,01/10/2025
MMO9801015R0,MUNICIPIO DE MOCORITO SIN TIPO DE SOCIEDAD,FRACCION VII,2025,8,01/10/2025
MAV850101EM3,MUNICIPIO DE ALTOTONGA VER SIN TIPO DE SOCIEDAD,FRACCION VII,2021,10,01/01/2025
MAV850101MT7,MUNICIPIO DE AYAHUALULCO VER SIN TIPO DE SOCIEDAD,FRACCION VII,2021,8,01/10/2025
MAV850101MT7,MUNICIPIO DE AYAHUALULCO VER SIN TIPO DE SOCIEDAD,FRACCION VII,2021,9,01/10/2025
MAV850101MT7,MUNICIPIO DE AYAHUALULCO VER SIN TIPO DE SOCIEDAD,FRACCION VII,2021,10,01/10/2025
MAV850101MT7,MUNICIPIO DE AYAHUALULCO VER SIN TIPO DE SOCIEDAD,FRACCION VII,2021,11,01/10/2025
MAV850101MT7,MUNICIPIO DE AYAHUALULCO VER SIN TIPO DE SOCIEDAD,FRACCION VII,2021,12,01/10/2025
MMJ850101B85,MUNICIPIO DE MAGDALENA JALISCO SIN TIPO DE SOCIEDAD,FRACCION VII,2025,7,01/10/2025
MMJ850101B85,MUNICIPIO DE MAGDALENA JALISCO SIN TIPO DE SOCIEDAD,FRACCION VII,2025,8,01/10/2025
MXO190101BG4,MUNICIPIO DE XOXOCOTLA SIN TIPO DE SOCIEDAD,FRACCION VII,2025,6,01/10/2025
MTY8501013V8,MUNICIPIO DE TEKAX YUCATAN SIN TIPO DE SOCIEDAD,FRACCION VII,2025,6,01/10/2025
MTY8501013V8,MUNICIPIO DE TEKAX YUCATAN SIN TIPO DE SOCIEDAD,FRACCION VII,2025,7,01/10/2025
MTY8501013V8,MUNICIPIO DE TEKAX YUCATAN SIN TIPO DE SOCIEDAD,FRACCION VII,2025,8,01/10/2025
MTP850101375,MUNICIPIO DE TLAPANALA PUEBLA SIN TIPO DE SOCIEDAD,FRACCION VII,2025,7,01/10/2025
MTP850101375,MUNICIPIO DE TLAPANALA PUEBLA SIN TIPO DE SOCIEDAD,FRACCION VII,2025,8,01/10/2025
MSF8501015Y9,MUNICIPIO DE SAN FRANCISCO DE BORJA SIN TIPO DE SOCIEDAD,FRACCION VII,2025,6,01/10/2025
MSF8501015Y9,MUNICIPIO DE SAN FRANCISCO DE BORJA SIN TIPO DE SOCIEDAD,FRACCION VII,2025,7,01/10/2025
MSF8501015Y9,MUNICIPIO DE SAN FRANCISCO DE BORJA SIN TIPO DE SOCIEDAD,FRACCION VII,2025,8,01/10/2025
MSM850101NI7,MUNICIPIO DE SAN MATEO CAJONOS SIN TIPO DE SOCIEDAD,FRACCION VII,2021,3,01/10/2025
MCO850101HI6,MUNICIPIO DE CHOIX SIN TIPO DE SOCIEDAD,FRACCION VII,2025,6,01/10/2025
MCO850101HI6,MUNICIPIO DE CHOIX SIN TIPO DE SOCIEDAD,FRACCION VII,2025,7,01/10/2025
MCO850101HI6,MUNICIPIO DE CHOIX SIN TIPO DE SOCIEDAD,FRACCION VII,2025,8,01/10/2025
MSF850101N54,MUNICIPIO DE SAN FELIPE JALAPA DE DIAZ SIN TIPO DE SOCIEDAD,FRACCION VII,2025,3,01/10/2025
MSF850101N54,MUNICIPIO DE SAN FELIPE JALAPA DE DIAZ SIN TIPO DE SOCIEDAD,FRACCION VII,2025,4,01/10/2025
MSF850101N54,MUNICIPIO DE SAN FELIPE JALAPA DE DIAZ SIN TIPO DE SOCIEDAD,FRACCION VII,2025,5,01/10/2025
MSF850101N54,MUNICIPIO DE SAN FELIPE JALAPA DE DIAZ SIN TIPO DE SOCIEDAD,FRACCION VII,2025,6,01/10/2025
MSF850101N54,MUNICIPIO DE SAN FELIPE JALAPA DE DIAZ SIN TIPO DE SOCIEDAD,FRACCION VII,2025,7,01/10/2025
MSF850101N54,MUNICIPIO DE SAN FELIPE JALAPA DE DIAZ SIN TIPO DE SOCIEDAD,FRACCION VII,2025,8,01/10/2025
MMY850101TB2,MUNICIPIO DE MANI SIN TIPO DE SOCIEDAD,FRACCION VII,2025,6,01/10/2025
MPY850101U77,MUNICIPIO DE PANABA SIN TIPO DE SOCIEDAD,FRACCION VII,2025,7,01/10/2025
MPY850101U77,MUNICIPIO DE PANABA SIN TIPO DE SOCIEDAD,FRACCION VII,2025,8,01/10/2025
MSG850101MT2,MUNICIPIO SANTA GERTRUDIS SIN TIPO DE SOCIEDAD,FRACCION VII,2021,12,23/07/2024
MCS921222M67,MUNICIPIO DE CARDENAS SLP SIN TIPO DE SOCIEDAD,FRACCION VII,2025,6,01/10/2025
MCS921222M67,MUNICIPIO DE CARDENAS SLP SIN TIPO DE SOCIEDAD,FRACCION VII,2025,7,01/10/2025
MCS921222M67,MUNICIPIO DE CARDENAS SLP SIN TIPO DE SOCIEDAD,FRACCION VII,2025,8,01/10/2025
MTE850101RK2,MUNICIPIO DE TAMAZULAPAM DEL ESPIRITU SANTO SIN TIPO DE SOCIEDAD,FRACCION VII,2025,7,01/10/2025
MCU780101JM7,MUNICIPIO DE CUAUTEPEC SIN TIPO DE SOCIEDAD,FRACCION VII,2020,12,01/10/2025
MCU780101JM7,MUNICIPIO DE CUAUTEPEC SIN TIPO DE SOCIEDAD,FRACCION VII,2021,1,01/10/2025
MCU780101JM7,MUNICIPIO DE CUAUTEPEC SIN TIPO DE SOCIEDAD,FRACCION VII,2021,2,01/10/2025
MCU780101JM7,MUNICIPIO DE CUAUTEPEC SIN TIPO DE SOCIEDAD,FRACCION VII,2021,3,01/10/2025
MCU780101JM7,MUNICIPIO DE CUAUTEPEC SIN TIPO DE SOCIEDAD,FRACCION VII,2021,4,01/10/2025
MCU780101JM7,MUNICIPIO DE CUAUTEPEC SIN TIPO DE SOCIEDAD,FRACCION VII,2021,5,01/10/2025
MCU780101JM7,MUNICIPIO DE CUAUTEPEC SIN TIPO DE SOCIEDAD,FRACCION VII,2021,6,01/10/2025
MCU780101JM7,MUNICIPIO DE CUAUTEPEC SIN TIPO DE SOCIEDAD,FRACCION VII,2021,7,01/10/2025
MCU780101JM7,MUNICIPIO DE CUAUTEPEC SIN TIPO DE SOCIEDAD,FRACCION VII,2021,8,01/10/2025
MCU780101JM7,MUNICIPIO DE CUAUTEPEC SIN TIPO DE SOCIEDAD,FRACCION VII,2021,9,01/10/2025
MQU850101AYA,MUNICIPIO DE QUITUPAN JALISCO SIN TIPO DE SOCIEDAD,FRACCION VII,2025,6,01/10/2025
MQU850101AYA,MUNICIPIO DE QUITUPAN JALISCO SIN TIPO DE SOCIEDAD,FRACCION VII,2025,7,01/10/2025
MQU850101AYA,MUNICIPIO DE QUITUPAN JALISCO SIN TIPO DE SOCIEDAD,FRACCION VII,2025,8,01/10/2025
MIC250101DJ2,MUNICIPIO DE IXHUATLAN DEL CAFE VER SIN TIPO DE SOCIEDAD,FRACCION VII,2025,6,01/10/2025
MIC250101DJ2,MUNICIPIO DE IXHUATLAN DEL CAFE VER SIN TIPO DE SOCIEDAD,FRACCION VII,2025,7,01/10/2025
MIC250101DJ2,MUNICIPIO DE IXHUATLAN DEL CAFE VER SIN TIPO DE SOCIEDAD,FRACCION VII,2025,8,01/10/2025
MBJ961227K65,MUNICIPIO DE BENITO JUAREZ SIN TIPO DE SOCIEDAD,FRACCION VII,2025,6,01/10/2025
MBJ961227K65,MUNICIPIO DE BENITO JUAREZ SIN TIPO DE SOCIEDAD,FRACCION VII,2025,7,01/10/2025
MBJ961227K65,MUNICIPIO DE BENITO JUAREZ SIN TIPO DE SOCIEDAD,FRACCION VII,2025,8,01/10/2025
MCP850101PT0,MUNICIPIO DE CALPAN PUEBLA SIN TIPO DE SOCIEDAD,FRACCION VII,2025,6,01/10/2025
MSJ960101K93,MUNICIPIO DE SANTIAGO JOCOTEPEC SIN TIPO DE SOCIEDAD,FRACCION VII,2025,6,01/10/2025
MSJ960101K93,MUNICIPIO DE SANTIAGO JOCOTEPEC SIN TIPO DE SOCIEDAD,FRACCION VII,2025,7,01/10/2025
MSJ960101K93,MUNICIPIO DE SANTIAGO JOCOTEPEC SIN TIPO DE SOCIEDAD,FRACCION VII,2025,8,01/10/2025
MRS850101UN2,MUNICIPIO DE RAYON SLP SIN TIPO DE SOCIEDAD,FRACCION VII,2025,6,01/10/2025
MRS850101UN2,MUNICIPIO DE RAYON SLP SIN TIPO DE SOCIEDAD,FRACCION VII,2025,7,01/10/2025
MRS850101UN2,MUNICIPIO DE RAYON SLP SIN TIPO DE SOCIEDAD,FRACCION VII,2025,8,01/10/2025
MCP8501015B2,MUNICIPIO DE COYOTEPEC PUEBLA SIN TIPO DE SOCIEDAD,FRACCION VII,2025,7,01/10/2025
MCP8501015B2,MUNICIPIO DE COYOTEPEC PUEBLA SIN TIPO DE SOCIEDAD,FRACCION VII,2025,8,01/10/2025
UAC730403446,UNIVERSIDAD AUTONOMA DE COAHUILA SIN TIPO DE SOCIEDAD,FRACCION VII,2025,6,01/10/2025
MMY850101TB2,MUNICIPIO DE MANI SIN TIPO DE SOCIEDAD,FRACCION VII,2025,7,01/10/2025
MMY850101TB2,MUNICIPIO DE MANI SIN TIPO DE SOCIEDAD,FRACCION VII,2025,8,01/10/2025
TMU621114EP4,TESORERIA MUNICIPAL DE TLAHUALILO DURANGO SIN TIPO DE SOCIEDAD,FRACCION VII,2025,7,01/10/2025
TMU621114EP4,TESORERIA MUNICIPAL DE TLAHUALILO DURANGO SIN TIPO DE SOCIEDAD,FRACCION VII,2025,8,01/10/2025
ITS030704M68,INSTITUTO TECNOLOGICO SUPERIOR DE SAN LUIS POTOSI CAPITAL SIN TIPO DE SOCIEDAD,FRACCION VII,2025,8,01/10/2025
MYM850101M45,MUNICIPIO DE YURECUARO MICHOACAN SIN TIPO DE SOCIEDAD,FRACCION VII,2025,6,01/10/2025
MYM850101M45,MUNICIPIO DE YURECUARO MICHOACAN SIN TIPO DE SOCIEDAD,FRACCION VII,2025,7,01/10/2025
MSS850101QL7,MUNICIPIO SAN SEBASTIAN IXCAPA SIN TIPO DE SOCIEDAD,FRACCION VII,2025,6,01/10/2025
MSS850101QL7,MUNICIPIO SAN SEBASTIAN IXCAPA SIN TIPO DE SOCIEDAD,FRACCION VII,2025,7,01/10/2025
MSS850101QL7,MUNICIPIO SAN SEBASTIAN IXCAPA SIN TIPO DE SOCIEDAD,FRACCION VII,2025,8,01/10/2025
MZA850101NV0,MUNICIPIO DE ZIMATLAN DE ALVAREZ SIN TIPO DE SOCIEDAD,FRACCION VII,2022,9,01/01/2025
MZA850101NV0,MUNICIPIO DE ZIMATLAN DE ALVAREZ SIN TIPO DE SOCIEDAD,FRACCION VII,2022,10,01/01/2025
MIV430101EA2,MUNICIPIO DE IXMATLAHUACAN VERACRUZ SIN TIPO DE SOCIEDAD,FRACCION VII,2025,6,01/10/2025
TMU860831IG6,MUNICIPIO DE NAZAS SIN TIPO DE SOCIEDAD,FRACCION VII,2025,6,01/10/2025
TMU860831IG6,MUNICIPIO DE NAZAS SIN TIPO DE SOCIEDAD,FRACCION VII,2025,7,01/10/2025
TMU860831IG6,MUNICIPIO DE NAZAS SIN TIPO DE SOCIEDAD,FRACCION VII,2025,8,01/10/2025
MRO850101K51,MUNICIPIO DE LA REFORMA SIN TIPO DE SOCIEDAD,FRACCION VII,2020,12,23/07/2024
MRO850101K51,MUNICIPIO DE LA REFORMA SIN TIPO DE SOCIEDAD,FRACCION VII,2021,9,23/07/2024
MRG850101JN3,MUNICIPIO DE RIO GRANDE ZAC SIN TIPO DE SOCIEDAD,FRACCION VII,2025,6,01/10/2025
MRG850101JN3,MUNICIPIO DE RIO GRANDE ZAC SIN TIPO DE SOCIEDAD,FRACCION VII,2025,7,01/10/2025
MCI850101PW8,MUNICIPIO DE CHINIPAS SIN TIPO DE SOCIEDAD,FRACCION VII,2025,6,01/10/2025
MCI850101PW8,MUNICIPIO DE CHINIPAS SIN TIPO DE SOCIEDAD,FRACCION VII,2025,7,01/10/2025
MCI850101PW8,MUNICIPIO DE CHINIPAS SIN TIPO DE SOCIEDAD,FRACCION VII,2025,8,01/10/2025
MTY850101SY1,MUNICIPIO DE TEABO SIN TIPO DE SOCIEDAD,FRACCION VII,2025,6,01/10/2025
MTY850101SY1,MUNICIPIO DE TEABO SIN TIPO DE SOCIEDAD,FRACCION VII,2025,7,01/10/2025
MTY850101SY1,MUNICIPIO DE TEABO SIN TIPO DE SOCIEDAD,FRACCION VII,2025,8,01/10/2025
MCY8501012V0,MUNICIPIO DE CUZAMA SIN TIPO DE SOCIEDAD,FRACCION VII,2025,6,01/10/2025
MCY8501012V0,MUNICIPIO DE CUZAMA SIN TIPO DE SOCIEDAD,FRACCION VII,2025,7,01/10/2025
MCY8501012V0,MUNICIPIO DE CUZAMA SIN TIPO DE SOCIEDAD,FRACCION VII,2025,8,01/10/2025
MMO850101JE8,MUNICIPIO DE MONJAS SIN TIPO DE SOCIEDAD,FRACCION VII,2025,6,01/10/2025
MMO850101JE8,MUNICIPIO DE MONJAS SIN TIPO DE SOCIEDAD,FRACCION VII,2025,7,01/10/2025
MMO850101JE8,MUNICIPIO DE MONJAS SIN TIPO DE SOCIEDAD,FRACCION VII,2025,8,01/10/2025
MAT8501015S3,MUNICIPIO DE ANIMAS TRUJANO SIN TIPO DE SOCIEDAD,FRACCION VII,2025,6,01/10/2025
MAT8501015S3,MUNICIPIO DE ANIMAS TRUJANO SIN TIPO DE SOCIEDAD,FRACCION VII,2025,7,01/10/2025
MAT8501015S3,MUNICIPIO DE ANIMAS TRUJANO SIN TIPO DE SOCIEDAD,FRACCION VII,2025,8,01/10/2025
MTY850101D17,MUNICIPIO DE TIZIMIN SIN TIPO DE SOCIEDAD,FRACCION VII,2025,6,01/10/2025
MTY850101D17,MUNICIPIO DE TIZIMIN SIN TIPO DE SOCIEDAD,FRACCION VII,2025,7,01/10/2025
MST670215CTA,MUNICIPIO DE SANTIAGO TUXTLA VER SIN TIPO DE SOCIEDAD,FRACCION VII,2025,6,01/10/2025
MST670215CTA,MUNICIPIO DE SANTIAGO TUXTLA VER SIN TIPO DE SOCIEDAD,FRACCION VII,2025,7,01/10/2025
MST670215CTA,MUNICIPIO DE SANTIAGO TUXTLA VER SIN TIPO DE SOCIEDAD,FRACCION VII,2025,8,01/10/2025
MIP850101PX3,MUNICIPIO DE IXTEPEC PUEBLA SIN TIPO DE SOCIEDAD,FRACCION VII,2025,6,01/10/2025
MHM850101JHA,MUNICIPIO DE HUANIQUEO MICHOACAN SIN TIPO DE SOCIEDAD,FRACCION VII,2025,7,01/10/2025
MHM850101JHA,MUNICIPIO DE HUANIQUEO MICHOACAN SIN TIPO DE SOCIEDAD,FRACCION VII,2025,8,01/10/2025
MHY850101BY0,MUNICIPIO DE HUHI SIN TIPO DE SOCIEDAD,FRACCION VII,2025,6,01/10/2025
MHY850101BY0,MUNICIPIO DE HUHI SIN TIPO DE SOCIEDAD,FRACCION VII,2025,7,01/10/2025
MHY850101BY0,MUNICIPIO DE HUHI SIN TIPO DE SOCIEDAD,FRACCION VII,2025,8,01/10/2025
MSM850101UVA,MUNICIPIO DE SENGUIO MICHOACAN SIN TIPO DE SOCIEDAD,FRACCION VII,2024,1,23/07/2024
MVZ821103JCA,MUNICIPIO DE ZARAGOZA SIN TIPO DE SOCIEDAD,FRACCION VII,2025,6,01/10/2025
MCT920101Q18,MUNICIPIO DE CAMARON DE TEJEDA VER SIN TIPO DE SOCIEDAD,FRACCION VII,2025,7,01/10/2025
MCT920101Q18,MUNICIPIO DE CAMARON DE TEJEDA VER SIN TIPO DE SOCIEDAD,FRACCION VII,2025,8,01/10/2025
MTC850101JS9,MUNICIPIO DE TAMPAMOLON CORONA SLP SIN TIPO DE SOCIEDAD,FRACCION VII,2025,5,01/10/2025
MTC850101JS9,MUNICIPIO DE TAMPAMOLON CORONA SLP SIN TIPO DE SOCIEDAD,FRACCION VII,2025,6,01/10/2025
MTC850101JS9,MUNICIPIO DE TAMPAMOLON CORONA SLP SIN TIPO DE SOCIEDAD,FRACCION VII,2025,7,01/10/2025
MTC850101JS9,MUNICIPIO DE TAMPAMOLON CORONA SLP SIN TIPO DE SOCIEDAD,FRACCION VII,2025,8,01/10/2025
MAY8501018B2,MUNICIPIO DE ABALA SIN TIPO DE SOCIEDAD,FRACCION VII,2025,6,01/10/2025
MAY8501018B2,MUNICIPIO DE ABALA SIN TIPO DE SOCIEDAD,FRACCION VII,2025,7,01/10/2025
MAY8501018B2,MUNICIPIO DE ABALA SIN TIPO DE SOCIEDAD,FRACCION VII,2025,8,01/10/2025
MSY850101IZA,MUNICIPIO DE SINANCHE SIN TIPO DE SOCIEDAD,FRACCION VII,2025,7,01/10/2025
MSY850101IZA,MUNICIPIO DE SINANCHE SIN TIPO DE SOCIEDAD,FRACCION VII,2025,8,01/10/2025
MMG011129TS2,MUNICIPIO DE MARQUELIA GRO. SIN TIPO DE SOCIEDAD,FRACCION VII,2021,1,01/10/2025
MMG011129TS2,MUNICIPIO DE MARQUELIA GRO. SIN TIPO DE SOCIEDAD,FRACCION VII,2021,2,01/10/2025
MMG011129TS2,MUNICIPIO DE MARQUELIA GRO. SIN TIPO DE SOCIEDAD,FRACCION VII,2021,3,01/10/2025
MMG011129TS2,MUNICIPIO DE MARQUELIA GRO. SIN TIPO DE SOCIEDAD,FRACCION VII,2021,4,01/10/2025
MMG011129TS2,MUNICIPIO DE MARQUELIA GRO. SIN TIPO DE SOCIEDAD,FRACCION VII,2021,5,01/10/2025
MMG011129TS2,MUNICIPIO DE MARQUELIA GRO. SIN TIPO DE SOCIEDAD,FRACCION VII,2021,6,01/10/2025
MMG011129TS2,MUNICIPIO DE MARQUELIA GRO. SIN TIPO DE SOCIEDAD,FRACCION VII,2021,7,01/10/2025
MMG011129TS2,MUNICIPIO DE MARQUELIA GRO. SIN TIPO DE SOCIEDAD,FRACCION VII,2021,8,01/10/2025
MMG011129TS2,MUNICIPIO DE MARQUELIA GRO. SIN TIPO DE SOCIEDAD,FRACCION VII,2021,9,01/10/2025
MSM850101LC3,MUNICIPIO DE SANTA MARIA OZOLOTEPEC SIN TIPO DE SOCIEDAD,FRACCION VII,2022,12,23/07/2024
MCT850101GY2,MUNICIPIO CAMARGO TAMAULIPAS SIN TIPO DE SOCIEDAD,FRACCION VII,2025,8,01/10/2025
MSF850101V76,MUNICIPIO DE SAN FRANCISCO TELIXTLAHUACA SIN TIPO DE SOCIEDAD,FRACCION VII,2020,12,23/07/2024
MSF850101V76,MUNICIPIO DE SAN FRANCISCO TELIXTLAHUACA SIN TIPO DE SOCIEDAD,FRACCION VII,2021,1,23/07/2024
MSF850101V76,MUNICIPIO DE SAN FRANCISCO TELIXTLAHUACA SIN TIPO DE SOCIEDAD,FRACCION VII,2021,2,23/07/2024
MSF850101V76,MUNICIPIO DE SAN FRANCISCO TELIXTLAHUACA SIN TIPO DE SOCIEDAD,FRACCION VII,2021,3,23/07/2024
MSF850101V76,MUNICIPIO DE SAN FRANCISCO TELIXTLAHUACA SIN TIPO DE SOCIEDAD,FRACCION VII,2021,4,23/07/2024
MSF850101V76,MUNICIPIO DE SAN FRANCISCO TELIXTLAHUACA SIN TIPO DE SOCIEDAD,FRACCION VII,2021,5,23/07/2024
MSF850101V76,MUNICIPIO DE SAN FRANCISCO TELIXTLAHUACA SIN TIPO DE SOCIEDAD,FRACCION VII,2021,6,23/07/2024
MSF850101V76,MUNICIPIO DE SAN FRANCISCO TELIXTLAHUACA SIN TIPO DE SOCIEDAD,FRACCION VII,2021,7,23/07/2024
MSF850101V76,MUNICIPIO DE SAN FRANCISCO TELIXTLAHUACA SIN TIPO DE SOCIEDAD,FRACCION VII,2021,8,23/07/2024
MCU850101H71,MUNICIPIO DE CHUMATLAN SIN TIPO DE SOCIEDAD,FRACCION VII,2025,6,01/10/2025
MCU850101H71,MUNICIPIO DE CHUMATLAN SIN TIPO DE SOCIEDAD,FRACCION VII,2025,7,01/10/2025
MCU850101H71,MUNICIPIO DE CHUMATLAN SIN TIPO DE SOCIEDAD,FRACCION VII,2025,8,01/10/2025
MNM6210296T0,MUNICIPIO DE NUEVO MORELOS TAMAULIPAS SIN TIPO DE SOCIEDAD,FRACCION VII,2021,6,01/10/2025
MNM6210296T0,MUNICIPIO DE NUEVO MORELOS TAMAULIPAS SIN TIPO DE SOCIEDAD,FRACCION VII,2021,7,01/10/2025
MNM6210296T0,MUNICIPIO DE NUEVO MORELOS TAMAULIPAS SIN TIPO DE SOCIEDAD,FRACCION VII,2021,8,01/10/2025
MDA530101R63,MUNICIPIO DE DR ARROYO NL SIN TIPO DE SOCIEDAD,FRACCION VII,2025,7,01/10/2025
MDA530101R63,MUNICIPIO DE DR ARROYO NL SIN TIPO DE SOCIEDAD,FRACCION VII,2025,8,01/10/2025
MAN850101KQA,MUNICIPIO DE AUTLAN DE NAVARRO JALISCO SIN TIPO DE SOCIEDAD,FRACCION VII,2025,6,01/10/2025
MAN850101KQA,MUNICIPIO DE AUTLAN DE NAVARRO JALISCO SIN TIPO DE SOCIEDAD,FRACCION VII,2025,7,01/10/2025
MAN850101KQA,MUNICIPIO DE AUTLAN DE NAVARRO JALISCO SIN TIPO DE SOCIEDAD,FRACCION VII,2025,8,01/10/2025
MCY850101DQA,MUNICIPIO DE CHACSINKIN SIN TIPO DE SOCIEDAD,FRACCION VII,2025,8,01/10/2025
MCU6101015R1,MUNICIPIO DE CUAUTLA SIN TIPO DE SOCIEDAD,FRACCION VII,2025,8,01/10/2025
MSL850101TJ5,MUNICIPIO DE SAN LUCAS OJITLAN SIN TIPO DE SOCIEDAD,FRACCION VII,2025,6,01/10/2025
MSL850101TJ5,MUNICIPIO DE SAN LUCAS OJITLAN SIN TIPO DE SOCIEDAD,FRACCION VII,2025,7,01/10/2025
MSM850101QV0,MUNICIPIO DE SAN MIGUEL QUETZALTEPEC SIN TIPO DE SOCIEDAD,FRACCION VII,2025,6,01/10/2025
MSA8501011U2,MUNICIPIO DE SAN ANDRES CABECERA NUEVA SIN TIPO DE SOCIEDAD,FRACCION VII,2025,6,01/10/2025
MBJ850101999,MUNICIPIO DE BOLAÑOS JALISCO SIN TIPO DE SOCIEDAD,FRACCION VII,2025,8,01/10/2025
MCY850101DQA,MUNICIPIO DE CHACSINKIN SIN TIPO DE SOCIEDAD,FRACCION VII,2025,6,01/10/2025
MCY850101DQA,MUNICIPIO DE CHACSINKIN SIN TIPO DE SOCIEDAD,FRACCION VII,2025,7,01/10/2025
MSC850101MB3,MUNICIPIO DE SAN CRISTOBAL AMATLAN SIN TIPO DE SOCIEDAD,FRACCION VII,2021,2,23/07/2024
MNM850101TP3,MUNICIPIO DE NOCUPETARO MICH SIN TIPO DE SOCIEDAD,FRACCION VII,2025,6,01/10/2025
MNM850101TP3,MUNICIPIO DE NOCUPETARO MICH SIN TIPO DE SOCIEDAD,FRACCION VII,2025,7,01/10/2025
MNM850101TP3,MUNICIPIO DE NOCUPETARO MICH SIN TIPO DE SOCIEDAD,FRACCION VII,2025,8,01/10/2025
MNF850101I23,MUNICIPIO DE NICOLAS FLORES SIN TIPO DE SOCIEDAD,FRACCION VII,2025,6,01/10/2025
MNF850101I23,MUNICIPIO DE NICOLAS FLORES SIN TIPO DE SOCIEDAD,FRACCION VII,2025,7,01/10/2025
MNF850101I23,MUNICIPIO DE NICOLAS FLORES SIN TIPO DE SOCIEDAD,FRACCION VII,2025,8,01/10/2025
MIM850101J6A,MUNICIPIO DE IZUCAR DE MATAMOROS PUEBLA SIN TIPO DE SOCIEDAD,FRACCION VII,2025,7,01/10/2025
MIM850101J6A,MUNICIPIO DE IZUCAR DE MATAMOROS PUEBLA SIN TIPO DE SOCIEDAD,FRACCION VII,2025,8,01/10/2025
MVA8501016C3,MUNICIPIO DE VILLA ALDAMA VER SIN TIPO DE SOCIEDAD,FRACCION VII,2025,6,01/10/2025
MVA8501016C3,MUNICIPIO DE VILLA ALDAMA VER SIN TIPO DE SOCIEDAD,FRACCION VII,2025,7,01/10/2025
MVA8501016C3,MUNICIPIO DE VILLA ALDAMA VER SIN TIPO DE SOCIEDAD,FRACCION VII,2025,8,01/10/2025
SES870401TX8,SERVICIOS ESTATALES DE SALUD SIN TIPO DE SOCIEDAD,FRACCION VII,2025,7,01/10/2025
SES870401TX8,SERVICIOS ESTATALES DE SALUD SIN TIPO DE SOCIEDAD,FRACCION VII,2025,8,01/10/2025
MNS941202UQ9,MUNICIPIO DE EL NARANJO SLP SIN TIPO DE SOCIEDAD,FRACCION VII,2025,6,01/10/2025
MNS941202UQ9,MUNICIPIO DE EL NARANJO SLP SIN TIPO DE SOCIEDAD,FRACCION VII,2025,7,01/10/2025
MNS941202UQ9,MUNICIPIO DE EL NARANJO SLP SIN TIPO DE SOCIEDAD,FRACCION VII,2025,8,01/10/2025
MSM850101RH5,MUNICIPIO DE SAHUAYO MICHOACAN SIN TIPO DE SOCIEDAD,FRACCION VII,2025,6,01/10/2025
MSM850101RH5,MUNICIPIO DE SAHUAYO MICHOACAN SIN TIPO DE SOCIEDAD,FRACCION VII,2025,7,01/10/2025
MSM850101RH5,MUNICIPIO DE SAHUAYO MICHOACAN SIN TIPO DE SOCIEDAD,FRACCION VII,2025,8,01/10/2025
MOC850101CZ5,MUNICIPIO DE OCUILAN SIN TIPO DE SOCIEDAD,FRACCION VII,2025,7,01/10/2025
MOC850101CZ5,MUNICIPIO DE OCUILAN SIN TIPO DE SOCIEDAD,FRACCION VII,2025,8,01/10/2025
MJR850101LS8,MUNICIPIO DE JUAN R ESCUDERO GUERRERO SIN TIPO DE SOCIEDAD,FRACCION VII,2021,1,01/10/2025
MJR850101LS8,MUNICIPIO DE JUAN R ESCUDERO GUERRERO SIN TIPO DE SOCIEDAD,FRACCION VII,2021,2,01/10/2025
MJR850101LS8,MUNICIPIO DE JUAN R ESCUDERO GUERRERO SIN TIPO DE SOCIEDAD,FRACCION VII,2021,3,01/10/2025
MJR850101LS8,MUNICIPIO DE JUAN R ESCUDERO GUERRERO SIN TIPO DE SOCIEDAD,FRACCION VII,2021,4,01/10/2025
MJR850101LS8,MUNICIPIO DE JUAN R ESCUDERO GUERRERO SIN TIPO DE SOCIEDAD,FRACCION VII,2021,5,01/10/2025
MJR850101LS8,MUNICIPIO DE JUAN R ESCUDERO GUERRERO SIN TIPO DE SOCIEDAD,FRACCION VII,2021,6,01/10/2025
MND630915U24,MUNICIPIO DE NOMBRE DE DIOS SIN TIPO DE SOCIEDAD,FRACCION VII,2025,6,01/10/2025
MND630915U24,MUNICIPIO DE NOMBRE DE DIOS SIN TIPO DE SOCIEDAD,FRACCION VII,2025,7,01/10/2025
MND630915U24,MUNICIPIO DE NOMBRE DE DIOS SIN TIPO DE SOCIEDAD,FRACCION VII,2025,8,01/10/2025
MJM850101P52,MUNICIPIO DE JUNGAPEO MICHOACAN SIN TIPO DE SOCIEDAD,FRACCION VII,2022,8,23/07/2024
MJM850101P52,MUNICIPIO DE JUNGAPEO MICHOACAN SIN TIPO DE SOCIEDAD,FRACCION VII,2022,9,23/07/2024
MJM850101P52,MUNICIPIO DE JUNGAPEO MICHOACAN SIN TIPO DE SOCIEDAD,FRACCION VII,2022,10,23/07/2024
MJM850101P52,MUNICIPIO DE JUNGAPEO MICHOACAN SIN TIPO DE SOCIEDAD,FRACCION VII,2022,11,23/07/2024
MJM850101P52,MUNICIPIO DE JUNGAPEO MICHOACAN SIN TIPO DE SOCIEDAD,FRACCION VII,2025,6,01/10/2025
MJM850101P52,MUNICIPIO DE JUNGAPEO MICHOACAN SIN TIPO DE SOCIEDAD,FRACCION VII,2025,7,01/10/2025
MJM850101P52,MUNICIPIO DE JUNGAPEO MICHOACAN SIN TIPO DE SOCIEDAD,FRACCION VII,2025,8,01/10/2025
MSM670101D84,MUNICIPIO DE SAN MARCOS GRO SIN TIPO DE SOCIEDAD,FRACCION VII,2025,7,01/10/2025
MSM670101D84,MUNICIPIO DE SAN MARCOS GRO SIN TIPO DE SOCIEDAD,FRACCION VII,2025,8,01/10/2025
MCM850101F60,MUNICIPIO DE CHUCANDIRO MICHOACAN SIN TIPO DE SOCIEDAD,FRACCION VII,2025,7,01/10/2025
MCM850101F60,MUNICIPIO DE CHUCANDIRO MICHOACAN SIN TIPO DE SOCIEDAD,FRACCION VII,2025,8,01/10/2025
MTM850101GY5,MUNICIPIO DE TIQUICHEO MICHOACAN SIN TIPO DE SOCIEDAD,FRACCION VII,2025,6,01/10/2025
MTM850101GY5,MUNICIPIO DE TIQUICHEO MICHOACAN SIN TIPO DE SOCIEDAD,FRACCION VII,2025,7,01/10/2025
MTM850101GY5,MUNICIPIO DE TIQUICHEO MICHOACAN SIN TIPO DE SOCIEDAD,FRACCION VII,2025,8,01/10/2025
MVP8501016L1,MUNICIPIO DE VILLA PESQUEIRA SIN TIPO DE SOCIEDAD,FRACCION VII,2020,12,01/10/2025
MVP8501016L1,MUNICIPIO DE VILLA PESQUEIRA SIN TIPO DE SOCIEDAD,FRACCION VII,2021,1,01/10/2025
MVP8501016L1,MUNICIPIO DE VILLA PESQUEIRA SIN TIPO DE SOCIEDAD,FRACCION VII,2021,2,01/10/2025
MVP8501016L1,MUNICIPIO DE VILLA PESQUEIRA SIN TIPO DE SOCIEDAD,FRACCION VII,2021,3,01/10/2025
MVP8501016L1,MUNICIPIO DE VILLA PESQUEIRA SIN TIPO DE SOCIEDAD,FRACCION VII,2021,4,01/10/2025
MVP8501016L1,MUNICIPIO DE VILLA PESQUEIRA SIN TIPO DE SOCIEDAD,FRACCION VII,2021,5,01/10/2025
MVP8501016L1,MUNICIPIO DE VILLA PESQUEIRA SIN TIPO DE SOCIEDAD,FRACCION VII,2022,5,01/10/2025
MVP8501016L1,MUNICIPIO DE VILLA PESQUEIRA SIN TIPO DE SOCIEDAD,FRACCION VII,2022,6,01/10/2025
MVP8501016L1,MUNICIPIO DE VILLA PESQUEIRA SIN TIPO DE SOCIEDAD,FRACCION VII,2022,7,01/10/2025
MVP8501016L1,MUNICIPIO DE VILLA PESQUEIRA SIN TIPO DE SOCIEDAD,FRACCION VII,2022,8,01/10/2025
MCG850101CE9,MUNICIPIO DE COPANATOYAC GUERRERO SIN TIPO DE SOCIEDAD,FRACCION VII,2025,6,01/10/2025
MCG850101CE9,MUNICIPIO DE COPANATOYAC GUERRERO SIN TIPO DE SOCIEDAD,FRACCION VII,2025,7,01/10/2025
MCG850101CE9,MUNICIPIO DE COPANATOYAC GUERRERO SIN TIPO DE SOCIEDAD,FRACCION VII,2025,8,01/10/2025
MSL951003897,MUNICIPIO DE SAN LUCAS TECOPILCO TLAX SIN TIPO DE SOCIEDAD,FRACCION VII,2025,8,01/10/2025
IMP1711309CA,"INSTITUTO MUNICIPAL DE PLANEACION DE TZITZIO, MICHOACAN SIN TIPO DE SOCIEDAD",FRACCION VII,2024,11,01/10/2025
MSY860201B36,MUNICIPIO DE SAMAHIL SIN TIPO DE SOCIEDAD,FRACCION VII,2025,6,01/10/2025
MSY860201B36,MUNICIPIO DE SAMAHIL SIN TIPO DE SOCIEDAD,FRACCION VII,2025,7,01/10/2025
MSY860201B36,MUNICIPIO DE SAMAHIL SIN TIPO DE SOCIEDAD,FRACCION VII,2025,8,01/10/2025
MSI850101AL3,MUNICIPIO DE SINGUILUCAN SIN TIPO DE SOCIEDAD,FRACCION VII,2025,8,01/10/2025
MNM850101RL8,MUNICIPIO DE NEJAPA DE MADERO SIN TIPO DE SOCIEDAD,FRACCION VII,2022,8,23/07/2024
MNA8501012Q7,MUNICIPIO DE NORIA DE ANGELES Z SIN TIPO DE SOCIEDAD,FRACCION VII,2024,12,01/10/2025
MSP850101KP4,MUNICIPIO DE SAN PEDRO IXCATLAN SIN TIPO DE SOCIEDAD,FRACCION VII,2025,8,01/10/2025
MFB850101193,MUNICIPIO DE BENITO JUAREZ SIN TIPO DE SOCIEDAD,FRACCION VII,2025,7,01/10/2025
MTG850101RQ1,MUNICIPIO DE TEUL DE GONZALEZ ORTEGA ZAC SIN TIPO DE SOCIEDAD,FRACCION VII,2025,8,01/10/2025
PMF8501018P3,PRESIDENCIA MUNICIPAL DE FRANCISCO I MADERO COAH SIN TIPO DE SOCIEDAD,FRACCION VII,2025,6,01/10/2025
PMF8501018P3,PRESIDENCIA MUNICIPAL DE FRANCISCO I MADERO COAH SIN TIPO DE SOCIEDAD,FRACCION VII,2025,7,01/10/2025
PMF8501018P3,PRESIDENCIA MUNICIPAL DE FRANCISCO I MADERO COAH SIN TIPO DE SOCIEDAD,FRACCION VII,2025,8,01/10/2025
MJA850101JX8,MUNICIPIO DE JANTETELCO SIN TIPO DE SOCIEDAD,FRACCION VII,2025,6,01/10/2025
MJA850101JX8,MUNICIPIO DE JANTETELCO SIN TIPO DE SOCIEDAD,FRACCION VII,2025,7,01/10/2025
MJA850101JX8,MUNICIPIO DE JANTETELCO SIN TIPO DE SOCIEDAD,FRACCION VII,2025,8,01/10/2025
MSY850101IZA,MUNICIPIO DE SINANCHE SIN TIPO DE SOCIEDAD,FRACCION VII,2025,6,01/10/2025
MDG850101BK0,MUNICIPIO DE DONATO GUERRA SIN TIPO DE SOCIEDAD,FRACCION VII,2025,7,01/10/2025
MDG850101BK0,MUNICIPIO DE DONATO GUERRA SIN TIPO DE SOCIEDAD,FRACCION VII,2025,8,01/10/2025
MSC850101K68,MUNICIPIO DE SANTA CRUZ ACATEPEC SIN TIPO DE SOCIEDAD,FRACCION VII,2025,6,01/10/2025
MSC850101K68,MUNICIPIO DE SANTA CRUZ ACATEPEC SIN TIPO DE SOCIEDAD,FRACCION VII,2025,7,01/10/2025
MTG850101JY1,MUNICIPIO DE TUZAMAPAN DE GALEANA SIN TIPO DE SOCIEDAD,FRACCION VII,2025,6,01/10/2025
MTG850101JY1,MUNICIPIO DE TUZAMAPAN DE GALEANA SIN TIPO DE SOCIEDAD,FRACCION VII,2025,7,01/10/2025
MTG850101JY1,MUNICIPIO DE TUZAMAPAN DE GALEANA SIN TIPO DE SOCIEDAD,FRACCION VII,2025,8,01/10/2025
PMT540302AR5,PRESIDENCIA MUNICIPAL TECATE SIN TIPO DE SOCIEDAD,FRACCION VII,2025,8,01/10/2025
IEE040322F23,INSTITUTO ESTATAL PARA LA EDUCACION DE JOVENES Y ADULTOS DE GUERRERO SIN TIPO DE SOCIEDAD,FRACCION VII,2025,6,01/10/2025
MTM850101PP4,MUNICIPIO DE TLACOLULA DE MATAMOROS SIN TIPO DE SOCIEDAD,FRACCION VII,2025,6,01/10/2025
MTM850101PP4,MUNICIPIO DE TLACOLULA DE MATAMOROS SIN TIPO DE SOCIEDAD,FRACCION VII,2025,7,01/10/2025
MTM850101PP4,MUNICIPIO DE TLACOLULA DE MATAMOROS SIN TIPO DE SOCIEDAD,FRACCION VII,2025,8,01/10/2025
CEC910820IX9,COLEGIO DE ESTUDIOS CIENTIFICOS Y TECNOLOGICOS DEL ESTADO DE SAN LUIS POTOSI SIN TIPO DE SOCIEDAD,FRACCION VII,2025,6,01/10/2025
CEC910820IX9,COLEGIO DE ESTUDIOS CIENTIFICOS Y TECNOLOGICOS DEL ESTADO DE SAN LUIS POTOSI SIN TIPO DE SOCIEDAD,FRACCION VII,2025,7,01/10/2025
CEC910820IX9,COLEGIO DE ESTUDIOS CIENTIFICOS Y TECNOLOGICOS DEL ESTADO DE SAN LUIS POTOSI SIN TIPO DE SOCIEDAD,FRACCION VII,2025,8,01/10/2025
MCZ85010182A,MUNICIPIO DE CAMERINO Z MENDOZA VER SIN TIPO DE SOCIEDAD,FRACCION VII,2025,6,01/10/2025
MCZ85010182A,MUNICIPIO DE CAMERINO Z MENDOZA VER SIN TIPO DE SOCIEDAD,FRACCION VII,2025,7,01/10/2025
MCZ85010182A,MUNICIPIO DE CAMERINO Z MENDOZA VER SIN TIPO DE SOCIEDAD,FRACCION VII,2025,8,01/10/2025
MCY850101292,MUNICIPIO DE CHAPAB SIN TIPO DE SOCIEDAD,FRACCION VII,2025,6,01/10/2025
MCY850101292,MUNICIPIO DE CHAPAB SIN TIPO DE SOCIEDAD,FRACCION VII,2025,7,01/10/2025
MCY850101292,MUNICIPIO DE CHAPAB SIN TIPO DE SOCIEDAD,FRACCION VII,2025,8,01/10/2025
MLB980520QB1,MUNICIPIO DE LORETO BCS SIN TIPO DE SOCIEDAD,FRACCION VII,2025,6,01/10/2025
MLB980520QB1,MUNICIPIO DE LORETO BCS SIN TIPO DE SOCIEDAD,FRACCION VII,2025,7,01/10/2025
MLB980520QB1,MUNICIPIO DE LORETO BCS SIN TIPO DE SOCIEDAD,FRACCION VII,2025,8,01/10/2025
PMI8501019M0,MUNICIPIO DE IXTAPAN DEL ORO SIN TIPO DE SOCIEDAD,FRACCION VII,2025,6,01/10/2025
PMI8501019M0,MUNICIPIO DE IXTAPAN DEL ORO SIN TIPO DE SOCIEDAD,FRACCION VII,2025,7,01/10/2025
PMI8501019M0,MUNICIPIO DE IXTAPAN DEL ORO SIN TIPO DE SOCIEDAD,FRACCION VII,2025,8,01/10/2025
HAM7201019B2,HONORABLE AYUNTAMIENTO DE MULEGE SIN TIPO DE SOCIEDAD,FRACCION VII,2022,2,01/10/2025
HAM7201019B2,HONORABLE AYUNTAMIENTO DE MULEGE SIN TIPO DE SOCIEDAD,FRACCION VII,2024,12,01/10/2025
HAM7201019B2,HONORABLE AYUNTAMIENTO DE MULEGE SIN TIPO DE SOCIEDAD,FRACCION VII,2025,1,01/10/2025
HAM7201019B2,HONORABLE AYUNTAMIENTO DE MULEGE SIN TIPO DE SOCIEDAD,FRACCION VII,2025,2,01/10/2025
HAM7201019B2,HONORABLE AYUNTAMIENTO DE MULEGE SIN TIPO DE SOCIEDAD,FRACCION VII,2025,3,01/10/2025
HAM7201019B2,HONORABLE AYUNTAMIENTO DE MULEGE SIN TIPO DE SOCIEDAD,FRACCION VII,2025,4,01/10/2025
HAM7201019B2,HONORABLE AYUNTAMIENTO DE MULEGE SIN TIPO DE SOCIEDAD,FRACCION VII,2025,5,01/10/2025
HAM7201019B2,HONORABLE AYUNTAMIENTO DE MULEGE SIN TIPO DE SOCIEDAD,FRACCION VII,2025,6,01/10/2025
HAM7201019B2,HONORABLE AYUNTAMIENTO DE MULEGE SIN TIPO DE SOCIEDAD,FRACCION VII,2025,7,01/10/2025
HAM7201019B2,HONORABLE AYUNTAMIENTO DE MULEGE SIN TIPO DE SOCIEDAD,FRACCION VII,2025,8,01/10/2025
MSC850101RPA,MUNICIPIO SAN CARLOS YAUTEPEC SIN TIPO DE SOCIEDAD,FRACCION VII,2021,3,23/07/2024
MYV8501013N1,MUNICIPIO DE YECUATLA VER SIN TIPO DE SOCIEDAD,FRACCION VII,2021,12,01/04/2025
MOJ850101TJ3,MUNICIPIO DE OMITLAN DE JUAREZ SIN TIPO DE SOCIEDAD,FRACCION VII,2025,6,01/10/2025
MOJ850101TJ3,MUNICIPIO DE OMITLAN DE JUAREZ SIN TIPO DE SOCIEDAD,FRACCION VII,2025,7,01/10/2025
MOJ850101TJ3,MUNICIPIO DE OMITLAN DE JUAREZ SIN TIPO DE SOCIEDAD,FRACCION VII,2025,8,01/10/2025
MTS850101734,MUNICIPIO TANLAJAS SLP SIN TIPO DE SOCIEDAD,FRACCION VII,2025,6,01/10/2025
MTS850101734,MUNICIPIO TANLAJAS SLP SIN TIPO DE SOCIEDAD,FRACCION VII,2025,7,01/10/2025
MTS850101734,MUNICIPIO TANLAJAS SLP SIN TIPO DE SOCIEDAD,FRACCION VII,2025,8,01/10/2025
MCO850101MD1,MUNICIPIO DE CHAHUITES SIN TIPO DE SOCIEDAD,FRACCION VII,2025,7,01/10/2025
MCO850101MD1,MUNICIPIO DE CHAHUITES SIN TIPO DE SOCIEDAD,FRACCION VII,2025,8,01/10/2025
MVA850101PY7,MUNICIPIO DE VILLA DE ARISTA SLP SIN TIPO DE SOCIEDAD,FRACCION VII,2025,1,01/10/2025
MVA850101PY7,MUNICIPIO DE VILLA DE ARISTA SLP SIN TIPO DE SOCIEDAD,FRACCION VII,2025,2,01/10/2025
MVA850101PY7,MUNICIPIO DE VILLA DE ARISTA SLP SIN TIPO DE SOCIEDAD,FRACCION VII,2025,3,01/10/2025
MVA850101PY7,MUNICIPIO DE VILLA DE ARISTA SLP SIN TIPO DE SOCIEDAD,FRACCION VII,2025,4,01/10/2025
MVA850101PY7,MUNICIPIO DE VILLA DE ARISTA SLP SIN TIPO DE SOCIEDAD,FRACCION VII,2025,5,01/10/2025
SDI880112HG7,SISTEMA PARA EL DESARROLLO INTEGRAL DE LA FAMILIA DEL MUNICIPIO DE QUITUPAN JALISCO SIN TIPO DE SOCIEDAD,FRACCION VII,2025,7,01/10/2025
SDI880112HG7,SISTEMA PARA EL DESARROLLO INTEGRAL DE LA FAMILIA DEL MUNICIPIO DE QUITUPAN JALISCO SIN TIPO DE SOCIEDAD,FRACCION VII,2025,8,01/10/2025
MSB860201AM2,MUNICIPIO DE SAN BLAS NAY SIN TIPO DE SOCIEDAD,FRACCION VII,2025,7,01/10/2025
MSB860201AM2,MUNICIPIO DE SAN BLAS NAY SIN TIPO DE SOCIEDAD,FRACCION VII,2025,8,01/10/2025
MSN930215MJ0,MUNICIPIO DE SAN NICOLAS BUENOS AIRES SIN TIPO DE SOCIEDAD,FRACCION VII,2025,6,01/10/2025
MSN930215MJ0,MUNICIPIO DE SAN NICOLAS BUENOS AIRES SIN TIPO DE SOCIEDAD,FRACCION VII,2025,7,01/10/2025
MSN930215MJ0,MUNICIPIO DE SAN NICOLAS BUENOS AIRES SIN TIPO DE SOCIEDAD,FRACCION VII,2025,8,01/10/2025
MBY850101DZ3,MUNICIPIO DE BUCTZOTZ SIN TIPO DE SOCIEDAD,FRACCION VII,2025,6,01/10/2025
MBY850101DZ3,MUNICIPIO DE BUCTZOTZ SIN TIPO DE SOCIEDAD,FRACCION VII,2025,7,01/10/2025
MBY850101DZ3,MUNICIPIO DE BUCTZOTZ SIN TIPO DE SOCIEDAD,FRACCION VII,2025,8,01/10/2025
MTT850101BD6,MUNICIPIO DE TZOMPANTEPEC TLAX SIN TIPO DE SOCIEDAD,FRACCION VII,2025,8,01/10/2025
MSL850101TJ5,MUNICIPIO DE SAN LUCAS OJITLAN SIN TIPO DE SOCIEDAD,FRACCION VII,2025,8,01/10/2025
MJP850101AM9,MUNICIPIO DE JONOTLA PUEBLA SIN TIPO DE SOCIEDAD,FRACCION VII,2025,6,01/10/2025
MJP850101AM9,MUNICIPIO DE JONOTLA PUEBLA SIN TIPO DE SOCIEDAD,FRACCION VII,2025,7,01/10/2025
MJP850101AM9,MUNICIPIO DE JONOTLA PUEBLA SIN TIPO DE SOCIEDAD,FRACCION VII,2025,8,01/10/2025
MAD8812014V1,MUNICIPIO DE AGUA DULCE VER SIN TIPO DE SOCIEDAD,FRACCION VII,2025,6,01/10/2025
MAD8812014V1,MUNICIPIO DE AGUA DULCE VER SIN TIPO DE SOCIEDAD,FRACCION VII,2025,7,01/10/2025
MTY850101179,MUNICIPIO DE TIXMEHUAC SIN TIPO DE SOCIEDAD,FRACCION VII,2025,6,01/10/2025
MTY850101179,MUNICIPIO DE TIXMEHUAC SIN TIPO DE SOCIEDAD,FRACCION VII,2025,7,01/10/2025
MTY850101179,MUNICIPIO DE TIXMEHUAC SIN TIPO DE SOCIEDAD,FRACCION VII,2025,8,01/10/2025
AMS890920IB2,GRAL. PLUTARCO ELIAS CALLES SIN TIPO DE SOCIEDAD,FRACCION VII,2025,6,01/10/2025
AMS890920IB2,GRAL. PLUTARCO ELIAS CALLES SIN TIPO DE SOCIEDAD,FRACCION VII,2025,7,01/10/2025
AMS890920IB2,GRAL. PLUTARCO ELIAS CALLES SIN TIPO DE SOCIEDAD,FRACCION VII,2025,8,01/10/2025
MVG850101KC0,MUNICIPIO DE VICENTE GUERRERO PUEBLA SIN TIPO DE SOCIEDAD,FRACCION VII,2025,6,01/10/2025
MSC850101SB4,MUNICIPIO DE SAN CIRO DE ACOSTA SLP SIN TIPO DE SOCIEDAD,FRACCION VII,2025,6,01/10/2025
MSC850101SB4,MUNICIPIO DE SAN CIRO DE ACOSTA SLP SIN TIPO DE SOCIEDAD,FRACCION VII,2025,7,01/10/2025
MSC850101SB4,MUNICIPIO DE SAN CIRO DE ACOSTA SLP SIN TIPO DE SOCIEDAD,FRACCION VII,2025,8,01/10/2025
MSI850101CZ0,MUNICIPIO SANTIAGO IXTAYUTLA SIN TIPO DE SOCIEDAD,FRACCION VII,2025,8,01/10/2025
MDB850101AM5,MUNICIPIO DE DZILAM DE BRAVO SIN TIPO DE SOCIEDAD,FRACCION VII,2025,8,01/10/2025
MSP850101KP4,MUNICIPIO DE SAN PEDRO IXCATLAN SIN TIPO DE SOCIEDAD,FRACCION VII,2025,1,01/10/2025
MSP850101KP4,MUNICIPIO DE SAN PEDRO IXCATLAN SIN TIPO DE SOCIEDAD,FRACCION VII,2025,2,01/10/2025
MSP850101KP4,MUNICIPIO DE SAN PEDRO IXCATLAN SIN TIPO DE SOCIEDAD,FRACCION VII,2025,3,01/10/2025
MSP850101KP4,MUNICIPIO DE SAN PEDRO IXCATLAN SIN TIPO DE SOCIEDAD,FRACCION VII,2025,4,01/10/2025
MSP850101KP4,MUNICIPIO DE SAN PEDRO IXCATLAN SIN TIPO DE SOCIEDAD,FRACCION VII,2025,5,01/10/2025
MSP850101KP4,MUNICIPIO DE SAN PEDRO IXCATLAN SIN TIPO DE SOCIEDAD,FRACCION VII,2025,6,01/10/2025
MSP850101KP4,MUNICIPIO DE SAN PEDRO IXCATLAN SIN TIPO DE SOCIEDAD,FRACCION VII,2025,7,01/10/2025
MAC850101R74,MUNICIPIO DE ALTAMIRANO SIN TIPO DE SOCIEDAD,FRACCION VII,2025,6,01/10/2025
MAC850101R74,MUNICIPIO DE ALTAMIRANO SIN TIPO DE SOCIEDAD,FRACCION VII,2025,7,01/10/2025
MAC850101R74,MUNICIPIO DE ALTAMIRANO SIN TIPO DE SOCIEDAD,FRACCION VII,2025,8,01/10/2025
MZM850101G17,MUNICIPIO DE ZITACUARO MICHOACAN SIN TIPO DE SOCIEDAD,FRACCION VII,2025,7,01/10/2025
MZM850101G17,MUNICIPIO DE ZITACUARO MICHOACAN SIN TIPO DE SOCIEDAD,FRACCION VII,2025,8,01/10/2025
SOA9406106L1,SISTEMA OPERADOR DE LOS SERVICIOS DE AGUA POTABLE Y ALCANTARILLADO DEL MUNICIPIO DE ACATZINGO DE HIDALGO PUE SIN TIPO DE SOCIEDAD,FRACCION VII,2022,12,01/10/2025
SOA9406106L1,SISTEMA OPERADOR DE LOS SERVICIOS DE AGUA POTABLE Y ALCANTARILLADO DEL MUNICIPIO DE ACATZINGO DE HIDALGO PUE SIN TIPO DE SOCIEDAD,FRACCION VII,2023,5,01/10/2025
MTS850101N49,MUNICIPIO DE TAMUIN SLP SIN TIPO DE SOCIEDAD,FRACCION VII,2025,7,01/10/2025
MTS850101N49,MUNICIPIO DE TAMUIN SLP SIN TIPO DE SOCIEDAD,FRACCION VII,2025,8,01/10/2025
MRP850101MP9,MUNICIPIO DE REFORMA DE PINEDA SIN TIPO DE SOCIEDAD,FRACCION VII,2020,12,23/07/2024
MRP850101MP9,MUNICIPIO DE REFORMA DE PINEDA SIN TIPO DE SOCIEDAD,FRACCION VII,2021,5,23/07/2024
MRP850101MP9,MUNICIPIO DE REFORMA DE PINEDA SIN TIPO DE SOCIEDAD,FRACCION VII,2021,6,23/07/2024
MRP850101MP9,MUNICIPIO DE REFORMA DE PINEDA SIN TIPO DE SOCIEDAD,FRACCION VII,2021,7,23/07/2024
MRP850101MP9,MUNICIPIO DE REFORMA DE PINEDA SIN TIPO DE SOCIEDAD,FRACCION VII,2021,8,23/07/2024
MRP850101MP9,MUNICIPIO DE REFORMA DE PINEDA SIN TIPO DE SOCIEDAD,FRACCION VII,2021,9,23/07/2024
MRP850101MP9,MUNICIPIO DE REFORMA DE PINEDA SIN TIPO DE SOCIEDAD,FRACCION VII,2021,10,23/07/2024
MRP850101MP9,MUNICIPIO DE REFORMA DE PINEDA SIN TIPO DE SOCIEDAD,FRACCION VII,2021,11,23/07/2024
MRP850101MP9,MUNICIPIO DE REFORMA DE PINEDA SIN TIPO DE SOCIEDAD,FRACCION VII,2021,12,23/07/2024
OPD140421GE1,"ORGANISMO PUBLICO DESCENTRALIZADO MUNICIPAL PARA LA PRESTACION DE LOS SERVICIOS DE AGUA POTABLE, DRENAJE, ALCANTARILLADO Y TRATAMIENTO DE AGUAS RESIDUALES DEL MUNICIPIO DE TEMASCALCINGO, ESTADO DE MEXICO SIN TIPO DE SOCIEDAD",FRACCION VII,2023,10,01/10/2025
MSY8501013Y2,MUNICIPIO DE SOTUTA SIN TIPO DE SOCIEDAD,FRACCION VII,2025,6,01/10/2025
MSY8501013Y2,MUNICIPIO DE SOTUTA SIN TIPO DE SOCIEDAD,FRACCION VII,2025,7,01/10/2025
MSY8501013Y2,MUNICIPIO DE SOTUTA SIN TIPO DE SOCIEDAD,FRACCION VII,2025,8,01/10/2025
PMH850101PM3,MUNICIPIO DE HIDALGO SIN TIPO DE SOCIEDAD,FRACCION VII,2022,9,01/10/2025
MRN850101AP9,MUNICIPIO DE RUIZ NAYARIT SIN TIPO DE SOCIEDAD,FRACCION VII,2023,5,23/07/2024
MSY8501018N0,MUNICIPIO DE SUCILA SIN TIPO DE SOCIEDAD,FRACCION VII,2025,6,01/10/2025
MSY8501018N0,MUNICIPIO DE SUCILA SIN TIPO DE SOCIEDAD,FRACCION VII,2025,7,01/10/2025
MSY8501018N0,MUNICIPIO DE SUCILA SIN TIPO DE SOCIEDAD,FRACCION VII,2025,8,01/10/2025
MSC850101PT8,MUNICIPIO DE SANTA CRUZ AMILPAS SIN TIPO DE SOCIEDAD,FRACCION VII,2025,6,01/10/2025
MSC850101PT8,MUNICIPIO DE SANTA CRUZ AMILPAS SIN TIPO DE SOCIEDAD,FRACCION VII,2025,7,01/10/2025
MSC850101PT8,MUNICIPIO DE SANTA CRUZ AMILPAS SIN TIPO DE SOCIEDAD,FRACCION VII,2025,8,01/10/2025
MSM850101QR8,MUNICIPIO DE SANTA MARIA TLALIXTAC SIN TIPO DE SOCIEDAD,FRACCION VII,2020,12,23/07/2024
MSM850101QR8,MUNICIPIO DE SANTA MARIA TLALIXTAC SIN TIPO DE SOCIEDAD,FRACCION VII,2021,1,23/07/2024
MSM850101QR8,MUNICIPIO DE SANTA MARIA TLALIXTAC SIN TIPO DE SOCIEDAD,FRACCION VII,2021,2,23/07/2024
MSM850101QR8,MUNICIPIO DE SANTA MARIA TLALIXTAC SIN TIPO DE SOCIEDAD,FRACCION VII,2021,3,23/07/2024
MSM850101QR8,MUNICIPIO DE SANTA MARIA TLALIXTAC SIN TIPO DE SOCIEDAD,FRACCION VII,2021,4,23/07/2024
MSM850101QR8,MUNICIPIO DE SANTA MARIA TLALIXTAC SIN TIPO DE SOCIEDAD,FRACCION VII,2021,5,23/07/2024
MSM850101QR8,MUNICIPIO DE SANTA MARIA TLALIXTAC SIN TIPO DE SOCIEDAD,FRACCION VII,2021,6,23/07/2024
MSM850101QR8,MUNICIPIO DE SANTA MARIA TLALIXTAC SIN TIPO DE SOCIEDAD,FRACCION VII,2021,7,23/07/2024
MZP850101B22,MUNICIPIO DE ZOQUIAPAN PUEBLA SIN TIPO DE SOCIEDAD,FRACCION VII,2025,5,01/10/2025
SOA9406106L1,SISTEMA OPERADOR DE LOS SERVICIOS DE AGUA POTABLE Y ALCANTARILLADO DEL MUNICIPIO DE ACATZINGO DE HIDALGO PUE SIN TIPO DE SOCIEDAD,FRACCION VII,2022,2,01/10/2025
SOA9406106L1,SISTEMA OPERADOR DE LOS SERVICIOS DE AGUA POTABLE Y ALCANTARILLADO DEL MUNICIPIO DE ACATZINGO DE HIDALGO PUE SIN TIPO DE SOCIEDAD,FRACCION VII,2022,3,01/10/2025
SOA9406106L1,SISTEMA OPERADOR DE LOS SERVICIOS DE AGUA POTABLE Y ALCANTARILLADO DEL MUNICIPIO DE ACATZINGO DE HIDALGO PUE SIN TIPO DE SOCIEDAD,FRACCION VII,2022,4,01/10/2025
SOA9406106L1,SISTEMA OPERADOR DE LOS SERVICIOS DE AGUA POTABLE Y ALCANTARILLADO DEL MUNICIPIO DE ACATZINGO DE HIDALGO PUE SIN TIPO DE SOCIEDAD,FRACCION VII,2022,5,01/10/2025
SOA9406106L1,SISTEMA OPERADOR DE LOS SERVICIOS DE AGUA POTABLE Y ALCANTARILLADO DEL MUNICIPIO DE ACATZINGO DE HIDALGO PUE SIN TIPO DE SOCIEDAD,FRACCION VII,2022,6,01/10/2025
SOA9406106L1,SISTEMA OPERADOR DE LOS SERVICIOS DE AGUA POTABLE Y ALCANTARILLADO DEL MUNICIPIO DE ACATZINGO DE HIDALGO PUE SIN TIPO DE SOCIEDAD,FRACCION VII,2022,7,01/10/2025
SOA9406106L1,SISTEMA OPERADOR DE LOS SERVICIOS DE AGUA POTABLE Y ALCANTARILLADO DEL MUNICIPIO DE ACATZINGO DE HIDALGO PUE SIN TIPO DE SOCIEDAD,FRACCION VII,2022,8,01/10/2025
SOA9406106L1,SISTEMA OPERADOR DE LOS SERVICIOS DE AGUA POTABLE Y ALCANTARILLADO DEL MUNICIPIO DE ACATZINGO DE HIDALGO PUE SIN TIPO DE SOCIEDAD,FRACCION VII,2022,9,01/10/2025
SOA9406106L1,SISTEMA OPERADOR DE LOS SERVICIOS DE AGUA POTABLE Y ALCANTARILLADO DEL MUNICIPIO DE ACATZINGO DE HIDALGO PUE SIN TIPO DE SOCIEDAD,FRACCION VII,2022,10,01/10/2025
MHS850101J82,MUNICIPIO DE HUEHUETLAN SLP SIN TIPO DE SOCIEDAD,FRACCION VII,2025,7,01/10/2025
MHS850101J82,MUNICIPIO DE HUEHUETLAN SLP SIN TIPO DE SOCIEDAD,FRACCION VII,2025,8,01/10/2025
MAD8812014V1,MUNICIPIO DE AGUA DULCE VER SIN TIPO DE SOCIEDAD,FRACCION VII,2025,8,01/10/2025
MVJ2612111P5,MUNICIPIO JOSE AZUETA SIN TIPO DE SOCIEDAD,FRACCION VII,2025,6,01/10/2025
MVJ2612111P5,MUNICIPIO JOSE AZUETA SIN TIPO DE SOCIEDAD,FRACCION VII,2025,7,01/10/2025
MVJ2612111P5,MUNICIPIO JOSE AZUETA SIN TIPO DE SOCIEDAD,FRACCION VII,2025,8,01/10/2025
MCP850101SN5,MUNICIPIO DE CUTZAMALA DE PINZON GUERRERO SIN TIPO DE SOCIEDAD,FRACCION VII,2025,6,01/10/2025
MDY850101D68,MUNICIPIO DE DZIDZANTUN SIN TIPO DE SOCIEDAD,FRACCION VII,2022,10,01/10/2025
UTP231214J10,UNIVERSIDAD TECNOLOGICA Y POLITECNICA DE COYUCA DE BENITEZ SIN TIPO DE SOCIEDAD,FRACCION VII,2025,6,01/10/2025
UTP231214J10,UNIVERSIDAD TECNOLOGICA Y POLITECNICA DE COYUCA DE BENITEZ SIN TIPO DE SOCIEDAD,FRACCION VII,2025,7,01/10/2025
UTP231214J10,UNIVERSIDAD TECNOLOGICA Y POLITECNICA DE COYUCA DE BENITEZ SIN TIPO DE SOCIEDAD,FRACCION VII,2025,8,01/10/2025
MTS850101SC8,MUNICIPIO DE TANCANHUITZ SLP SIN TIPO DE SOCIEDAD,FRACCION VII,2025,6,01/10/2025
MSM8501016B6,MUNICIPIO DE SANTA MARIA TEOPOXCO SIN TIPO DE SOCIEDAD,FRACCION VII,2025,6,01/10/2025
MSM8501016B6,MUNICIPIO DE SANTA MARIA TEOPOXCO SIN TIPO DE SOCIEDAD,FRACCION VII,2025,7,01/10/2025
MSM8501016B6,MUNICIPIO DE SANTA MARIA TEOPOXCO SIN TIPO DE SOCIEDAD,FRACCION VII,2025,8,01/10/2025
MSC850101MB3,MUNICIPIO DE SAN CRISTOBAL AMATLAN SIN TIPO DE SOCIEDAD,FRACCION VII,2021,1,23/07/2024
CDE050827SQ2,CENTRO DE DESARROLLO ECONOMICO EDUCATIVO DE LA MESA DE EL NAYAR SIN TIPO DE SOCIEDAD,FRACCION VII,2025,6,01/10/2025
CDE050827SQ2,CENTRO DE DESARROLLO ECONOMICO EDUCATIVO DE LA MESA DE EL NAYAR SIN TIPO DE SOCIEDAD,FRACCION VII,2025,7,01/10/2025
CDE050827SQ2,CENTRO DE DESARROLLO ECONOMICO EDUCATIVO DE LA MESA DE EL NAYAR SIN TIPO DE SOCIEDAD,FRACCION VII,2025,8,01/10/2025
MCF850101782,MUNICIPIO DE COICOYAN DE LAS FLORES SIN TIPO DE SOCIEDAD,FRACCION VII,2020,12,23/07/2024
MCF850101782,MUNICIPIO DE COICOYAN DE LAS FLORES SIN TIPO DE SOCIEDAD,FRACCION VII,2021,1,23/07/2024
MCF850101782,MUNICIPIO DE COICOYAN DE LAS FLORES SIN TIPO DE SOCIEDAD,FRACCION VII,2021,2,23/07/2024
MJI750101M23,MUNICIPIO DE JILOTZINGO SIN TIPO DE SOCIEDAD,FRACCION VII,2025,1,01/04/2025
MOP930215MX6,MUNICIPIO DE ORIENTAL PUEBLA SIN TIPO DE SOCIEDAD,FRACCION VII,2025,7,01/10/2025
MOP930215MX6,MUNICIPIO DE ORIENTAL PUEBLA SIN TIPO DE SOCIEDAD,FRACCION VII,2025,8,01/10/2025
MSM850101MF5,MUNICIPIO DE SAN MARTIN CHALCHICUAUTLA SIN TIPO DE SOCIEDAD,FRACCION VII,2025,6,01/10/2025
PMS850101K78,MUNICIPIO DE SAN JUAN DE GUADALUPE SIN TIPO DE SOCIEDAD,FRACCION VII,2025,8,01/10/2025
MNV850101AB4,MUNICIPIO DE NAOLINCO VER SIN TIPO DE SOCIEDAD,FRACCION VII,2025,6,01/10/2025
MNV850101AB4,MUNICIPIO DE NAOLINCO VER SIN TIPO DE SOCIEDAD,FRACCION VII,2025,7,01/10/2025
MNV850101AB4,MUNICIPIO DE NAOLINCO VER SIN TIPO DE SOCIEDAD,FRACCION VII,2025,8,01/10/2025
MCS921222M67,MUNICIPIO DE CARDENAS SLP SIN TIPO DE SOCIEDAD,FRACCION VII,2025,9,01/01/2026
MCS921222M67,MUNICIPIO DE CARDENAS SLP SIN TIPO DE SOCIEDAD,FRACCION VII,2025,10,01/01/2026
MCS921222M67,MUNICIPIO DE CARDENAS SLP SIN TIPO DE SOCIEDAD,FRACCION VII,2025,11,01/01/2026
MRC850101PH1,MUNICIPIO DE REFORMA SIN TIPO DE SOCIEDAD,FRACCION VII,2025,7,01/01/2026
MRC850101PH1,MUNICIPIO DE REFORMA SIN TIPO DE SOCIEDAD,FRACCION VII,2025,8,01/01/2026
MRC850101PH1,MUNICIPIO DE REFORMA SIN TIPO DE SOCIEDAD,FRACCION VII,2025,9,01/01/2026
MRC850101PH1,MUNICIPIO DE REFORMA SIN TIPO DE SOCIEDAD,FRACCION VII,2025,10,01/01/2026
MRC850101PH1,MUNICIPIO DE REFORMA SIN TIPO DE SOCIEDAD,FRACCION VII,2025,11,01/01/2026
MCU6101015R1,MUNICIPIO DE CUAUTLA SIN TIPO DE SOCIEDAD,FRACCION VII,2025,9,01/01/2026
MCU6101015R1,MUNICIPIO DE CUAUTLA SIN TIPO DE SOCIEDAD,FRACCION VII,2025,10,01/01/2026
MCU6101015R1,MUNICIPIO DE CUAUTLA SIN TIPO DE SOCIEDAD,FRACCION VII,2025,11,01/01/2026
MCY8501016I5,MUNICIPIO DE CONKAL SIN TIPO DE SOCIEDAD,FRACCION VII,2025,11,01/01/2026
MCG021210MD8,MUNICIPIO DE COCHOAPA EL GRANDE SIN TIPO DE SOCIEDAD,FRACCION VII,2025,9,01/01/2026
MCG021210MD8,MUNICIPIO DE COCHOAPA EL GRANDE SIN TIPO DE SOCIEDAD,FRACCION VII,2025,10,01/01/2026
MCG021210MD8,MUNICIPIO DE COCHOAPA EL GRANDE SIN TIPO DE SOCIEDAD,FRACCION VII,2025,11,01/01/2026
MTG850101RQ1,MUNICIPIO DE TEUL DE GONZALEZ ORTEGA ZAC SIN TIPO DE SOCIEDAD,FRACCION VII,2025,9,01/01/2026
MTG850101RQ1,MUNICIPIO DE TEUL DE GONZALEZ ORTEGA ZAC SIN TIPO DE SOCIEDAD,FRACCION VII,2025,10,01/01/2026
MTG850101RQ1,MUNICIPIO DE TEUL DE GONZALEZ ORTEGA ZAC SIN TIPO DE SOCIEDAD,FRACCION VII,2025,11,01/01/2026
UTP231214J10,UNIVERSIDAD TECNOLOGICA Y POLITECNICA DE COYUCA DE BENITEZ SIN TIPO DE SOCIEDAD,FRACCION VII,2025,9,01/01/2026
UTP231214J10,UNIVERSIDAD TECNOLOGICA Y POLITECNICA DE COYUCA DE BENITEZ SIN TIPO DE SOCIEDAD,FRACCION VII,2025,10,01/01/2026
UTP231214J10,UNIVERSIDAD TECNOLOGICA Y POLITECNICA DE COYUCA DE BENITEZ SIN TIPO DE SOCIEDAD,FRACCION VII,2025,11,01/01/2026
PMF8501018P3,PRESIDENCIA MUNICIPAL DE FRANCISCO I MADERO COAH SIN TIPO DE SOCIEDAD,FRACCION VII,2025,9,01/01/2026
PMF8501018P3,PRESIDENCIA MUNICIPAL DE FRANCISCO I MADERO COAH SIN TIPO DE SOCIEDAD,FRACCION VII,2025,10,01/01/2026
PMF8501018P3,PRESIDENCIA MUNICIPAL DE FRANCISCO I MADERO COAH SIN TIPO DE SOCIEDAD,FRACCION VII,2025,11,01/01/2026
MSF850101N54,MUNICIPIO DE SAN FELIPE JALAPA DE DIAZ SIN TIPO DE SOCIEDAD,FRACCION VII,2025,11,01/01/2026
MCY850101861,MUNICIPIO DE CANSAHCAB SIN TIPO DE SOCIEDAD,FRACCION VII,2025,10,01/01/2026
MCY850101861,MUNICIPIO DE CANSAHCAB SIN TIPO DE SOCIEDAD,FRACCION VII,2025,11,01/01/2026
MVA8501016C3,MUNICIPIO DE VILLA ALDAMA VER SIN TIPO DE SOCIEDAD,FRACCION VII,2025,9,01/01/2026
MVA8501016C3,MUNICIPIO DE VILLA ALDAMA VER SIN TIPO DE SOCIEDAD,FRACCION VII,2025,10,01/01/2026
MVA8501016C3,MUNICIPIO DE VILLA ALDAMA VER SIN TIPO DE SOCIEDAD,FRACCION VII,2025,11,01/01/2026
MSC8501013S2,MUNICIPIO DE SANTIAGO CACALOXTEPEC SIN TIPO DE SOCIEDAD,FRACCION VII,2025,9,01/01/2026
MSC8501013S2,MUNICIPIO DE SANTIAGO CACALOXTEPEC SIN TIPO DE SOCIEDAD,FRACCION VII,2025,10,01/01/2026
MSC8501013S2,MUNICIPIO DE SANTIAGO CACALOXTEPEC SIN TIPO DE SOCIEDAD,FRACCION VII,2025,11,01/01/2026
MCP8501015B2,MUNICIPIO DE COYOTEPEC PUEBLA SIN TIPO DE SOCIEDAD,FRACCION VII,2025,9,01/01/2026
MCP8501015B2,MUNICIPIO DE COYOTEPEC PUEBLA SIN TIPO DE SOCIEDAD,FRACCION VII,2025,10,01/01/2026
MCP8501015B2,MUNICIPIO DE COYOTEPEC PUEBLA SIN TIPO DE SOCIEDAD,FRACCION VII,2025,11,01/01/2026
MVE850101CE7,MUNICIPIO DE VETAGRANDE ZAC SIN TIPO DE SOCIEDAD,FRACCION VII,2025,9,01/01/2026
MVE850101CE7,MUNICIPIO DE VETAGRANDE ZAC SIN TIPO DE SOCIEDAD,FRACCION VII,2025,10,01/01/2026
TMS9209017SA,MUNICIPIO SAN LUIS DE CORDERO SIN TIPO DE SOCIEDAD,FRACCION VII,2025,9,01/01/2026
TMS9209017SA,MUNICIPIO SAN LUIS DE CORDERO SIN TIPO DE SOCIEDAD,FRACCION VII,2025,10,01/01/2026
PMT540302AR5,PRESIDENCIA MUNICIPAL TECATE SIN TIPO DE SOCIEDAD,FRACCION VII,2025,9,01/01/2026
PMT540302AR5,PRESIDENCIA MUNICIPAL TECATE SIN TIPO DE SOCIEDAD,FRACCION VII,2025,10,01/01/2026
PMT540302AR5,PRESIDENCIA MUNICIPAL TECATE SIN TIPO DE SOCIEDAD,FRACCION VII,2025,11,01/01/2026
MSC850101SB4,MUNICIPIO DE SAN CIRO DE ACOSTA SLP SIN TIPO DE SOCIEDAD,FRACCION VII,2025,9,01/01/2026
MSC850101SB4,MUNICIPIO DE SAN CIRO DE ACOSTA SLP SIN TIPO DE SOCIEDAD,FRACCION VII,2025,10,01/01/2026
MSC850101SB4,MUNICIPIO DE SAN CIRO DE ACOSTA SLP SIN TIPO DE SOCIEDAD,FRACCION VII,2025,11,01/01/2026
MSI850101AL3,MUNICIPIO DE SINGUILUCAN SIN TIPO DE SOCIEDAD,FRACCION VII,2025,10,01/01/2026
MSI850101AL3,MUNICIPIO DE SINGUILUCAN SIN TIPO DE SOCIEDAD,FRACCION VII,2025,11,01/01/2026
MSF640916PV4,MUNICIPIO DE SAN FELIPE DE JESUS SONORA SIN TIPO DE SOCIEDAD,FRACCION VII,2025,9,01/01/2026
MSF640916PV4,MUNICIPIO DE SAN FELIPE DE JESUS SONORA SIN TIPO DE SOCIEDAD,FRACCION VII,2025,10,01/01/2026
MSF640916PV4,MUNICIPIO DE SAN FELIPE DE JESUS SONORA SIN TIPO DE SOCIEDAD,FRACCION VII,2025,11,01/01/2026
MEY8501017Q6,MUNICIPIO DE ESPITA SIN TIPO DE SOCIEDAD,FRACCION VII,2025,11,01/01/2026
MSF850101N54,MUNICIPIO DE SAN FELIPE JALAPA DE DIAZ SIN TIPO DE SOCIEDAD,FRACCION VII,2025,10,01/01/2026
CAP940426MA2,"COMISION DE AGUA POTABLE, ALCANTARILLADO Y SANEAMIENTO DEL ESTADO DE GUERRERO SIN TIPO DE SOCIEDAD",FRACCION VII,2025,10,01/01/2026
MTM850101HD2,MUNICIPIO DE TARETAN MICHOACAN SIN TIPO DE SOCIEDAD,FRACCION VII,2025,9,01/01/2026
MTM850101HD2,MUNICIPIO DE TARETAN MICHOACAN SIN TIPO DE SOCIEDAD,FRACCION VII,2025,10,01/01/2026
MOJ750101EMA,MUNICIPIO DE OJUELOS JALISCO SIN TIPO DE SOCIEDAD,FRACCION VII,2025,11,01/01/2026
MTM850101GY5,MUNICIPIO DE TIQUICHEO MICHOACAN SIN TIPO DE SOCIEDAD,FRACCION VII,2025,9,01/01/2026
MTM850101GY5,MUNICIPIO DE TIQUICHEO MICHOACAN SIN TIPO DE SOCIEDAD,FRACCION VII,2025,10,01/01/2026
MTM850101GY5,MUNICIPIO DE TIQUICHEO MICHOACAN SIN TIPO DE SOCIEDAD,FRACCION VII,2025,11,01/01/2026
MSC850101PT8,MUNICIPIO DE SANTA CRUZ AMILPAS SIN TIPO DE SOCIEDAD,FRACCION VII,2025,9,01/01/2026
MSC850101PT8,MUNICIPIO DE SANTA CRUZ AMILPAS SIN TIPO DE SOCIEDAD,FRACCION VII,2025,10,01/01/2026
MSC850101PT8,MUNICIPIO DE SANTA CRUZ AMILPAS SIN TIPO DE SOCIEDAD,FRACCION VII,2025,11,01/01/2026
MCT850101GY2,MUNICIPIO CAMARGO TAMAULIPAS SIN TIPO DE SOCIEDAD,FRACCION VII,2025,7,01/01/2026
MCT850101GY2,MUNICIPIO CAMARGO TAMAULIPAS SIN TIPO DE SOCIEDAD,FRACCION VII,2025,9,01/01/2026
MCT850101GY2,MUNICIPIO CAMARGO TAMAULIPAS SIN TIPO DE SOCIEDAD,FRACCION VII,2025,10,01/01/2026
MCT850101GY2,MUNICIPIO CAMARGO TAMAULIPAS SIN TIPO DE SOCIEDAD,FRACCION VII,2025,11,01/01/2026
MTM850101T94,MUNICIPIO DE TZINTZUNTZAN MICHOACAN SIN TIPO DE SOCIEDAD,FRACCION VII,2025,9,01/01/2026
MTM850101T94,MUNICIPIO DE TZINTZUNTZAN MICHOACAN SIN TIPO DE SOCIEDAD,FRACCION VII,2025,10,01/01/2026
MTM850101T94,MUNICIPIO DE TZINTZUNTZAN MICHOACAN SIN TIPO DE SOCIEDAD,FRACCION VII,2025,11,01/01/2026
MSE850101IT1,MUNICIPIO DE SANTA ELENA SIN TIPO DE SOCIEDAD,FRACCION VII,2025,9,01/01/2026
MSE850101IT1,MUNICIPIO DE SANTA ELENA SIN TIPO DE SOCIEDAD,FRACCION VII,2025,10,01/01/2026
MSE850101IT1,MUNICIPIO DE SANTA ELENA SIN TIPO DE SOCIEDAD,FRACCION VII,2025,11,01/01/2026
ITS990821QR3,INSTITUTO TECNOLOGICO SUPERIOR DE COSAMALOAPAN SIN TIPO DE SOCIEDAD,FRACCION VII,2025,11,01/01/2026
MSF850101KY8,MUNICIPIO DE SAN FRANCISCO DE CONCHOS SIN TIPO DE SOCIEDAD,FRACCION VII,2025,10,01/01/2026
MSF850101KY8,MUNICIPIO DE SAN FRANCISCO DE CONCHOS SIN TIPO DE SOCIEDAD,FRACCION VII,2025,11,01/01/2026
MTL850101QN6,MUNICIPIO DE TLAPACOYAN SIN TIPO DE SOCIEDAD,FRACCION VII,2025,11,01/01/2026
MSF850101N54,MUNICIPIO DE SAN FELIPE JALAPA DE DIAZ SIN TIPO DE SOCIEDAD,FRACCION VII,2025,9,01/01/2026
MHI881201D50,MUNICIPIO DE EL HIGO SIN TIPO DE SOCIEDAD,FRACCION VII,2025,1,01/07/2025
MHI881201D50,MUNICIPIO DE EL HIGO SIN TIPO DE SOCIEDAD,FRACCION VII,2025,2,01/07/2025
MHI881201D50,MUNICIPIO DE EL HIGO SIN TIPO DE SOCIEDAD,FRACCION VII,2025,3,01/07/2025
MHI881201D50,MUNICIPIO DE EL HIGO SIN TIPO DE SOCIEDAD,FRACCION VII,2025,4,01/07/2025
MHI881201D50,MUNICIPIO DE EL HIGO SIN TIPO DE SOCIEDAD,FRACCION VII,2025,5,01/07/2025
MHI881201D50,MUNICIPIO DE EL HIGO SIN TIPO DE SOCIEDAD,FRACCION VII,2025,6,01/01/2026
MHI881201D50,MUNICIPIO DE EL HIGO SIN TIPO DE SOCIEDAD,FRACCION VII,2025,7,01/01/2026
MHI881201D50,MUNICIPIO DE EL HIGO SIN TIPO DE SOCIEDAD,FRACCION VII,2025,8,01/01/2026
MHI881201D50,MUNICIPIO DE EL HIGO SIN TIPO DE SOCIEDAD,FRACCION VII,2025,9,01/01/2026
MSC850101FR1,MUNICIPIO DE SAN CRISTOBAL DE LA BARRANCA JALISCO SIN TIPO DE SOCIEDAD,FRACCION VII,2025,10,01/01/2026
MSC850101FR1,MUNICIPIO DE SAN CRISTOBAL DE LA BARRANCA JALISCO SIN TIPO DE SOCIEDAD,FRACCION VII,2025,11,01/01/2026
MSC850101DM8,MUNICIPIO DE SANTA CATARINA SLP SIN TIPO DE SOCIEDAD,FRACCION VII,2025,11,01/01/2026
MNO850101FS1,MUNICIPIO DE NONOAVA SIN TIPO DE SOCIEDAD,FRACCION VII,2025,9,01/01/2026
MNO850101FS1,MUNICIPIO DE NONOAVA SIN TIPO DE SOCIEDAD,FRACCION VII,2025,10,01/01/2026
MNO850101FS1,MUNICIPIO DE NONOAVA SIN TIPO DE SOCIEDAD,FRACCION VII,2025,11,01/01/2026
MSD850101UN8,MUNICIPIO DE SANTO DOMINGO TONALA SIN TIPO DE SOCIEDAD,FRACCION VII,2025,9,01/01/2026
MSD850101UN8,MUNICIPIO DE SANTO DOMINGO TONALA SIN TIPO DE SOCIEDAD,FRACCION VII,2025,10,01/01/2026
MSD850101UN8,MUNICIPIO DE SANTO DOMINGO TONALA SIN TIPO DE SOCIEDAD,FRACCION VII,2025,11,01/01/2026
MSC850101PSA,MUNICIPIO DE SANTA CATARINA MECHOACAN SIN TIPO DE SOCIEDAD,FRACCION VII,2025,11,01/01/2026
MCP850101SN5,MUNICIPIO DE CUTZAMALA DE PINZON GUERRERO SIN TIPO DE SOCIEDAD,FRACCION VII,2025,7,01/01/2026
MCP850101SN5,MUNICIPIO DE CUTZAMALA DE PINZON GUERRERO SIN TIPO DE SOCIEDAD,FRACCION VII,2025,8,01/01/2026
MCP850101SN5,MUNICIPIO DE CUTZAMALA DE PINZON GUERRERO SIN TIPO DE SOCIEDAD,FRACCION VII,2025,9,01/01/2026
MCP850101SN5,MUNICIPIO DE CUTZAMALA DE PINZON GUERRERO SIN TIPO DE SOCIEDAD,FRACCION VII,2025,10,01/01/2026
MCP850101SN5,MUNICIPIO DE CUTZAMALA DE PINZON GUERRERO SIN TIPO DE SOCIEDAD,FRACCION VII,2025,11,01/01/2026
MSC850101798,MUNICIPIO DE SANTA CATARINA CUIXTLA SIN TIPO DE SOCIEDAD,FRACCION VII,2025,11,01/01/2026
MSI850101KV6,MUNICIPIO DE SANTIAGO IXCUINTEPEC SIN TIPO DE SOCIEDAD,FRACCION VII,2025,11,01/01/2026
MSC8501013J0,MUNICIPIO DE SANTIAGO CAMOTLAN SIN TIPO DE SOCIEDAD,FRACCION VII,2024,4,23/07/2024
MSC8501013J0,MUNICIPIO DE SANTIAGO CAMOTLAN SIN TIPO DE SOCIEDAD,FRACCION VII,2024,5,01/10/2024
MSC8501013J0,MUNICIPIO DE SANTIAGO CAMOTLAN SIN TIPO DE SOCIEDAD,FRACCION VII,2024,6,01/10/2024
MSC8501013J0,MUNICIPIO DE SANTIAGO CAMOTLAN SIN TIPO DE SOCIEDAD,FRACCION VII,2024,7,01/10/2024
MSC8501013J0,MUNICIPIO DE SANTIAGO CAMOTLAN SIN TIPO DE SOCIEDAD,FRACCION VII,2024,8,01/10/2024
MAN850101KQA,MUNICIPIO DE AUTLAN DE NAVARRO JALISCO SIN TIPO DE SOCIEDAD,FRACCION VII,2025,9,01/01/2026
MAN850101KQA,MUNICIPIO DE AUTLAN DE NAVARRO JALISCO SIN TIPO DE SOCIEDAD,FRACCION VII,2025,10,01/01/2026
MAN850101KQA,MUNICIPIO DE AUTLAN DE NAVARRO JALISCO SIN TIPO DE SOCIEDAD,FRACCION VII,2025,11,01/01/2026
MVJ2612111P5,MUNICIPIO JOSE AZUETA SIN TIPO DE SOCIEDAD,FRACCION VII,2025,9,01/01/2026
MVJ2612111P5,MUNICIPIO JOSE AZUETA SIN TIPO DE SOCIEDAD,FRACCION VII,2025,10,01/01/2026
MVJ2612111P5,MUNICIPIO JOSE AZUETA SIN TIPO DE SOCIEDAD,FRACCION VII,2025,11,01/01/2026
MSC8501013J0,MUNICIPIO DE SANTIAGO CAMOTLAN SIN TIPO DE SOCIEDAD,FRACCION VII,2024,9,01/01/2026
MSC8501013J0,MUNICIPIO DE SANTIAGO CAMOTLAN SIN TIPO DE SOCIEDAD,FRACCION VII,2024,10,01/01/2026
MSC8501013J0,MUNICIPIO DE SANTIAGO CAMOTLAN SIN TIPO DE SOCIEDAD,FRACCION VII,2024,11,01/01/2026
SDI880112HG7,SISTEMA PARA EL DESARROLLO INTEGRAL DE LA FAMILIA DEL MUNICIPIO DE QUITUPAN JALISCO SIN TIPO DE SOCIEDAD,FRACCION VII,2025,9,01/01/2026
SDI880112HG7,SISTEMA PARA EL DESARROLLO INTEGRAL DE LA FAMILIA DEL MUNICIPIO DE QUITUPAN JALISCO SIN TIPO DE SOCIEDAD,FRACCION VII,2025,10,01/01/2026
SDI880112HG7,SISTEMA PARA EL DESARROLLO INTEGRAL DE LA FAMILIA DEL MUNICIPIO DE QUITUPAN JALISCO SIN TIPO DE SOCIEDAD,FRACCION VII,2025,11,01/01/2026
MTP850101D19,MUNICIPIO DE TECOMATLAN PUEBLA SIN TIPO DE SOCIEDAD,FRACCION VII,2025,1,01/04/2025
MTP850101D19,MUNICIPIO DE TECOMATLAN PUEBLA SIN TIPO DE SOCIEDAD,FRACCION VII,2025,2,01/04/2025
MTP850101D19,MUNICIPIO DE TECOMATLAN PUEBLA SIN TIPO DE SOCIEDAD,FRACCION VII,2025,3,01/07/2025
MTP850101D19,MUNICIPIO DE TECOMATLAN PUEBLA SIN TIPO DE SOCIEDAD,FRACCION VII,2025,4,01/07/2025
MTP850101D19,MUNICIPIO DE TECOMATLAN PUEBLA SIN TIPO DE SOCIEDAD,FRACCION VII,2025,5,01/07/2025
MTP850101D19,MUNICIPIO DE TECOMATLAN PUEBLA SIN TIPO DE SOCIEDAD,FRACCION VII,2025,6,01/01/2026
MTP850101D19,MUNICIPIO DE TECOMATLAN PUEBLA SIN TIPO DE SOCIEDAD,FRACCION VII,2025,7,01/01/2026
MTP850101D19,MUNICIPIO DE TECOMATLAN PUEBLA SIN TIPO DE SOCIEDAD,FRACCION VII,2025,8,01/01/2026
MTP850101D19,MUNICIPIO DE TECOMATLAN PUEBLA SIN TIPO DE SOCIEDAD,FRACCION VII,2025,9,01/01/2026
MTP850101D19,MUNICIPIO DE TECOMATLAN PUEBLA SIN TIPO DE SOCIEDAD,FRACCION VII,2025,10,01/01/2026
MTP850101D19,MUNICIPIO DE TECOMATLAN PUEBLA SIN TIPO DE SOCIEDAD,FRACCION VII,2025,11,01/01/2026
MTS850101N49,MUNICIPIO DE TAMUIN SLP SIN TIPO DE SOCIEDAD,FRACCION VII,2025,9,01/01/2026
MTS850101N49,MUNICIPIO DE TAMUIN SLP SIN TIPO DE SOCIEDAD,FRACCION VII,2025,10,01/01/2026
MTS850101N49,MUNICIPIO DE TAMUIN SLP SIN TIPO DE SOCIEDAD,FRACCION VII,2025,11,01/01/2026
MAC850101V49,MUNICIPIO DE ACATZINGO SIN TIPO DE SOCIEDAD,FRACCION VII,2025,10,01/01/2026
MAC850101V49,MUNICIPIO DE ACATZINGO SIN TIPO DE SOCIEDAD,FRACCION VII,2025,11,01/01/2026
MTL850101R21,MUNICIPIO DE TLAQUILTENANGO SIN TIPO DE SOCIEDAD,FRACCION VII,2025,10,01/01/2026
MTL850101R21,MUNICIPIO DE TLAQUILTENANGO SIN TIPO DE SOCIEDAD,FRACCION VII,2025,11,01/01/2026
MTN850101GP2,MUNICIPIO DE TECUALA NAYARIT SIN TIPO DE SOCIEDAD,FRACCION VII,2025,10,01/01/2026
MTN850101GP2,MUNICIPIO DE TECUALA NAYARIT SIN TIPO DE SOCIEDAD,FRACCION VII,2025,11,01/01/2026
MZA760601QQ2,MUNICIPIO DE ZACUALPAN DE AMILPAS SIN TIPO DE SOCIEDAD,FRACCION VII,2025,9,01/01/2026
MZA760601QQ2,MUNICIPIO DE ZACUALPAN DE AMILPAS SIN TIPO DE SOCIEDAD,FRACCION VII,2025,10,01/01/2026
MZA760601QQ2,MUNICIPIO DE ZACUALPAN DE AMILPAS SIN TIPO DE SOCIEDAD,FRACCION VII,2025,11,01/01/2026
MTL940606SL8,MUNICIPIO DE TLALNEPANTLA SIN TIPO DE SOCIEDAD,FRACCION VII,2025,9,01/01/2026
MTL940606SL8,MUNICIPIO DE TLALNEPANTLA SIN TIPO DE SOCIEDAD,FRACCION VII,2025,10,01/01/2026
MTL940606SL8,MUNICIPIO DE TLALNEPANTLA SIN TIPO DE SOCIEDAD,FRACCION VII,2025,11,01/01/2026
MTY850101179,MUNICIPIO DE TIXMEHUAC SIN TIPO DE SOCIEDAD,FRACCION VII,2025,9,01/01/2026
MTY850101179,MUNICIPIO DE TIXMEHUAC SIN TIPO DE SOCIEDAD,FRACCION VII,2025,10,01/01/2026
MTY850101179,MUNICIPIO DE TIXMEHUAC SIN TIPO DE SOCIEDAD,FRACCION VII,2025,11,01/01/2026
MDB850101AM5,MUNICIPIO DE DZILAM DE BRAVO SIN TIPO DE SOCIEDAD,FRACCION VII,2025,9,01/01/2026
MDB850101AM5,MUNICIPIO DE DZILAM DE BRAVO SIN TIPO DE SOCIEDAD,FRACCION VII,2025,10,01/01/2026
MDB850101AM5,MUNICIPIO DE DZILAM DE BRAVO SIN TIPO DE SOCIEDAD,FRACCION VII,2025,11,01/01/2026
MTY8501013V8,MUNICIPIO DE TEKAX YUCATAN SIN TIPO DE SOCIEDAD,FRACCION VII,2025,9,01/01/2026
MTY8501013V8,MUNICIPIO DE TEKAX YUCATAN SIN TIPO DE SOCIEDAD,FRACCION VII,2025,10,01/01/2026
MTY8501013V8,MUNICIPIO DE TEKAX YUCATAN SIN TIPO DE SOCIEDAD,FRACCION VII,2025,11,01/01/2026
MTM850101EK8,MUNICIPIO DE TEXCALTITLAN SIN TIPO DE SOCIEDAD,FRACCION VII,2025,10,01/01/2026
MTM850101EK8,MUNICIPIO DE TEXCALTITLAN SIN TIPO DE SOCIEDAD,FRACCION VII,2025,11,01/01/2026
MSM850101RH5,MUNICIPIO DE SAHUAYO MICHOACAN SIN TIPO DE SOCIEDAD,FRACCION VII,2025,9,01/01/2026
MSM850101RH5,MUNICIPIO DE SAHUAYO MICHOACAN SIN TIPO DE SOCIEDAD,FRACCION VII,2025,10,01/01/2026
MSM850101RH5,MUNICIPIO DE SAHUAYO MICHOACAN SIN TIPO DE SOCIEDAD,FRACCION VII,2025,11,01/01/2026
MTM850101AS2,MUNICIPIO DE TANGAMANDAPIO MICHOACAN SIN TIPO DE SOCIEDAD,FRACCION VII,2025,9,01/01/2026
MCY850101292,MUNICIPIO DE CHAPAB SIN TIPO DE SOCIEDAD,FRACCION VII,2025,9,01/01/2026
MCY850101292,MUNICIPIO DE CHAPAB SIN TIPO DE SOCIEDAD,FRACCION VII,2025,10,01/01/2026
MCY850101292,MUNICIPIO DE CHAPAB SIN TIPO DE SOCIEDAD,FRACCION VII,2025,11,01/01/2026
MSC850101DE2,MUNICIPIO DE SANTA CATARINA TICUA SIN TIPO DE SOCIEDAD,FRACCION VII,2025,10,01/01/2026
MSC850101DE2,MUNICIPIO DE SANTA CATARINA TICUA SIN TIPO DE SOCIEDAD,FRACCION VII,2025,11,01/01/2026
MCV050102QWA,MUNICIPIO DE COSOLEACAQUE VER SIN TIPO DE SOCIEDAD,FRACCION VII,2025,11,01/01/2026
MSI950816SW0,MUNICIPIO DE SANTA ISABEL XILOXOXTLA TLAX SIN TIPO DE SOCIEDAD,FRACCION VII,2025,10,01/01/2026
MSI950816SW0,MUNICIPIO DE SANTA ISABEL XILOXOXTLA TLAX SIN TIPO DE SOCIEDAD,FRACCION VII,2025,11,01/01/2026
MCZ85010182A,MUNICIPIO DE CAMERINO Z MENDOZA VER SIN TIPO DE SOCIEDAD,FRACCION VII,2025,9,01/01/2026
MCZ85010182A,MUNICIPIO DE CAMERINO Z MENDOZA VER SIN TIPO DE SOCIEDAD,FRACCION VII,2025,10,01/01/2026
MCZ85010182A,MUNICIPIO DE CAMERINO Z MENDOZA VER SIN TIPO DE SOCIEDAD,FRACCION VII,2025,11,01/01/2026
MSC860201T33,MUNICIPIO DE SANTA CATARINA JUQUILA SIN TIPO DE SOCIEDAD,FRACCION VII,2025,7,01/01/2026
MSC860201T33,MUNICIPIO DE SANTA CATARINA JUQUILA SIN TIPO DE SOCIEDAD,FRACCION VII,2025,8,01/01/2026
MSC860201T33,MUNICIPIO DE SANTA CATARINA JUQUILA SIN TIPO DE SOCIEDAD,FRACCION VII,2025,9,01/01/2026
MSC860201T33,MUNICIPIO DE SANTA CATARINA JUQUILA SIN TIPO DE SOCIEDAD,FRACCION VII,2025,10,01/01/2026
MSC860201T33,MUNICIPIO DE SANTA CATARINA JUQUILA SIN TIPO DE SOCIEDAD,FRACCION VII,2025,11,01/01/2026
MVY850101NL3,MUNICIPIO DE VALLADOLID SIN TIPO DE SOCIEDAD,FRACCION VII,2025,9,01/01/2026
MVY850101NL3,MUNICIPIO DE VALLADOLID SIN TIPO DE SOCIEDAD,FRACCION VII,2025,10,01/01/2026
MVY850101NL3,MUNICIPIO DE VALLADOLID SIN TIPO DE SOCIEDAD,FRACCION VII,2025,11,01/01/2026
MTM850101BE7,MUNICIPIO DE TURICATO MICH SIN TIPO DE SOCIEDAD,FRACCION VII,2025,3,01/07/2025
MTM850101BE7,MUNICIPIO DE TURICATO MICH SIN TIPO DE SOCIEDAD,FRACCION VII,2025,4,01/07/2025
MTM850101BE7,MUNICIPIO DE TURICATO MICH SIN TIPO DE SOCIEDAD,FRACCION VII,2025,5,01/07/2025
MTM850101BE7,MUNICIPIO DE TURICATO MICH SIN TIPO DE SOCIEDAD,FRACCION VII,2025,9,01/01/2026
MTM850101BE7,MUNICIPIO DE TURICATO MICH SIN TIPO DE SOCIEDAD,FRACCION VII,2025,10,01/01/2026
MTY850101195,MUNICIPIO DE TIMUCUY SIN TIPO DE SOCIEDAD,FRACCION VII,2025,11,01/01/2026
MSC860201T33,MUNICIPIO DE SANTA CATARINA JUQUILA SIN TIPO DE SOCIEDAD,FRACCION VII,2025,6,01/01/2026
MTP921201MN6,MUNICIPIO DE TOCHTEPEC PUEBLA SIN TIPO DE SOCIEDAD,FRACCION VII,2025,10,01/01/2026
MTP921201MN6,MUNICIPIO DE TOCHTEPEC PUEBLA SIN TIPO DE SOCIEDAD,FRACCION VII,2025,11,01/01/2026
TMU710801IG4,MUNICIPIO DE MAPIMI SIN TIPO DE SOCIEDAD,FRACCION VII,2025,7,01/01/2026
MTM850101GW9,MUNICIPIO DE TANGANCICUARO MICHOACAN SIN TIPO DE SOCIEDAD,FRACCION VII,2025,11,01/01/2026
MAN8501013X3,MUNICIPIO DE ACAPONETA NAYARIT SIN TIPO DE SOCIEDAD,FRACCION VII,2025,9,01/01/2026
MAN8501013X3,MUNICIPIO DE ACAPONETA NAYARIT SIN TIPO DE SOCIEDAD,FRACCION VII,2025,10,01/01/2026
MAN8501013X3,MUNICIPIO DE ACAPONETA NAYARIT SIN TIPO DE SOCIEDAD,FRACCION VII,2025,11,01/01/2026
MCU850101H71,MUNICIPIO DE CHUMATLAN SIN TIPO DE SOCIEDAD,FRACCION VII,2025,9,01/01/2026
MCU850101H71,MUNICIPIO DE CHUMATLAN SIN TIPO DE SOCIEDAD,FRACCION VII,2025,10,01/01/2026
MCU850101H71,MUNICIPIO DE CHUMATLAN SIN TIPO DE SOCIEDAD,FRACCION VII,2025,11,01/01/2026
MSI850101CZ0,MUNICIPIO SANTIAGO IXTAYUTLA SIN TIPO DE SOCIEDAD,FRACCION VII,2025,9,01/01/2026
MSI850101CZ0,MUNICIPIO SANTIAGO IXTAYUTLA SIN TIPO DE SOCIEDAD,FRACCION VII,2025,10,01/01/2026
MAP850101PA7,MUNICIPIO DE APULCO ZAC SIN TIPO DE SOCIEDAD,FRACCION VII,2025,9,01/01/2026
MAP850101PA7,MUNICIPIO DE APULCO ZAC SIN TIPO DE SOCIEDAD,FRACCION VII,2025,10,01/01/2026
MAP850101PA7,MUNICIPIO DE APULCO ZAC SIN TIPO DE SOCIEDAD,FRACCION VII,2025,11,01/01/2026
SEG910814HCA,SECRETARIA DE EDUCACION GUERRERO SIN TIPO DE SOCIEDAD,FRACCION VII,2025,9,01/01/2026
SEG910814HCA,SECRETARIA DE EDUCACION GUERRERO SIN TIPO DE SOCIEDAD,FRACCION VII,2025,10,01/01/2026
SEG910814HCA,SECRETARIA DE EDUCACION GUERRERO SIN TIPO DE SOCIEDAD,FRACCION VII,2025,11,01/01/2026
MAP8501017D3,MUNICIPIO DE AHUATLAN PUEBLA SIN TIPO DE SOCIEDAD,FRACCION VII,2025,1,01/07/2025
MAP8501017D3,MUNICIPIO DE AHUATLAN PUEBLA SIN TIPO DE SOCIEDAD,FRACCION VII,2025,2,01/07/2025
MAP8501017D3,MUNICIPIO DE AHUATLAN PUEBLA SIN TIPO DE SOCIEDAD,FRACCION VII,2025,3,01/07/2025
MAP8501017D3,MUNICIPIO DE AHUATLAN PUEBLA SIN TIPO DE SOCIEDAD,FRACCION VII,2025,5,01/07/2025
MAP8501017D3,MUNICIPIO DE AHUATLAN PUEBLA SIN TIPO DE SOCIEDAD,FRACCION VII,2025,6,01/01/2026
MTM850101PI9,MUNICIPIO DE TINGUINDIN MICHOACAN SIN TIPO DE SOCIEDAD,FRACCION VII,2025,9,01/01/2026
MTM850101PI9,MUNICIPIO DE TINGUINDIN MICHOACAN SIN TIPO DE SOCIEDAD,FRACCION VII,2025,10,01/01/2026
MTM850101PI9,MUNICIPIO DE TINGUINDIN MICHOACAN SIN TIPO DE SOCIEDAD,FRACCION VII,2025,11,01/01/2026
MHS850101J82,MUNICIPIO DE HUEHUETLAN SLP SIN TIPO DE SOCIEDAD,FRACCION VII,2025,9,01/01/2026
MHS850101J82,MUNICIPIO DE HUEHUETLAN SLP SIN TIPO DE SOCIEDAD,FRACCION VII,2025,10,01/01/2026
MHS850101J82,MUNICIPIO DE HUEHUETLAN SLP SIN TIPO DE SOCIEDAD,FRACCION VII,2025,11,01/01/2026
MOV950101LF9,MUNICIPIO DE OMEALCA VER SIN TIPO DE SOCIEDAD,FRACCION VII,2025,1,01/01/2026
MOV950101LF9,MUNICIPIO DE OMEALCA VER SIN TIPO DE SOCIEDAD,FRACCION VII,2025,2,01/01/2026
MOV950101LF9,MUNICIPIO DE OMEALCA VER SIN TIPO DE SOCIEDAD,FRACCION VII,2025,3,01/01/2026
MOV950101LF9,MUNICIPIO DE OMEALCA VER SIN TIPO DE SOCIEDAD,FRACCION VII,2025,4,01/01/2026
MOV950101LF9,MUNICIPIO DE OMEALCA VER SIN TIPO DE SOCIEDAD,FRACCION VII,2025,5,01/01/2026
MOV950101LF9,MUNICIPIO DE OMEALCA VER SIN TIPO DE SOCIEDAD,FRACCION VII,2025,6,01/01/2026
MOV950101LF9,MUNICIPIO DE OMEALCA VER SIN TIPO DE SOCIEDAD,FRACCION VII,2025,7,01/01/2026
MOV950101LF9,MUNICIPIO DE OMEALCA VER SIN TIPO DE SOCIEDAD,FRACCION VII,2025,8,01/01/2026
MOV950101LF9,MUNICIPIO DE OMEALCA VER SIN TIPO DE SOCIEDAD,FRACCION VII,2025,9,01/01/2026
MOV950101LF9,MUNICIPIO DE OMEALCA VER SIN TIPO DE SOCIEDAD,FRACCION VII,2025,10,01/01/2026
MOV950101LF9,MUNICIPIO DE OMEALCA VER SIN TIPO DE SOCIEDAD,FRACCION VII,2025,11,01/01/2026
MCY850101AL9,MUNICIPIO DE CHEMAX SIN TIPO DE SOCIEDAD,FRACCION VII,2025,9,01/01/2026
MCY850101AL9,MUNICIPIO DE CHEMAX SIN TIPO DE SOCIEDAD,FRACCION VII,2025,10,01/01/2026
MCY850101AL9,MUNICIPIO DE CHEMAX SIN TIPO DE SOCIEDAD,FRACCION VII,2025,11,01/01/2026
MSP850101KK5,MUNICIPIO DE SAN PEDRO YOLOX SIN TIPO DE SOCIEDAD,FRACCION VII,2024,12,01/01/2026
MCS930215CQ9,MUNICIPIO DE CHILA DE LA SAL PUEBLA SIN TIPO DE SOCIEDAD,FRACCION VII,2025,11,01/01/2026
MSC860201T33,MUNICIPIO DE SANTA CATARINA JUQUILA SIN TIPO DE SOCIEDAD,FRACCION VII,2025,5,01/07/2025
MVN850101H82,MUNICIPIO DE SAN JUAN BAUTISTA VALLE NACIONAL SIN TIPO DE SOCIEDAD,FRACCION VII,2025,10,01/01/2026
MHM850101JHA,MUNICIPIO DE HUANIQUEO MICHOACAN SIN TIPO DE SOCIEDAD,FRACCION VII,2025,9,01/01/2026
MHM850101JHA,MUNICIPIO DE HUANIQUEO MICHOACAN SIN TIPO DE SOCIEDAD,FRACCION VII,2025,10,01/01/2026
MMJ850101FGA,MUNICIPIO DE MAZAPILTEPEC DE JUAREZ PUE SIN TIPO DE SOCIEDAD,FRACCION VII,2025,10,01/01/2026
MMJ850101FGA,MUNICIPIO DE MAZAPILTEPEC DE JUAREZ PUE SIN TIPO DE SOCIEDAD,FRACCION VII,2025,11,01/01/2026
MAC850101GX8,MUNICIPIO DE ARRIAGA SIN TIPO DE SOCIEDAD,FRACCION VII,2025,11,01/01/2026
MEM8501018E5,MUNICIPIO DE ECUANDUREO MICHOACAN SIN TIPO DE SOCIEDAD,FRACCION VII,2025,10,01/01/2026
MEM8501018E5,MUNICIPIO DE ECUANDUREO MICHOACAN SIN TIPO DE SOCIEDAD,FRACCION VII,2025,11,01/01/2026
MPR850101CU9,MUNICIPIO DE POZA RICA DE HIDALGO SIN TIPO DE SOCIEDAD,FRACCION VII,2025,8,01/01/2026
MGF630101LZ4,MUNICIPIO DE GOMEZ FARIAS TAMAULIPAS SIN TIPO DE SOCIEDAD,FRACCION VII,2025,11,01/01/2026
MPI8501011R5,MUNICIPIO DE PINOS ZAC SIN TIPO DE SOCIEDAD,FRACCION VII,2025,9,01/01/2026
MPI8501011R5,MUNICIPIO DE PINOS ZAC SIN TIPO DE SOCIEDAD,FRACCION VII,2025,10,01/01/2026
MPI8501011R5,MUNICIPIO DE PINOS ZAC SIN TIPO DE SOCIEDAD,FRACCION VII,2025,11,01/01/2026
MHP850101AL0,MUNICIPIO DE HUAQUECHULA PUEBLA SIN TIPO DE SOCIEDAD,FRACCION VII,2025,9,01/01/2026
MHP850101AL0,MUNICIPIO DE HUAQUECHULA PUEBLA SIN TIPO DE SOCIEDAD,FRACCION VII,2025,10,01/01/2026
MHP850101AL0,MUNICIPIO DE HUAQUECHULA PUEBLA SIN TIPO DE SOCIEDAD,FRACCION VII,2025,11,01/01/2026
MTY850101PH2,MUNICIPIO DE TEMAX SIN TIPO DE SOCIEDAD,FRACCION VII,2025,1,01/04/2025
MTY850101PH2,MUNICIPIO DE TEMAX SIN TIPO DE SOCIEDAD,FRACCION VII,2025,2,01/04/2025
MTY850101PH2,MUNICIPIO DE TEMAX SIN TIPO DE SOCIEDAD,FRACCION VII,2025,3,01/07/2025
MTY850101PH2,MUNICIPIO DE TEMAX SIN TIPO DE SOCIEDAD,FRACCION VII,2025,4,01/07/2025
MTY850101PH2,MUNICIPIO DE TEMAX SIN TIPO DE SOCIEDAD,FRACCION VII,2025,5,01/07/2025
MTY850101PH2,MUNICIPIO DE TEMAX SIN TIPO DE SOCIEDAD,FRACCION VII,2025,6,01/01/2026
MTY850101PH2,MUNICIPIO DE TEMAX SIN TIPO DE SOCIEDAD,FRACCION VII,2025,8,01/01/2026
MTY850101PH2,MUNICIPIO DE TEMAX SIN TIPO DE SOCIEDAD,FRACCION VII,2025,9,01/01/2026
MEL8501012M6,MUNICIPIO DE ELOTA SIN TIPO DE SOCIEDAD,FRACCION VII,2025,9,01/01/2026
MEL8501012M6,MUNICIPIO DE ELOTA SIN TIPO DE SOCIEDAD,FRACCION VII,2025,10,01/01/2026
MEL8501012M6,MUNICIPIO DE ELOTA SIN TIPO DE SOCIEDAD,FRACCION VII,2025,11,01/01/2026
MJM850101P52,MUNICIPIO DE JUNGAPEO MICHOACAN SIN TIPO DE SOCIEDAD,FRACCION VII,2025,9,01/01/2026
MJM850101P52,MUNICIPIO DE JUNGAPEO MICHOACAN SIN TIPO DE SOCIEDAD,FRACCION VII,2025,10,01/01/2026
MJM850101P52,MUNICIPIO DE JUNGAPEO MICHOACAN SIN TIPO DE SOCIEDAD,FRACCION VII,2025,11,01/01/2026
MTY850101LV9,MUNICIPIO DE TETIZ SIN TIPO DE SOCIEDAD,FRACCION VII,2025,9,01/01/2026
MTY850101LV9,MUNICIPIO DE TETIZ SIN TIPO DE SOCIEDAD,FRACCION VII,2025,10,01/01/2026
MTY850101LV9,MUNICIPIO DE TETIZ SIN TIPO DE SOCIEDAD,FRACCION VII,2025,11,01/01/2026
MSM850101SN1,MUNICIPIO DE SAN MIGUEL AHUEHUETITLAN SIN TIPO DE SOCIEDAD,FRACCION VII,2025,11,01/01/2026
MCS650101NH1,MUNICIPIO DE CERRITOS SLP SIN TIPO DE SOCIEDAD,FRACCION VII,2025,11,01/01/2026
UAC750417LE8,UNIVERSIDAD AUTONOMA DE CHIAPAS SIN TIPO DE SOCIEDAD,FRACCION VII,2025,10,01/01/2026
UAC750417LE8,UNIVERSIDAD AUTONOMA DE CHIAPAS SIN TIPO DE SOCIEDAD,FRACCION VII,2025,11,01/01/2026
MSJ850101Q73,MUNICIPIO DE SAN JOSE CHIAPA PUEBLA SIN TIPO DE SOCIEDAD,FRACCION VII,2025,11,01/01/2026
MTY8501019Z4,MUNICIPIO DE TIXCACALCUPUL SIN TIPO DE SOCIEDAD,FRACCION VII,2025,10,01/01/2026
MTY8501019Z4,MUNICIPIO DE TIXCACALCUPUL SIN TIPO DE SOCIEDAD,FRACCION VII,2025,11,01/01/2026
MIM850101J6A,MUNICIPIO DE IZUCAR DE MATAMOROS PUEBLA SIN TIPO DE SOCIEDAD,FRACCION VII,2025,9,01/01/2026
MIM850101J6A,MUNICIPIO DE IZUCAR DE MATAMOROS PUEBLA SIN TIPO DE SOCIEDAD,FRACCION VII,2025,10,01/01/2026
MIM850101J6A,MUNICIPIO DE IZUCAR DE MATAMOROS PUEBLA SIN TIPO DE SOCIEDAD,FRACCION VII,2025,11,01/01/2026
MAI850101BS6,MUNICIPIO DE ASUNCION IXTALTEPEC SIN TIPO DE SOCIEDAD,FRACCION VII,2025,10,01/01/2026
MAI850101BS6,MUNICIPIO DE ASUNCION IXTALTEPEC SIN TIPO DE SOCIEDAD,FRACCION VII,2025,11,01/01/2026
UAE560321II2,UNIVERSIDAD AUTONOMA DEL ESTADO DE MEXICO SIN TIPO DE SOCIEDAD,FRACCION VII,2024,12,01/01/2026
MZA850101LF7,MUNICIPIO DE ZACUALPAN SIN TIPO DE SOCIEDAD,FRACCION VII,2025,9,01/01/2026
MZA850101LF7,MUNICIPIO DE ZACUALPAN SIN TIPO DE SOCIEDAD,FRACCION VII,2025,10,01/01/2026
MZA850101LF7,MUNICIPIO DE ZACUALPAN SIN TIPO DE SOCIEDAD,FRACCION VII,2025,11,01/01/2026
MDA850101G67,MUNICIPIO DE DOMINGO ARENAS PUEBLA SIN TIPO DE SOCIEDAD,FRACCION VII,2025,9,01/01/2026
MDA850101G67,MUNICIPIO DE DOMINGO ARENAS PUEBLA SIN TIPO DE SOCIEDAD,FRACCION VII,2025,10,01/01/2026
MDA850101G67,MUNICIPIO DE DOMINGO ARENAS PUEBLA SIN TIPO DE SOCIEDAD,FRACCION VII,2025,11,01/01/2026
MTV8501015R7,MUNICIPIO DE TENOCHTITLAN VER SIN TIPO DE SOCIEDAD,FRACCION VII,2024,7,01/10/2024
MTV8501015R7,MUNICIPIO DE TENOCHTITLAN VER SIN TIPO DE SOCIEDAD,FRACCION VII,2024,8,01/10/2024
MTV8501015R7,MUNICIPIO DE TENOCHTITLAN VER SIN TIPO DE SOCIEDAD,FRACCION VII,2024,10,01/01/2026
MSM8501016B6,MUNICIPIO DE SANTA MARIA TEOPOXCO SIN TIPO DE SOCIEDAD,FRACCION VII,2025,9,01/01/2026
MSM8501016B6,MUNICIPIO DE SANTA MARIA TEOPOXCO SIN TIPO DE SOCIEDAD,FRACCION VII,2025,10,01/01/2026
MSM8501016B6,MUNICIPIO DE SANTA MARIA TEOPOXCO SIN TIPO DE SOCIEDAD,FRACCION VII,2025,11,01/01/2026
IMA2109035E3,INSTITUTO MUNICIPAL DE ARTE Y CULTURA DE TECATE SIN TIPO DE SOCIEDAD,FRACCION VII,2025,9,01/01/2026
IMA2109035E3,INSTITUTO MUNICIPAL DE ARTE Y CULTURA DE TECATE SIN TIPO DE SOCIEDAD,FRACCION VII,2025,10,01/01/2026
IMA2109035E3,INSTITUTO MUNICIPAL DE ARTE Y CULTURA DE TECATE SIN TIPO DE SOCIEDAD,FRACCION VII,2025,11,01/01/2026
UPG160229EK0,UNIVERSIDAD POLITECNICA DE GARCIA SIN TIPO DE SOCIEDAD,FRACCION VII,2025,11,01/01/2026
MIC250101DJ2,MUNICIPIO DE IXHUATLAN DEL CAFE VER SIN TIPO DE SOCIEDAD,FRACCION VII,2025,9,01/01/2026
MIC250101DJ2,MUNICIPIO DE IXHUATLAN DEL CAFE VER SIN TIPO DE SOCIEDAD,FRACCION VII,2025,10,01/01/2026
MIC250101DJ2,MUNICIPIO DE IXHUATLAN DEL CAFE VER SIN TIPO DE SOCIEDAD,FRACCION VII,2025,11,01/01/2026
ITS030704M68,INSTITUTO TECNOLOGICO SUPERIOR DE SAN LUIS POTOSI CAPITAL SIN TIPO DE SOCIEDAD,FRACCION VII,2025,11,01/01/2026
MCM850101AS2,MUNICIPIO DE CHURINTZIO MICHOACAN SIN TIPO DE SOCIEDAD,FRACCION VII,2025,11,01/01/2026
MAP8501017D3,MUNICIPIO DE AHUATLAN PUEBLA SIN TIPO DE SOCIEDAD,FRACCION VII,2025,8,01/01/2026
MAP8501017D3,MUNICIPIO DE AHUATLAN PUEBLA SIN TIPO DE SOCIEDAD,FRACCION VII,2025,9,01/01/2026
MDG850101IX6,MUNICIPIO DE DZILAM GONZALEZ SIN TIPO DE SOCIEDAD,FRACCION VII,2025,11,01/01/2026
MSJ960101K93,MUNICIPIO DE SANTIAGO JOCOTEPEC SIN TIPO DE SOCIEDAD,FRACCION VII,2025,9,01/01/2026
MSJ960101K93,MUNICIPIO DE SANTIAGO JOCOTEPEC SIN TIPO DE SOCIEDAD,FRACCION VII,2025,10,01/01/2026
MSJ960101K93,MUNICIPIO DE SANTIAGO JOCOTEPEC SIN TIPO DE SOCIEDAD,FRACCION VII,2025,11,01/01/2026
MRN850101KI6,MUNICIPIO DE ROSAMORADA NAYARIT SIN TIPO DE SOCIEDAD,FRACCION VII,2025,11,01/01/2026
MTE7707171Y3,MUNICIPIO DE TEMOAC SIN TIPO DE SOCIEDAD,FRACCION VII,2024,12,01/01/2026
MGS850101AI9,MUNICIPIO DE GUADALCAZAR SLP SIN TIPO DE SOCIEDAD,FRACCION VII,2025,8,01/01/2026
MGS850101AI9,MUNICIPIO DE GUADALCAZAR SLP SIN TIPO DE SOCIEDAD,FRACCION VII,2025,9,01/01/2026
MGS850101AI9,MUNICIPIO DE GUADALCAZAR SLP SIN TIPO DE SOCIEDAD,FRACCION VII,2025,10,01/01/2026
MGS850101AI9,MUNICIPIO DE GUADALCAZAR SLP SIN TIPO DE SOCIEDAD,FRACCION VII,2025,11,01/01/2026
MGV850101893,MUNICIPIO DE GUADALUPE VICTORIA PUEBLA SIN TIPO DE SOCIEDAD,FRACCION VII,2025,6,01/01/2026
MGV850101893,MUNICIPIO DE GUADALUPE VICTORIA PUEBLA SIN TIPO DE SOCIEDAD,FRACCION VII,2025,7,01/01/2026
MGV850101893,MUNICIPIO DE GUADALUPE VICTORIA PUEBLA SIN TIPO DE SOCIEDAD,FRACCION VII,2025,8,01/01/2026
CDE050827SQ2,CENTRO DE DESARROLLO ECONOMICO EDUCATIVO DE LA MESA DE EL NAYAR SIN TIPO DE SOCIEDAD,FRACCION VII,2025,9,01/01/2026
CDE050827SQ2,CENTRO DE DESARROLLO ECONOMICO EDUCATIVO DE LA MESA DE EL NAYAR SIN TIPO DE SOCIEDAD,FRACCION VII,2025,10,01/01/2026
CDE050827SQ2,CENTRO DE DESARROLLO ECONOMICO EDUCATIVO DE LA MESA DE EL NAYAR SIN TIPO DE SOCIEDAD,FRACCION VII,2025,11,01/01/2026
MHM8501016V8,MUNICIPIO DE HUANDACAREO MICHOACAN SIN TIPO DE SOCIEDAD,FRACCION VII,2025,11,01/01/2026
MSL850101TJ5,MUNICIPIO DE SAN LUCAS OJITLAN SIN TIPO DE SOCIEDAD,FRACCION VII,2025,9,01/01/2026
MSL850101TJ5,MUNICIPIO DE SAN LUCAS OJITLAN SIN TIPO DE SOCIEDAD,FRACCION VII,2025,10,01/01/2026
MSL850101TJ5,MUNICIPIO DE SAN LUCAS OJITLAN SIN TIPO DE SOCIEDAD,FRACCION VII,2025,11,01/01/2026
MHY850101MI1,MUNICIPIO DE HUNUCMA SIN TIPO DE SOCIEDAD,FRACCION VII,2025,9,01/01/2026
MHY850101MI1,MUNICIPIO DE HUNUCMA SIN TIPO DE SOCIEDAD,FRACCION VII,2025,10,01/01/2026
MHY850101MI1,MUNICIPIO DE HUNUCMA SIN TIPO DE SOCIEDAD,FRACCION VII,2025,11,01/01/2026
MTZ8501016A0,MUNICIPIO DE TANETZE DE ZARAGOZA SIN TIPO DE SOCIEDAD,FRACCION VII,2025,11,01/01/2026
MTC850101JS9,MUNICIPIO DE TAMPAMOLON CORONA SLP SIN TIPO DE SOCIEDAD,FRACCION VII,2025,9,01/01/2026
MTC850101JS9,MUNICIPIO DE TAMPAMOLON CORONA SLP SIN TIPO DE SOCIEDAD,FRACCION VII,2025,10,01/01/2026
MTC850101JS9,MUNICIPIO DE TAMPAMOLON CORONA SLP SIN TIPO DE SOCIEDAD,FRACCION VII,2025,11,01/01/2026
MSM850101QV0,MUNICIPIO DE SAN MIGUEL QUETZALTEPEC SIN TIPO DE SOCIEDAD,FRACCION VII,2025,10,01/01/2026
MSM850101QV0,MUNICIPIO DE SAN MIGUEL QUETZALTEPEC SIN TIPO DE SOCIEDAD,FRACCION VII,2025,11,01/01/2026
MSM850101RP9,MUNICIPIO DE SANTA MARIA YAVESIA SIN TIPO DE SOCIEDAD,FRACCION VII,2025,10,01/01/2026
MSM850101RP9,MUNICIPIO DE SANTA MARIA YAVESIA SIN TIPO DE SOCIEDAD,FRACCION VII,2025,11,01/01/2026
MAD8812014V1,MUNICIPIO DE AGUA DULCE VER SIN TIPO DE SOCIEDAD,FRACCION VII,2025,9,01/01/2026
MAD8812014V1,MUNICIPIO DE AGUA DULCE VER SIN TIPO DE SOCIEDAD,FRACCION VII,2025,10,01/01/2026
SMD850715243,SISTEMA MUNICIPAL PARA EL DESARROLLO INTEGRAL DE LA FAMILIA DEL MUNICIPIO DE NAVOLATO SIN TIPO DE SOCIEDAD,FRACCION VII,2025,9,01/01/2026
SMD850715243,SISTEMA MUNICIPAL PARA EL DESARROLLO INTEGRAL DE LA FAMILIA DEL MUNICIPIO DE NAVOLATO SIN TIPO DE SOCIEDAD,FRACCION VII,2025,10,01/01/2026
SMD850715243,SISTEMA MUNICIPAL PARA EL DESARROLLO INTEGRAL DE LA FAMILIA DEL MUNICIPIO DE NAVOLATO SIN TIPO DE SOCIEDAD,FRACCION VII,2025,11,01/01/2026
MVT850101BX3,MUNICIPIO VILLA TEJUPAM DE LA UNION SIN TIPO DE SOCIEDAD,FRACCION VII,2025,9,01/01/2026
MVT850101BX3,MUNICIPIO VILLA TEJUPAM DE LA UNION SIN TIPO DE SOCIEDAD,FRACCION VII,2025,10,01/01/2026
MVT850101BX3,MUNICIPIO VILLA TEJUPAM DE LA UNION SIN TIPO DE SOCIEDAD,FRACCION VII,2025,11,01/01/2026
MTY850101SY1,MUNICIPIO DE TEABO SIN TIPO DE SOCIEDAD,FRACCION VII,2025,9,01/01/2026
MTY850101SY1,MUNICIPIO DE TEABO SIN TIPO DE SOCIEDAD,FRACCION VII,2025,10,01/01/2026
MTY850101SY1,MUNICIPIO DE TEABO SIN TIPO DE SOCIEDAD,FRACCION VII,2025,11,01/01/2026
MVH850101TJ1,MUNICIPIO DE VISTA HERMOSA MICHOACAN SIN TIPO DE SOCIEDAD,FRACCION VII,2024,11,01/01/2026
MAS850101GF8,MUNICIPIO DE AQUISMON SLP SIN TIPO DE SOCIEDAD,FRACCION VII,2025,10,01/01/2026
MAS850101GF8,MUNICIPIO DE AQUISMON SLP SIN TIPO DE SOCIEDAD,FRACCION VII,2025,11,01/01/2026
MSJ850101KR4,MUNICIPIO DE SANTIAGO JAMILTEPEC SIN TIPO DE SOCIEDAD,FRACCION VII,2024,12,01/01/2026
MCP850101839,MUNICIPIO DE CHICXULUB PUEBLO SIN TIPO DE SOCIEDAD,FRACCION VII,2025,11,01/01/2026
MVS850101HT8,MUNICIPIO DE VANEGAS SLP SIN TIPO DE SOCIEDAD,FRACCION VII,2025,10,01/01/2026
MVS850101HT8,MUNICIPIO DE VANEGAS SLP SIN TIPO DE SOCIEDAD,FRACCION VII,2025,11,01/01/2026
MLB980520QB1,MUNICIPIO DE LORETO BCS SIN TIPO DE SOCIEDAD,FRACCION VII,2025,9,01/01/2026
MLB980520QB1,MUNICIPIO DE LORETO BCS SIN TIPO DE SOCIEDAD,FRACCION VII,2025,10,01/01/2026
MLB980520QB1,MUNICIPIO DE LORETO BCS SIN TIPO DE SOCIEDAD,FRACCION VII,2025,11,01/01/2026
MSJ850101FX7,MUNICIPIO DE SAN JUAN BAUTISTA TLACOATZINTEPEC SIN TIPO DE SOCIEDAD,FRACCION VII,2025,11,01/01/2026
MCU850101213,MUNICIPIO DE CUSIHUIRIACHI SIN TIPO DE SOCIEDAD,FRACCION VII,2025,9,01/01/2026
SES870401TX8,SERVICIOS ESTATALES DE SALUD SIN TIPO DE SOCIEDAD,FRACCION VII,2025,9,01/01/2026
SES870401TX8,SERVICIOS ESTATALES DE SALUD SIN TIPO DE SOCIEDAD,FRACCION VII,2025,10,01/01/2026
MZM850101G17,MUNICIPIO DE ZITACUARO MICHOACAN SIN TIPO DE SOCIEDAD,FRACCION VII,2024,2,23/07/2024
MZM850101G17,MUNICIPIO DE ZITACUARO MICHOACAN SIN TIPO DE SOCIEDAD,FRACCION VII,2024,3,23/07/2024
MZM850101G17,MUNICIPIO DE ZITACUARO MICHOACAN SIN TIPO DE SOCIEDAD,FRACCION VII,2024,4,23/07/2024
MZM850101G17,MUNICIPIO DE ZITACUARO MICHOACAN SIN TIPO DE SOCIEDAD,FRACCION VII,2024,5,01/10/2024
MZM850101G17,MUNICIPIO DE ZITACUARO MICHOACAN SIN TIPO DE SOCIEDAD,FRACCION VII,2024,6,01/10/2024
MZM850101G17,MUNICIPIO DE ZITACUARO MICHOACAN SIN TIPO DE SOCIEDAD,FRACCION VII,2024,7,01/10/2024
MZM850101G17,MUNICIPIO DE ZITACUARO MICHOACAN SIN TIPO DE SOCIEDAD,FRACCION VII,2024,8,01/10/2024
MZM850101G17,MUNICIPIO DE ZITACUARO MICHOACAN SIN TIPO DE SOCIEDAD,FRACCION VII,2024,9,01/01/2026
MZM850101G17,MUNICIPIO DE ZITACUARO MICHOACAN SIN TIPO DE SOCIEDAD,FRACCION VII,2024,10,01/01/2026
MZM850101G17,MUNICIPIO DE ZITACUARO MICHOACAN SIN TIPO DE SOCIEDAD,FRACCION VII,2024,11,01/01/2026
MZM850101G17,MUNICIPIO DE ZITACUARO MICHOACAN SIN TIPO DE SOCIEDAD,FRACCION VII,2025,9,01/01/2026
MZM850101G17,MUNICIPIO DE ZITACUARO MICHOACAN SIN TIPO DE SOCIEDAD,FRACCION VII,2025,10,01/01/2026
MZM850101G17,MUNICIPIO DE ZITACUARO MICHOACAN SIN TIPO DE SOCIEDAD,FRACCION VII,2025,11,01/01/2026
MTR8501012IA,MUNICIPIO DE TEPANGO DE RODRIGUEZ PUEBLA SIN TIPO DE SOCIEDAD,FRACCION VII,2025,11,01/01/2026
MVZ821103JCA,MUNICIPIO DE ZARAGOZA SIN TIPO DE SOCIEDAD,FRACCION VII,2025,9,01/01/2026
MVZ821103JCA,MUNICIPIO DE ZARAGOZA SIN TIPO DE SOCIEDAD,FRACCION VII,2025,10,01/01/2026
MVZ821103JCA,MUNICIPIO DE ZARAGOZA SIN TIPO DE SOCIEDAD,FRACCION VII,2025,11,01/01/2026
MAP9302152K6,MUNICIPIO DE ATOYATEMPAN PUEBLA SIN TIPO DE SOCIEDAD,FRACCION VII,2025,11,01/01/2026
MBJ850101999,MUNICIPIO DE BOLAÑOS JALISCO SIN TIPO DE SOCIEDAD,FRACCION VII,2025,9,01/01/2026
MBJ850101999,MUNICIPIO DE BOLAÑOS JALISCO SIN TIPO DE SOCIEDAD,FRACCION VII,2025,10,01/01/2026
MBJ850101999,MUNICIPIO DE BOLAÑOS JALISCO SIN TIPO DE SOCIEDAD,FRACCION VII,2025,11,01/01/2026
UPP121204QI8,UNIVERSIDAD POLITECNICA DE PIEDRAS NEGRAS SIN TIPO DE SOCIEDAD,FRACCION VII,2025,10,01/01/2026
UPP121204QI8,UNIVERSIDAD POLITECNICA DE PIEDRAS NEGRAS SIN TIPO DE SOCIEDAD,FRACCION VII,2025,11,01/01/2026
MRG850101JN3,MUNICIPIO DE RIO GRANDE ZAC SIN TIPO DE SOCIEDAD,FRACCION VII,2025,9,01/01/2026
MRG850101JN3,MUNICIPIO DE RIO GRANDE ZAC SIN TIPO DE SOCIEDAD,FRACCION VII,2025,10,01/01/2026
MRG850101JN3,MUNICIPIO DE RIO GRANDE ZAC SIN TIPO DE SOCIEDAD,FRACCION VII,2025,11,01/01/2026
MSM850101NI7,MUNICIPIO DE SAN MATEO CAJONOS SIN TIPO DE SOCIEDAD,FRACCION VII,2025,11,01/01/2026
MAT850101670,MUNICIPIO DE ATENGO JALISCO SIN TIPO DE SOCIEDAD,FRACCION VII,2025,11,01/01/2026
MTS850101734,MUNICIPIO TANLAJAS SLP SIN TIPO DE SOCIEDAD,FRACCION VII,2025,9,01/01/2026
MTS850101734,MUNICIPIO TANLAJAS SLP SIN TIPO DE SOCIEDAD,FRACCION VII,2025,10,01/01/2026
MTS850101734,MUNICIPIO TANLAJAS SLP SIN TIPO DE SOCIEDAD,FRACCION VII,2025,11,01/01/2026
MSA760514D42,MUNICIPIO DE SAN ANDRES TUXTLA VER SIN TIPO DE SOCIEDAD,FRACCION VII,2025,11,01/01/2026
MRN850101AP9,MUNICIPIO DE RUIZ NAYARIT SIN TIPO DE SOCIEDAD,FRACCION VII,2024,10,01/01/2025
MTZ8501016A0,MUNICIPIO DE TANETZE DE ZARAGOZA SIN TIPO DE SOCIEDAD,FRACCION VII,2025,10,01/01/2026
MXO190101BG4,MUNICIPIO DE XOXOCOTLA SIN TIPO DE SOCIEDAD,FRACCION VII,2025,7,01/01/2026
MXO190101BG4,MUNICIPIO DE XOXOCOTLA SIN TIPO DE SOCIEDAD,FRACCION VII,2025,8,01/01/2026
MXO190101BG4,MUNICIPIO DE XOXOCOTLA SIN TIPO DE SOCIEDAD,FRACCION VII,2025,10,01/01/2026
MSM850101BY9,MUNICIPIO DE SANTA MARIA IPALAPA SIN TIPO DE SOCIEDAD,FRACCION VII,2025,8,01/01/2026
MSM850101BY9,MUNICIPIO DE SANTA MARIA IPALAPA SIN TIPO DE SOCIEDAD,FRACCION VII,2025,9,01/01/2026
MSM850101BY9,MUNICIPIO DE SANTA MARIA IPALAPA SIN TIPO DE SOCIEDAD,FRACCION VII,2025,10,01/01/2026
MSM850101BY9,MUNICIPIO DE SANTA MARIA IPALAPA SIN TIPO DE SOCIEDAD,FRACCION VII,2025,11,01/01/2026
MSJ850101FX7,MUNICIPIO DE SAN JUAN BAUTISTA TLACOATZINTEPEC SIN TIPO DE SOCIEDAD,FRACCION VII,2024,12,01/01/2026
MXP850101JB4,MUNICIPIO DE XICOTLAN PUEBLA SIN TIPO DE SOCIEDAD,FRACCION VII,2025,10,01/01/2026
MXP850101JB4,MUNICIPIO DE XICOTLAN PUEBLA SIN TIPO DE SOCIEDAD,FRACCION VII,2025,11,01/01/2026
MCC3504152C1,MUNICIPIO DE CONETO DE COMONFORT SIN TIPO DE SOCIEDAD,FRACCION VII,2025,1,01/01/2026
MCC3504152C1,MUNICIPIO DE CONETO DE COMONFORT SIN TIPO DE SOCIEDAD,FRACCION VII,2025,9,01/01/2026
MCC3504152C1,MUNICIPIO DE CONETO DE COMONFORT SIN TIPO DE SOCIEDAD,FRACCION VII,2025,10,01/01/2026
MCC3504152C1,MUNICIPIO DE CONETO DE COMONFORT SIN TIPO DE SOCIEDAD,FRACCION VII,2025,11,01/01/2026
MSF950819A68,MUNICIPIO DE SAN FRANCISCO TETLANOHCAN TLAX SIN TIPO DE SOCIEDAD,FRACCION VII,2025,11,01/01/2026
MTP850101LI6,MUNICIPIO DE TULCINGO PUEBLA SIN TIPO DE SOCIEDAD,FRACCION VII,2025,9,01/01/2026
MTP850101LI6,MUNICIPIO DE TULCINGO PUEBLA SIN TIPO DE SOCIEDAD,FRACCION VII,2025,10,01/01/2026
MTP850101LI6,MUNICIPIO DE TULCINGO PUEBLA SIN TIPO DE SOCIEDAD,FRACCION VII,2025,11,01/01/2026
MCV050102QWA,MUNICIPIO DE COSOLEACAQUE VER SIN TIPO DE SOCIEDAD,FRACCION VII,2025,10,01/01/2026
MAM850101CX8,MUNICIPIO DE ARIO MICHOACAN SIN TIPO DE SOCIEDAD,FRACCION VII,2025,9,01/01/2026
MAM850101CX8,MUNICIPIO DE ARIO MICHOACAN SIN TIPO DE SOCIEDAD,FRACCION VII,2025,10,01/01/2026
MAM850101CX8,MUNICIPIO DE ARIO MICHOACAN SIN TIPO DE SOCIEDAD,FRACCION VII,2025,11,01/01/2026
MSJ850101NS4,MUNICIPIO DE SAN JUAN DE LOS CUES SIN TIPO DE SOCIEDAD,FRACCION VII,2025,5,01/07/2025
MSJ850101NS4,MUNICIPIO DE SAN JUAN DE LOS CUES SIN TIPO DE SOCIEDAD,FRACCION VII,2025,6,01/01/2026
MSJ850101NS4,MUNICIPIO DE SAN JUAN DE LOS CUES SIN TIPO DE SOCIEDAD,FRACCION VII,2025,7,01/01/2026
MSJ850101NS4,MUNICIPIO DE SAN JUAN DE LOS CUES SIN TIPO DE SOCIEDAD,FRACCION VII,2025,8,01/01/2026
MSJ850101NS4,MUNICIPIO DE SAN JUAN DE LOS CUES SIN TIPO DE SOCIEDAD,FRACCION VII,2025,9,01/01/2026
MSJ850101NS4,MUNICIPIO DE SAN JUAN DE LOS CUES SIN TIPO DE SOCIEDAD,FRACCION VII,2025,10,01/01/2026
MSJ850101NS4,MUNICIPIO DE SAN JUAN DE LOS CUES SIN TIPO DE SOCIEDAD,FRACCION VII,2025,11,01/01/2026
MSL951003552,MUNICIPIO DE SAN LORENZO AXOCOMANITLA TLAX SIN TIPO DE SOCIEDAD,FRACCION VII,2025,11,01/01/2026
MTY850101PK7,MUNICIPIO DE TIXPEUAL SIN TIPO DE SOCIEDAD,FRACCION VII,2025,10,01/01/2026
MTY850101PK7,MUNICIPIO DE TIXPEUAL SIN TIPO DE SOCIEDAD,FRACCION VII,2025,11,01/01/2026
MSM850101RI3,MUNICIPIO DE SAN MARTIN ZACATEPEC SIN TIPO DE SOCIEDAD,FRACCION VII,2025,11,01/01/2026
MTY850101RE2,MUNICIPIO DE TAHMEK SIN TIPO DE SOCIEDAD,FRACCION VII,2025,9,01/01/2026
MTY850101RE2,MUNICIPIO DE TAHMEK SIN TIPO DE SOCIEDAD,FRACCION VII,2025,10,01/01/2026
MTY850101RE2,MUNICIPIO DE TAHMEK SIN TIPO DE SOCIEDAD,FRACCION VII,2025,11,01/01/2026
MAL8101016Y0,MUNICIPIO DE AYUTLA DE LOS LIBRES SIN TIPO DE SOCIEDAD,FRACCION VII,2025,9,01/01/2026
MAL8101016Y0,MUNICIPIO DE AYUTLA DE LOS LIBRES SIN TIPO DE SOCIEDAD,FRACCION VII,2025,10,01/01/2026
MAL8101016Y0,MUNICIPIO DE AYUTLA DE LOS LIBRES SIN TIPO DE SOCIEDAD,FRACCION VII,2025,11,01/01/2026
MTS500101263,MUNICIPIO DE TIERRA NUEVA SLP SIN TIPO DE SOCIEDAD,FRACCION VII,2025,9,01/01/2026
MTS500101263,MUNICIPIO DE TIERRA NUEVA SLP SIN TIPO DE SOCIEDAD,FRACCION VII,2025,10,01/01/2026
MTS500101263,MUNICIPIO DE TIERRA NUEVA SLP SIN TIPO DE SOCIEDAD,FRACCION VII,2025,11,01/01/2026
MHY850101HLA,MUNICIPIO DE HOMUN SIN TIPO DE SOCIEDAD,FRACCION VII,2025,9,01/01/2026
MHY850101HLA,MUNICIPIO DE HOMUN SIN TIPO DE SOCIEDAD,FRACCION VII,2025,10,01/01/2026
MHY850101HLA,MUNICIPIO DE HOMUN SIN TIPO DE SOCIEDAD,FRACCION VII,2025,11,01/01/2026
MIN8501018L3,MUNICIPIO DE ITURBIDE NL SIN TIPO DE SOCIEDAD,FRACCION VII,2022,8,23/07/2024
MAT850101CJ2,MUNICIPIO DE AXTLA DE TERRAZAS SLP SIN TIPO DE SOCIEDAD,FRACCION VII,2025,9,01/01/2026
MAT850101CJ2,MUNICIPIO DE AXTLA DE TERRAZAS SLP SIN TIPO DE SOCIEDAD,FRACCION VII,2025,10,01/01/2026
MGC850101TXA,MUNICIPIO LA GRANDEZA SIN TIPO DE SOCIEDAD,FRACCION VII,2025,11,01/01/2026
MCM850101F60,MUNICIPIO DE CHUCANDIRO MICHOACAN SIN TIPO DE SOCIEDAD,FRACCION VII,2025,9,01/01/2026
MCM850101F60,MUNICIPIO DE CHUCANDIRO MICHOACAN SIN TIPO DE SOCIEDAD,FRACCION VII,2025,10,01/01/2026
MCM850101F60,MUNICIPIO DE CHUCANDIRO MICHOACAN SIN TIPO DE SOCIEDAD,FRACCION VII,2025,11,01/01/2026
MCT920101Q18,MUNICIPIO DE CAMARON DE TEJEDA VER SIN TIPO DE SOCIEDAD,FRACCION VII,2025,9,01/01/2026
MCT920101Q18,MUNICIPIO DE CAMARON DE TEJEDA VER SIN TIPO DE SOCIEDAD,FRACCION VII,2025,10,01/01/2026
MCT920101Q18,MUNICIPIO DE CAMARON DE TEJEDA VER SIN TIPO DE SOCIEDAD,FRACCION VII,2025,11,01/01/2026
UJE570321HB0,UNIVERSIDAD JUAREZ DEL ESTADO DE DURANGO SIN TIPO DE SOCIEDAD,FRACCION VII,2025,11,01/01/2026
MLB810101JV1,MUNICIPIO DE LOMA BONITA SIN TIPO DE SOCIEDAD,FRACCION VII,2025,4,01/01/2026
MLB810101JV1,MUNICIPIO DE LOMA BONITA SIN TIPO DE SOCIEDAD,FRACCION VII,2025,5,01/01/2026
MLB810101JV1,MUNICIPIO DE LOMA BONITA SIN TIPO DE SOCIEDAD,FRACCION VII,2025,6,01/01/2026
MLB810101JV1,MUNICIPIO DE LOMA BONITA SIN TIPO DE SOCIEDAD,FRACCION VII,2025,7,01/01/2026
MLB810101JV1,MUNICIPIO DE LOMA BONITA SIN TIPO DE SOCIEDAD,FRACCION VII,2025,8,01/01/2026
MLB810101JV1,MUNICIPIO DE LOMA BONITA SIN TIPO DE SOCIEDAD,FRACCION VII,2025,9,01/01/2026
MLB810101JV1,MUNICIPIO DE LOMA BONITA SIN TIPO DE SOCIEDAD,FRACCION VII,2025,10,01/01/2026
MLB810101JV1,MUNICIPIO DE LOMA BONITA SIN TIPO DE SOCIEDAD,FRACCION VII,2025,11,01/01/2026
MAC850101R74,MUNICIPIO DE ALTAMIRANO SIN TIPO DE SOCIEDAD,FRACCION VII,2025,9,01/01/2026
MAC850101R74,MUNICIPIO DE ALTAMIRANO SIN TIPO DE SOCIEDAD,FRACCION VII,2025,10,01/01/2026
MAC850101R74,MUNICIPIO DE ALTAMIRANO SIN TIPO DE SOCIEDAD,FRACCION VII,2025,11,01/01/2026
MHY850101BY0,MUNICIPIO DE HUHI SIN TIPO DE SOCIEDAD,FRACCION VII,2025,9,01/01/2026
MHY850101BY0,MUNICIPIO DE HUHI SIN TIPO DE SOCIEDAD,FRACCION VII,2025,10,01/01/2026
MHY850101BY0,MUNICIPIO DE HUHI SIN TIPO DE SOCIEDAD,FRACCION VII,2025,11,01/01/2026
MSF950819A68,MUNICIPIO DE SAN FRANCISCO TETLANOHCAN TLAX SIN TIPO DE SOCIEDAD,FRACCION VII,2024,12,01/01/2026
MSP850101KP4,MUNICIPIO DE SAN PEDRO IXCATLAN SIN TIPO DE SOCIEDAD,FRACCION VII,2025,9,01/01/2026
MTV7606019M0,MUNICIPIO DE TETELA DEL VOLCAN SIN TIPO DE SOCIEDAD,FRACCION VII,2025,11,01/01/2026
MGV850101893,MUNICIPIO DE GUADALUPE VICTORIA PUEBLA SIN TIPO DE SOCIEDAD,FRACCION VII,2025,9,01/01/2026
MAD8812014V1,MUNICIPIO DE AGUA DULCE VER SIN TIPO DE SOCIEDAD,FRACCION VII,2025,11,01/01/2026
MTS850101SC8,MUNICIPIO DE TANCANHUITZ SLP SIN TIPO DE SOCIEDAD,FRACCION VII,2025,7,01/01/2026
MTS850101SC8,MUNICIPIO DE TANCANHUITZ SLP SIN TIPO DE SOCIEDAD,FRACCION VII,2025,8,01/01/2026
MTS850101SC8,MUNICIPIO DE TANCANHUITZ SLP SIN TIPO DE SOCIEDAD,FRACCION VII,2025,9,01/01/2026
MTS850101SC8,MUNICIPIO DE TANCANHUITZ SLP SIN TIPO DE SOCIEDAD,FRACCION VII,2025,10,01/01/2026
MTS850101SC8,MUNICIPIO DE TANCANHUITZ SLP SIN TIPO DE SOCIEDAD,FRACCION VII,2025,11,01/01/2026
MAT850101CFA,MUNICIPIO DE ATLTZAYANCA TLAX SIN TIPO DE SOCIEDAD,FRACCION VII,2025,11,01/01/2026
MFM8501017C1,MUNICIPIO DE FILOMENO MATA SIN TIPO DE SOCIEDAD,FRACCION VII,2025,4,01/07/2025
MFM8501017C1,MUNICIPIO DE FILOMENO MATA SIN TIPO DE SOCIEDAD,FRACCION VII,2025,5,01/07/2025
MFM8501017C1,MUNICIPIO DE FILOMENO MATA SIN TIPO DE SOCIEDAD,FRACCION VII,2025,6,01/01/2026
MFM8501017C1,MUNICIPIO DE FILOMENO MATA SIN TIPO DE SOCIEDAD,FRACCION VII,2025,7,01/01/2026
MFM8501017C1,MUNICIPIO DE FILOMENO MATA SIN TIPO DE SOCIEDAD,FRACCION VII,2025,8,01/01/2026
MFM8501017C1,MUNICIPIO DE FILOMENO MATA SIN TIPO DE SOCIEDAD,FRACCION VII,2025,9,01/01/2026
MFM8501017C1,MUNICIPIO DE FILOMENO MATA SIN TIPO DE SOCIEDAD,FRACCION VII,2025,10,01/01/2026
MFM8501017C1,MUNICIPIO DE FILOMENO MATA SIN TIPO DE SOCIEDAD,FRACCION VII,2025,11,01/01/2026
MAN970902V57,MUNICIPIO DE ANGOSTURA SIN TIPO DE SOCIEDAD,FRACCION VII,2025,9,01/01/2026
MAN970902V57,MUNICIPIO DE ANGOSTURA SIN TIPO DE SOCIEDAD,FRACCION VII,2025,10,01/01/2026
MAN970902V57,MUNICIPIO DE ANGOSTURA SIN TIPO DE SOCIEDAD,FRACCION VII,2025,11,01/01/2026
MIX850101S8A,MUNICIPIO DE IXCATEPEC SIN TIPO DE SOCIEDAD,FRACCION VII,2025,8,01/01/2026
MIX850101S8A,MUNICIPIO DE IXCATEPEC SIN TIPO DE SOCIEDAD,FRACCION VII,2025,9,01/01/2026
MIX850101S8A,MUNICIPIO DE IXCATEPEC SIN TIPO DE SOCIEDAD,FRACCION VII,2025,10,01/01/2026
MIX850101S8A,MUNICIPIO DE IXCATEPEC SIN TIPO DE SOCIEDAD,FRACCION VII,2025,11,01/01/2026
MTM850101N93,MUNICIPIO DE TZITZIO MICHOACAN SIN TIPO DE SOCIEDAD,FRACCION VII,2025,9,01/01/2026
MTM850101N93,MUNICIPIO DE TZITZIO MICHOACAN SIN TIPO DE SOCIEDAD,FRACCION VII,2025,10,01/01/2026
MTM850101N93,MUNICIPIO DE TZITZIO MICHOACAN SIN TIPO DE SOCIEDAD,FRACCION VII,2025,11,01/01/2026
MDG850101BK0,MUNICIPIO DE DONATO GUERRA SIN TIPO DE SOCIEDAD,FRACCION VII,2025,9,01/01/2026
MDG850101BK0,MUNICIPIO DE DONATO GUERRA SIN TIPO DE SOCIEDAD,FRACCION VII,2025,10,01/01/2026
MDG850101BK0,MUNICIPIO DE DONATO GUERRA SIN TIPO DE SOCIEDAD,FRACCION VII,2025,11,01/01/2026
MCI681030N26,MUNICIPIO DE CHICONCUAC SIN TIPO DE SOCIEDAD,FRACCION VII,2025,11,01/01/2026
ITS030704M68,INSTITUTO TECNOLOGICO SUPERIOR DE SAN LUIS POTOSI CAPITAL SIN TIPO DE SOCIEDAD,FRACCION VII,2025,9,01/01/2026
ITS030704M68,INSTITUTO TECNOLOGICO SUPERIOR DE SAN LUIS POTOSI CAPITAL SIN TIPO DE SOCIEDAD,FRACCION VII,2025,10,01/01/2026
MBC920101CTA,MUNICIPIO DE BERRIOZABAL SIN TIPO DE SOCIEDAD,FRACCION VII,2025,10,01/01/2026
MBC920101CTA,MUNICIPIO DE BERRIOZABAL SIN TIPO DE SOCIEDAD,FRACCION VII,2025,11,01/01/2026
MMO850101JE8,MUNICIPIO DE MONJAS SIN TIPO DE SOCIEDAD,FRACCION VII,2025,9,01/01/2026
MMO850101JE8,MUNICIPIO DE MONJAS SIN TIPO DE SOCIEDAD,FRACCION VII,2025,10,01/01/2026
MMO850101JE8,MUNICIPIO DE MONJAS SIN TIPO DE SOCIEDAD,FRACCION VII,2025,11,01/01/2026
MSH850101PQ8,MUNICIPIO SANTIAGO HUAUCLILLA SIN TIPO DE SOCIEDAD,FRACCION VII,2024,12,01/01/2026
MZM850101GC7,MUNICIPIO DE ZACAZONAPAN SIN TIPO DE SOCIEDAD,FRACCION VII,2025,9,01/01/2026
MZM850101GC7,MUNICIPIO DE ZACAZONAPAN SIN TIPO DE SOCIEDAD,FRACCION VII,2025,10,01/01/2026
MZM850101GC7,MUNICIPIO DE ZACAZONAPAN SIN TIPO DE SOCIEDAD,FRACCION VII,2025,11,01/01/2026
MVA8501014HA,MUNICIPIO DE VILLA DE ALVAREZ COL SIN TIPO DE SOCIEDAD,FRACCION VII,2025,11,01/01/2026
MFB850101193,MUNICIPIO DE BENITO JUAREZ SIN TIPO DE SOCIEDAD,FRACCION VII,2025,9,01/01/2026
MFB850101193,MUNICIPIO DE BENITO JUAREZ SIN TIPO DE SOCIEDAD,FRACCION VII,2025,10,01/01/2026
MAT8501015S3,MUNICIPIO DE ANIMAS TRUJANO SIN TIPO DE SOCIEDAD,FRACCION VII,2025,9,01/01/2026
MAT8501015S3,MUNICIPIO DE ANIMAS TRUJANO SIN TIPO DE SOCIEDAD,FRACCION VII,2025,10,01/01/2026
MAT8501015S3,MUNICIPIO DE ANIMAS TRUJANO SIN TIPO DE SOCIEDAD,FRACCION VII,2025,11,01/01/2026
MSL951003897,MUNICIPIO DE SAN LUCAS TECOPILCO TLAX SIN TIPO DE SOCIEDAD,FRACCION VII,2025,9,01/01/2026
MSL951003897,MUNICIPIO DE SAN LUCAS TECOPILCO TLAX SIN TIPO DE SOCIEDAD,FRACCION VII,2025,10,01/01/2026
MSL951003897,MUNICIPIO DE SAN LUCAS TECOPILCO TLAX SIN TIPO DE SOCIEDAD,FRACCION VII,2025,11,01/01/2026
MSA990728414,MUNICIPIO DE SAN ANDRES DURAZNAL SIN TIPO DE SOCIEDAD,FRACCION VII,2025,8,01/01/2026
MSA990728414,MUNICIPIO DE SAN ANDRES DURAZNAL SIN TIPO DE SOCIEDAD,FRACCION VII,2025,9,01/01/2026
MXT850101RL5,MUNICIPIO DE XOCHITLAN TODOS SANTOS PUEBLA SIN TIPO DE SOCIEDAD,FRACCION VII,2025,11,01/01/2026
MIP850101PX3,MUNICIPIO DE IXTEPEC PUEBLA SIN TIPO DE SOCIEDAD,FRACCION VII,2025,9,01/01/2026
MIP850101PX3,MUNICIPIO DE IXTEPEC PUEBLA SIN TIPO DE SOCIEDAD,FRACCION VII,2025,10,01/01/2026
MIP850101PX3,MUNICIPIO DE IXTEPEC PUEBLA SIN TIPO DE SOCIEDAD,FRACCION VII,2025,11,01/01/2026
MTF850101SW7,MUNICIPIO DE TEOTITLAN DE FLORES MAGON SIN TIPO DE SOCIEDAD,FRACCION VII,2025,10,01/01/2026
MTF850101SW7,MUNICIPIO DE TEOTITLAN DE FLORES MAGON SIN TIPO DE SOCIEDAD,FRACCION VII,2025,11,01/01/2026
MSS850101QL7,MUNICIPIO SAN SEBASTIAN IXCAPA SIN TIPO DE SOCIEDAD,FRACCION VII,2025,9,01/01/2026
MSS850101QL7,MUNICIPIO SAN SEBASTIAN IXCAPA SIN TIPO DE SOCIEDAD,FRACCION VII,2025,10,01/01/2026
MSS850101QL7,MUNICIPIO SAN SEBASTIAN IXCAPA SIN TIPO DE SOCIEDAD,FRACCION VII,2025,11,01/01/2026
MSY850101EE0,MUNICIPIO DE SUDZAL SIN TIPO DE SOCIEDAD,FRACCION VII,2025,11,01/01/2026
MTB850101EX2,MUNICIPIO DE TIERRA BLANCA GUANAJUATO SIN TIPO DE SOCIEDAD,FRACCION VII,2025,10,01/01/2026
MTB850101EX2,MUNICIPIO DE TIERRA BLANCA GUANAJUATO SIN TIPO DE SOCIEDAD,FRACCION VII,2025,11,01/01/2026
MLM850101HD2,MUNICIPIO DE LUIS MOYA Z SIN TIPO DE SOCIEDAD,FRACCION VII,2025,9,01/01/2026
MLM850101HD2,MUNICIPIO DE LUIS MOYA Z SIN TIPO DE SOCIEDAD,FRACCION VII,2025,10,01/01/2026
MLM850101HD2,MUNICIPIO DE LUIS MOYA Z SIN TIPO DE SOCIEDAD,FRACCION VII,2025,11,01/01/2026
MTY850101D17,MUNICIPIO DE TIZIMIN SIN TIPO DE SOCIEDAD,FRACCION VII,2025,8,01/01/2026
MTY850101D17,MUNICIPIO DE TIZIMIN SIN TIPO DE SOCIEDAD,FRACCION VII,2025,9,01/01/2026
MTY850101D17,MUNICIPIO DE TIZIMIN SIN TIPO DE SOCIEDAD,FRACCION VII,2025,10,01/01/2026
MTY850101D17,MUNICIPIO DE TIZIMIN SIN TIPO DE SOCIEDAD,FRACCION VII,2025,11,01/01/2026
CEC910820IX9,COLEGIO DE ESTUDIOS CIENTIFICOS Y TECNOLOGICOS DEL ESTADO DE SAN LUIS POTOSI SIN TIPO DE SOCIEDAD,FRACCION VII,2025,9,01/01/2026
CEC910820IX9,COLEGIO DE ESTUDIOS CIENTIFICOS Y TECNOLOGICOS DEL ESTADO DE SAN LUIS POTOSI SIN TIPO DE SOCIEDAD,FRACCION VII,2025,10,01/01/2026
CEC910820IX9,COLEGIO DE ESTUDIOS CIENTIFICOS Y TECNOLOGICOS DEL ESTADO DE SAN LUIS POTOSI SIN TIPO DE SOCIEDAD,FRACCION VII,2025,11,01/01/2026
MTV850101M1A,MUNICIPIO DE TEKAL DE VENEGAS SIN TIPO DE SOCIEDAD,FRACCION VII,2025,9,01/01/2026
MTV850101M1A,MUNICIPIO DE TEKAL DE VENEGAS SIN TIPO DE SOCIEDAD,FRACCION VII,2025,10,01/01/2026
MTV850101M1A,MUNICIPIO DE TEKAL DE VENEGAS SIN TIPO DE SOCIEDAD,FRACCION VII,2025,11,01/01/2026
MCA850101CL0,MUNICIPIO DE CHARAPAN SIN TIPO DE SOCIEDAD,FRACCION VII,2025,9,01/01/2026
MCA850101CL0,MUNICIPIO DE CHARAPAN SIN TIPO DE SOCIEDAD,FRACCION VII,2025,10,01/01/2026
MCA850101CL0,MUNICIPIO DE CHARAPAN SIN TIPO DE SOCIEDAD,FRACCION VII,2025,11,01/01/2026
MJP850101S23,MUNICIPIO DE JOPALA PUEBLA SIN TIPO DE SOCIEDAD,FRACCION VII,2025,11,01/01/2026
MVC8501018H0,MUNICIPIO DE VILLA DE CHILAPA DE DIAZ SIN TIPO DE SOCIEDAD,FRACCION VII,2025,9,01/01/2026
MVC8501018H0,MUNICIPIO DE VILLA DE CHILAPA DE DIAZ SIN TIPO DE SOCIEDAD,FRACCION VII,2025,10,01/01/2026
MXP8501017Y3,MUNICIPIO DE XIUTETELCO PUEBLA SIN TIPO DE SOCIEDAD,FRACCION VII,2025,9,01/01/2026
MXP8501017Y3,MUNICIPIO DE XIUTETELCO PUEBLA SIN TIPO DE SOCIEDAD,FRACCION VII,2025,10,01/01/2026
MXP8501017Y3,MUNICIPIO DE XIUTETELCO PUEBLA SIN TIPO DE SOCIEDAD,FRACCION VII,2025,11,01/01/2026
MHC8501011F3,MUNICIPIO DE HUEHUETAN CHIAPAS SIN TIPO DE SOCIEDAD,FRACCION VII,2025,10,01/01/2026
MAV8501013G4,MUNICIPIO DE AQUILA VER SIN TIPO DE SOCIEDAD,FRACCION VII,2024,9,01/01/2026
MSS850101RW2,MUNICIPIO DE SAN SEBASTIAN TLACOTEPEC PUEBLA SIN TIPO DE SOCIEDAD,FRACCION VII,2025,11,01/01/2026
MDA530101R63,MUNICIPIO DE DR ARROYO NL SIN TIPO DE SOCIEDAD,FRACCION VII,2025,2,01/04/2025
MDA530101R63,MUNICIPIO DE DR ARROYO NL SIN TIPO DE SOCIEDAD,FRACCION VII,2025,3,01/07/2025
MDA530101R63,MUNICIPIO DE DR ARROYO NL SIN TIPO DE SOCIEDAD,FRACCION VII,2025,4,01/07/2025
MDA530101R63,MUNICIPIO DE DR ARROYO NL SIN TIPO DE SOCIEDAD,FRACCION VII,2025,9,01/01/2026
MDA530101R63,MUNICIPIO DE DR ARROYO NL SIN TIPO DE SOCIEDAD,FRACCION VII,2025,10,01/01/2026
MAA910101460,MUNICIPIO DE ALMOLOYA DE ALQUISIRAS SIN TIPO DE SOCIEDAD,FRACCION VII,2025,10,01/01/2026
MUY850101HH7,MUNICIPIO DE UMAN SIN TIPO DE SOCIEDAD,FRACCION VII,2025,11,01/01/2026
UTM150602EW2,UNIVERSIDAD TECNOLOGICA DEL MAR DEL ESTADO DE GUERRERO SIN TIPO DE SOCIEDAD,FRACCION VII,2025,9,01/01/2026
UTM150602EW2,UNIVERSIDAD TECNOLOGICA DEL MAR DEL ESTADO DE GUERRERO SIN TIPO DE SOCIEDAD,FRACCION VII,2025,10,01/01/2026
UTM150602EW2,UNIVERSIDAD TECNOLOGICA DEL MAR DEL ESTADO DE GUERRERO SIN TIPO DE SOCIEDAD,FRACCION VII,2025,11,01/01/2026
MLT850101G65,MUNICIPIO DE LERDO DE TEJADA VER SIN TIPO DE SOCIEDAD,FRACCION VII,2025,6,01/01/2026
MLT850101G65,MUNICIPIO DE LERDO DE TEJADA VER SIN TIPO DE SOCIEDAD,FRACCION VII,2025,7,01/01/2026
MLT850101G65,MUNICIPIO DE LERDO DE TEJADA VER SIN TIPO DE SOCIEDAD,FRACCION VII,2025,8,01/01/2026
MLT850101G65,MUNICIPIO DE LERDO DE TEJADA VER SIN TIPO DE SOCIEDAD,FRACCION VII,2025,9,01/01/2026
MLT850101G65,MUNICIPIO DE LERDO DE TEJADA VER SIN TIPO DE SOCIEDAD,FRACCION VII,2025,10,01/01/2026
MLT850101G65,MUNICIPIO DE LERDO DE TEJADA VER SIN TIPO DE SOCIEDAD,FRACCION VII,2025,11,01/01/2026
MAS850101335,MUNICIPIO DE AHUALULCO SLP SIN TIPO DE SOCIEDAD,FRACCION VII,2025,11,01/01/2026
MLA920130IA8,MUNICIPIO DE EL LLANO AGS SIN TIPO DE SOCIEDAD,FRACCION VII,2025,11,01/01/2026
IEE040322F23,INSTITUTO ESTATAL PARA LA EDUCACION DE JOVENES Y ADULTOS DE GUERRERO SIN TIPO DE SOCIEDAD,FRACCION VII,2025,9,01/01/2026
MSP850101SI4,MUNICIPIO DE SAN PEDRO POCHUTLA SIN TIPO DE SOCIEDAD,FRACCION VII,2025,10,01/01/2026
MSP850101SI4,MUNICIPIO DE SAN PEDRO POCHUTLA SIN TIPO DE SOCIEDAD,FRACCION VII,2025,11,01/01/2026
MBY8501014E8,MUNICIPIO DE BOKOBA SIN TIPO DE SOCIEDAD,FRACCION VII,2025,11,01/01/2026
MTM850101PP4,MUNICIPIO DE TLACOLULA DE MATAMOROS SIN TIPO DE SOCIEDAD,FRACCION VII,2025,9,01/01/2026
MGU850101GJ2,MUNICIPIO DE GUERRERO SIN TIPO DE SOCIEDAD,FRACCION VII,2025,8,01/01/2026
MGU850101GJ2,MUNICIPIO DE GUERRERO SIN TIPO DE SOCIEDAD,FRACCION VII,2025,9,01/01/2026
MGU850101GJ2,MUNICIPIO DE GUERRERO SIN TIPO DE SOCIEDAD,FRACCION VII,2025,10,01/01/2026
MGU850101GJ2,MUNICIPIO DE GUERRERO SIN TIPO DE SOCIEDAD,FRACCION VII,2025,11,01/01/2026
MMY850101TB2,MUNICIPIO DE MANI SIN TIPO DE SOCIEDAD,FRACCION VII,2025,9,01/01/2026
MCS8501011I3,MUNICIPIO DE COXCATLAN SLP SIN TIPO DE SOCIEDAD,FRACCION VII,2025,9,01/01/2026
MCS8501011I3,MUNICIPIO DE COXCATLAN SLP SIN TIPO DE SOCIEDAD,FRACCION VII,2025,10,01/01/2026
MCS8501011I3,MUNICIPIO DE COXCATLAN SLP SIN TIPO DE SOCIEDAD,FRACCION VII,2025,11,01/01/2026
MCY850101AK0,MUNICIPIO DE CHIKINDZONOT SIN TIPO DE SOCIEDAD,FRACCION VII,2025,11,01/01/2026
MSJ850101G57,MUNICIPIO DE SAN JUAN BAUTISTA TUXTEPEC SIN TIPO DE SOCIEDAD,FRACCION VII,2024,12,01/01/2026
MVG850101KC0,MUNICIPIO DE VICENTE GUERRERO PUEBLA SIN TIPO DE SOCIEDAD,FRACCION VII,2025,9,01/01/2026
MVG850101KC0,MUNICIPIO DE VICENTE GUERRERO PUEBLA SIN TIPO DE SOCIEDAD,FRACCION VII,2025,10,01/01/2026
MMN8501015Y6,MUNICIPIO DE MIER Y NORIEGA NL SIN TIPO DE SOCIEDAD,FRACCION VII,2025,9,01/01/2026
MMN8501015Y6,MUNICIPIO DE MIER Y NORIEGA NL SIN TIPO DE SOCIEDAD,FRACCION VII,2025,10,01/01/2026
MMN8501015Y6,MUNICIPIO DE MIER Y NORIEGA NL SIN TIPO DE SOCIEDAD,FRACCION VII,2025,11,01/01/2026
MIM850101R9A,MUNICIPIO DE IXTLAN MICHOACAN SIN TIPO DE SOCIEDAD,FRACCION VII,2025,10,01/01/2026
MIM850101R9A,MUNICIPIO DE IXTLAN MICHOACAN SIN TIPO DE SOCIEDAD,FRACCION VII,2025,11,01/01/2026
MSM850101PR0,MUNICIPIO DE SANTA MARIA DEL ORO JALISCO SIN TIPO DE SOCIEDAD,FRACCION VII,2025,11,01/01/2026
MJM7401023F9,MUNICIPIO DE JALPA DE MENDEZ SIN TIPO DE SOCIEDAD,FRACCION VII,2025,11,01/01/2026
MIP850101154,MUNICIPIO DE IXTACAMAXTITLAN PUEBLA SIN TIPO DE SOCIEDAD,FRACCION VII,2025,11,01/01/2026
MSJ950811K8A,MUNICIPIO DE SAN JUAN HUACTZINCO TLAX SIN TIPO DE SOCIEDAD,FRACCION VII,2025,11,01/01/2026
MAM850101UI5,MUNICIPIO DE ANGANGUEO MICHOACAN SIN TIPO DE SOCIEDAD,FRACCION VII,2025,9,01/01/2026
MAM850101UI5,MUNICIPIO DE ANGANGUEO MICHOACAN SIN TIPO DE SOCIEDAD,FRACCION VII,2025,10,01/01/2026
MAM850101UI5,MUNICIPIO DE ANGANGUEO MICHOACAN SIN TIPO DE SOCIEDAD,FRACCION VII,2025,11,01/01/2026
MSJ8501018X6,MUNICIPIO DE SAN JUAN DE SABINAS COAHUILA SIN TIPO DE SOCIEDAD,FRACCION VII,2025,11,01/01/2026
MMO9801015R0,MUNICIPIO DE MOCORITO SIN TIPO DE SOCIEDAD,FRACCION VII,2025,9,01/01/2026
MMO9801015R0,MUNICIPIO DE MOCORITO SIN TIPO DE SOCIEDAD,FRACCION VII,2025,10,01/01/2026
MMO9801015R0,MUNICIPIO DE MOCORITO SIN TIPO DE SOCIEDAD,FRACCION VII,2025,11,01/01/2026
MSY860201B36,MUNICIPIO DE SAMAHIL SIN TIPO DE SOCIEDAD,FRACCION VII,2025,9,01/01/2026
MSY860201B36,MUNICIPIO DE SAMAHIL SIN TIPO DE SOCIEDAD,FRACCION VII,2025,10,01/01/2026
MSY860201B36,MUNICIPIO DE SAMAHIL SIN TIPO DE SOCIEDAD,FRACCION VII,2025,11,01/01/2026
MVJ850101MU3,MUNICIPIO DE VILLA JUAREZ SLP SIN TIPO DE SOCIEDAD,FRACCION VII,2025,11,01/01/2026
MAR670110HR1,MUNICIPIO DE AMATLAN DE LOS REYES VER SIN TIPO DE SOCIEDAD,FRACCION VII,2025,10,01/01/2026
MAR670110HR1,MUNICIPIO DE AMATLAN DE LOS REYES VER SIN TIPO DE SOCIEDAD,FRACCION VII,2025,11,01/01/2026
MCG850101279,MUNICIPIO DE CUALAC GUERRERO SIN TIPO DE SOCIEDAD,FRACCION VII,2025,7,01/01/2026
MCG850101279,MUNICIPIO DE CUALAC GUERRERO SIN TIPO DE SOCIEDAD,FRACCION VII,2025,8,01/01/2026
MCG850101279,MUNICIPIO DE CUALAC GUERRERO SIN TIPO DE SOCIEDAD,FRACCION VII,2025,9,01/01/2026
MCG850101279,MUNICIPIO DE CUALAC GUERRERO SIN TIPO DE SOCIEDAD,FRACCION VII,2025,10,01/01/2026
MCG850101279,MUNICIPIO DE CUALAC GUERRERO SIN TIPO DE SOCIEDAD,FRACCION VII,2025,11,01/01/2026
MSY8501013Y2,MUNICIPIO DE SOTUTA SIN TIPO DE SOCIEDAD,FRACCION VII,2025,9,01/01/2026
MSY8501013Y2,MUNICIPIO DE SOTUTA SIN TIPO DE SOCIEDAD,FRACCION VII,2025,10,01/01/2026
MSY8501013Y2,MUNICIPIO DE SOTUTA SIN TIPO DE SOCIEDAD,FRACCION VII,2025,11,01/01/2026
MSB860201AM2,MUNICIPIO DE SAN BLAS NAY SIN TIPO DE SOCIEDAD,FRACCION VII,2025,9,01/01/2026
MSB860201AM2,MUNICIPIO DE SAN BLAS NAY SIN TIPO DE SOCIEDAD,FRACCION VII,2025,10,01/01/2026
MSB860201AM2,MUNICIPIO DE SAN BLAS NAY SIN TIPO DE SOCIEDAD,FRACCION VII,2025,11,01/01/2026
MSM850101GP1,MUNICIPIO DE SANTA MARIA JALAPA DEL MARQUES SIN TIPO DE SOCIEDAD,FRACCION VII,2025,8,01/01/2026
MSM850101GP1,MUNICIPIO DE SANTA MARIA JALAPA DEL MARQUES SIN TIPO DE SOCIEDAD,FRACCION VII,2025,9,01/01/2026
MSM850101GP1,MUNICIPIO DE SANTA MARIA JALAPA DEL MARQUES SIN TIPO DE SOCIEDAD,FRACCION VII,2025,10,01/01/2026
MSM850101GP1,MUNICIPIO DE SANTA MARIA JALAPA DEL MARQUES SIN TIPO DE SOCIEDAD,FRACCION VII,2025,11,01/01/2026
MSP850101QQ3,MUNICIPIO VILLA DE TUTUTEPEC SIN TIPO DE SOCIEDAD,FRACCION VII,2025,10,01/01/2026
MTV920101ST1,MUNICIPIO DE TENAMPA VER SIN TIPO DE SOCIEDAD,FRACCION VII,2025,10,01/01/2026
MTV920101ST1,MUNICIPIO DE TENAMPA VER SIN TIPO DE SOCIEDAD,FRACCION VII,2025,11,01/01/2026
UTM2005147Q4,UNIVERSIDAD TECNOLOGICA DE MAZATAN SIN TIPO DE SOCIEDAD,FRACCION VII,2025,11,01/01/2026
MSA850101IQ3,MUNICIPIO DE SAN ANTONIO NANAHUATIPAM SIN TIPO DE SOCIEDAD,FRACCION VII,2025,11,01/01/2026
CBE851225AQ2,COLEGIO DE BACHILLERES DEL ESTADO DE CHIHUAHUA SIN TIPO DE SOCIEDAD,FRACCION VII,2025,11,01/01/2026
MOY850101PU7,MUNICIPIO DE OPICHEN SIN TIPO DE SOCIEDAD,FRACCION VII,2025,11,01/01/2026
MPQ850101QQ4,MUNICIPIO DE PEÑAMILLER QRO SIN TIPO DE SOCIEDAD,FRACCION VII,2025,7,01/01/2026
MPQ850101QQ4,MUNICIPIO DE PEÑAMILLER QRO SIN TIPO DE SOCIEDAD,FRACCION VII,2025,8,01/01/2026
MPQ850101QQ4,MUNICIPIO DE PEÑAMILLER QRO SIN TIPO DE SOCIEDAD,FRACCION VII,2025,9,01/01/2026
MNV850101AB4,MUNICIPIO DE NAOLINCO VER SIN TIPO DE SOCIEDAD,FRACCION VII,2025,9,01/01/2026
MNV850101AB4,MUNICIPIO DE NAOLINCO VER SIN TIPO DE SOCIEDAD,FRACCION VII,2025,10,01/01/2026
MNV850101AB4,MUNICIPIO DE NAOLINCO VER SIN TIPO DE SOCIEDAD,FRACCION VII,2025,11,01/01/2026
MAM850101IE8,MUNICIPIO DE ANGAMACUTIRO MICHOACAN SIN TIPO DE SOCIEDAD,FRACCION VII,2025,9,01/01/2026
MAM850101IE8,MUNICIPIO DE ANGAMACUTIRO MICHOACAN SIN TIPO DE SOCIEDAD,FRACCION VII,2025,10,01/01/2026
MAM850101IE8,MUNICIPIO DE ANGAMACUTIRO MICHOACAN SIN TIPO DE SOCIEDAD,FRACCION VII,2025,11,01/01/2026
MLC850101NF3,MUNICIPIO DE LAZARO CARDENAS MICHOACAN SIN TIPO DE SOCIEDAD,FRACCION VII,2025,11,01/01/2026
MHG850101DL3,MUNICIPIO DE HUEHUETLAN EL GRANDE SIN TIPO DE SOCIEDAD,FRACCION VII,2025,9,01/01/2026
MHG850101DL3,MUNICIPIO DE HUEHUETLAN EL GRANDE SIN TIPO DE SOCIEDAD,FRACCION VII,2025,10,01/01/2026
MHG850101DL3,MUNICIPIO DE HUEHUETLAN EL GRANDE SIN TIPO DE SOCIEDAD,FRACCION VII,2025,11,01/01/2026
MTE85010134A,MUNICIPIO DE TEPETITLAN SIN TIPO DE SOCIEDAD,FRACCION VII,2025,11,01/01/2026
MAP850101PQ6,MUNICIPIO DE AJALPAN PUEBLA SIN TIPO DE SOCIEDAD,FRACCION VII,2025,11,01/01/2026
UTR040302FV9,UNIVERSIDAD TECNOLOGICA DE LA REGION NORTE DE GUERRERO SIN TIPO DE SOCIEDAD,FRACCION VII,2025,9,01/01/2026
UTR040302FV9,UNIVERSIDAD TECNOLOGICA DE LA REGION NORTE DE GUERRERO SIN TIPO DE SOCIEDAD,FRACCION VII,2025,11,01/01/2026
MBA6201018K1,MUNICIPIO DE BALLEZA SIN TIPO DE SOCIEDAD,FRACCION VII,2025,9,01/01/2026
MBA6201018K1,MUNICIPIO DE BALLEZA SIN TIPO DE SOCIEDAD,FRACCION VII,2025,10,01/01/2026
MBA6201018K1,MUNICIPIO DE BALLEZA SIN TIPO DE SOCIEDAD,FRACCION VII,2025,11,01/01/2026
MJV980907383,MUNICIPIO DE JALTIPAN VER SIN TIPO DE SOCIEDAD,FRACCION VII,2024,12,01/01/2026
MIM8501012Q8,MUNICIPIO DE IXTLAHUACAN DE LOS MEMBRILLOS JALISCO SIN TIPO DE SOCIEDAD,FRACCION VII,2025,11,01/01/2026
MTA8501016G6,MUNICIPIO DE TANCOCO SIN TIPO DE SOCIEDAD,FRACCION VII,2025,9,01/01/2026
MTA8501016G6,MUNICIPIO DE TANCOCO SIN TIPO DE SOCIEDAD,FRACCION VII,2025,10,01/01/2026
MCO850101MD1,MUNICIPIO DE CHAHUITES SIN TIPO DE SOCIEDAD,FRACCION VII,2025,9,01/01/2026
MCO850101MD1,MUNICIPIO DE CHAHUITES SIN TIPO DE SOCIEDAD,FRACCION VII,2025,10,01/01/2026
MSL850101BM1,MUNICIPIO DE SANTA LUCIA DEL CAMINO SIN TIPO DE SOCIEDAD,FRACCION VII,2025,9,01/01/2026
MSL850101BM1,MUNICIPIO DE SANTA LUCIA DEL CAMINO SIN TIPO DE SOCIEDAD,FRACCION VII,2025,10,01/01/2026
MSL850101BM1,MUNICIPIO DE SANTA LUCIA DEL CAMINO SIN TIPO DE SOCIEDAD,FRACCION VII,2025,11,01/01/2026
MCO850101PG5,MUNICIPIO DE COYUTLA SIN TIPO DE SOCIEDAD,FRACCION VII,2025,7,01/01/2026
MPY850101U77,MUNICIPIO DE PANABA SIN TIPO DE SOCIEDAD,FRACCION VII,2025,9,01/01/2026
MPY850101U77,MUNICIPIO DE PANABA SIN TIPO DE SOCIEDAD,FRACCION VII,2025,10,01/01/2026
MPY850101U77,MUNICIPIO DE PANABA SIN TIPO DE SOCIEDAD,FRACCION VII,2025,11,01/01/2026
MKY850101GU4,MUNICIPIO DE KOPOMA SIN TIPO DE SOCIEDAD,FRACCION VII,2025,11,01/01/2026
MAS410101PZ4,MUNICIPIO DE ARROYO SECO QUERETARO SIN TIPO DE SOCIEDAD,FRACCION VII,2025,9,01/01/2026
MAS410101PZ4,MUNICIPIO DE ARROYO SECO QUERETARO SIN TIPO DE SOCIEDAD,FRACCION VII,2025,10,01/01/2026
MAS410101PZ4,MUNICIPIO DE ARROYO SECO QUERETARO SIN TIPO DE SOCIEDAD,FRACCION VII,2025,11,01/01/2026
MMN74010184A,MUNICIPIO DE MINA NUEVO LEON SIN TIPO DE SOCIEDAD,FRACCION VII,2025,10,01/01/2026
MMN74010184A,MUNICIPIO DE MINA NUEVO LEON SIN TIPO DE SOCIEDAD,FRACCION VII,2025,11,01/01/2026
MMA871001T98,MUNICIPIO DE MATAMOROS SIN TIPO DE SOCIEDAD,FRACCION VII,2025,9,01/01/2026
MMA871001T98,MUNICIPIO DE MATAMOROS SIN TIPO DE SOCIEDAD,FRACCION VII,2025,10,01/01/2026
MMA871001T98,MUNICIPIO DE MATAMOROS SIN TIPO DE SOCIEDAD,FRACCION VII,2025,11,01/01/2026
MME8501018B3,MUNICIPIO DE MARIANO ESCOBEDO VER SIN TIPO DE SOCIEDAD,FRACCION VII,2025,10,01/01/2026
MME8501018B3,MUNICIPIO DE MARIANO ESCOBEDO VER SIN TIPO DE SOCIEDAD,FRACCION VII,2025,11,01/01/2026
MPY850101G86,MUNICIPIO DE PROGRESO SIN TIPO DE SOCIEDAD,FRACCION VII,2025,9,01/01/2026
MPY850101G86,MUNICIPIO DE PROGRESO SIN TIPO DE SOCIEDAD,FRACCION VII,2025,10,01/01/2026
MPY850101G86,MUNICIPIO DE PROGRESO SIN TIPO DE SOCIEDAD,FRACCION VII,2025,11,01/01/2026
MSY850101675,MUNICIPIO DE SANAHCAT SIN TIPO DE SOCIEDAD,FRACCION VII,2025,10,01/01/2026
MSY850101675,MUNICIPIO DE SANAHCAT SIN TIPO DE SOCIEDAD,FRACCION VII,2025,11,01/01/2026
MMC850101C94,MUNICIPIO DE MARCOS CASTELLANOS SIN TIPO DE SOCIEDAD,FRACCION VII,2025,9,01/01/2026
MMC850101C94,MUNICIPIO DE MARCOS CASTELLANOS SIN TIPO DE SOCIEDAD,FRACCION VII,2025,10,01/01/2026
MMC850101C94,MUNICIPIO DE MARCOS CASTELLANOS SIN TIPO DE SOCIEDAD,FRACCION VII,2025,11,01/01/2026
MSM850101NI7,MUNICIPIO DE SAN MATEO CAJONOS SIN TIPO DE SOCIEDAD,FRACCION VII,2021,4,01/01/2026
MJS9001015A5,MUNICIPIO JOSE SIXTO VERDUZCO MICHOACAN SIN TIPO DE SOCIEDAD,FRACCION VII,2025,10,01/01/2026
MNM850101MY9,MUNICIPIO DE NANACAMILPA DE MARIANO ARISTA TLAX SIN TIPO DE SOCIEDAD,FRACCION VII,2025,9,01/01/2026
MNM850101MY9,MUNICIPIO DE NANACAMILPA DE MARIANO ARISTA TLAX SIN TIPO DE SOCIEDAD,FRACCION VII,2025,10,01/01/2026
MNM850101MY9,MUNICIPIO DE NANACAMILPA DE MARIANO ARISTA TLAX SIN TIPO DE SOCIEDAD,FRACCION VII,2025,11,01/01/2026
MTC850101VC4,MUNICIPIO DE TONALA SIN TIPO DE SOCIEDAD,FRACCION VII,2025,5,01/07/2025
MTC850101VC4,MUNICIPIO DE TONALA SIN TIPO DE SOCIEDAD,FRACCION VII,2025,6,01/01/2026
MTC850101VC4,MUNICIPIO DE TONALA SIN TIPO DE SOCIEDAD,FRACCION VII,2025,7,01/01/2026
MMJ850101FGA,MUNICIPIO DE MAZAPILTEPEC DE JUAREZ PUE SIN TIPO DE SOCIEDAD,FRACCION VII,2025,9,01/01/2026
MSY850101IZA,MUNICIPIO DE SINANCHE SIN TIPO DE SOCIEDAD,FRACCION VII,2025,9,01/01/2026
MSY850101IZA,MUNICIPIO DE SINANCHE SIN TIPO DE SOCIEDAD,FRACCION VII,2025,10,01/01/2026
MSY850101IZA,MUNICIPIO DE SINANCHE SIN TIPO DE SOCIEDAD,FRACCION VII,2025,11,01/01/2026
SSC961129CH3,SERVICIOS DE SALUD DE COAHUILA DE ZARAGOZA SIN TIPO DE SOCIEDAD,FRACCION VII,2025,9,01/01/2026
SSC961129CH3,SERVICIOS DE SALUD DE COAHUILA DE ZARAGOZA SIN TIPO DE SOCIEDAD,FRACCION VII,2025,10,01/01/2026
SSC961129CH3,SERVICIOS DE SALUD DE COAHUILA DE ZARAGOZA SIN TIPO DE SOCIEDAD,FRACCION VII,2025,11,01/01/2026
MTD850101IM5,MUNICIPIO DE TENANGO DE DORIA SIN TIPO DE SOCIEDAD,FRACCION VII,2025,11,01/01/2026
MSY8501018N0,MUNICIPIO DE SUCILA SIN TIPO DE SOCIEDAD,FRACCION VII,2025,9,01/01/2026
MSY8501018N0,MUNICIPIO DE SUCILA SIN TIPO DE SOCIEDAD,FRACCION VII,2025,10,01/01/2026
MSY8501018N0,MUNICIPIO DE SUCILA SIN TIPO DE SOCIEDAD,FRACCION VII,2025,11,01/01/2026
MAV850101FA2,MUNICIPIO DE AMATENANGO DEL VALLE SIN TIPO DE SOCIEDAD,FRACCION VII,2025,9,01/01/2026
MAV850101FA2,MUNICIPIO DE AMATENANGO DEL VALLE SIN TIPO DE SOCIEDAD,FRACCION VII,2025,10,01/01/2026
MAV850101FA2,MUNICIPIO DE AMATENANGO DEL VALLE SIN TIPO DE SOCIEDAD,FRACCION VII,2025,11,01/01/2026
MMV980401KB0,MUNICIPIO DE MINATITLAN VER SIN TIPO DE SOCIEDAD,FRACCION VII,2025,11,01/01/2026
MHJ850101NE1,MUNICIPIO HUAUTLA DE JIMENEZ SIN TIPO DE SOCIEDAD,FRACCION VII,2025,9,01/01/2026
MHJ850101NE1,MUNICIPIO HUAUTLA DE JIMENEZ SIN TIPO DE SOCIEDAD,FRACCION VII,2025,10,01/01/2026
MHJ850101NE1,MUNICIPIO HUAUTLA DE JIMENEZ SIN TIPO DE SOCIEDAD,FRACCION VII,2025,11,01/01/2026
MND630915U24,MUNICIPIO DE NOMBRE DE DIOS SIN TIPO DE SOCIEDAD,FRACCION VII,2025,9,01/01/2026
MND630915U24,MUNICIPIO DE NOMBRE DE DIOS SIN TIPO DE SOCIEDAD,FRACCION VII,2025,10,01/01/2026
MND630915U24,MUNICIPIO DE NOMBRE DE DIOS SIN TIPO DE SOCIEDAD,FRACCION VII,2025,11,01/01/2026
UTP1107225G6,UNIVERSIDAD TECNOLOGICA DEL PONIENTE SIN TIPO DE SOCIEDAD,FRACCION VII,2025,11,01/01/2026
MOM850101K40,MUNICIPIO DE OTZOLOAPAN SIN TIPO DE SOCIEDAD,FRACCION VII,2025,9,01/01/2026
MOM850101K40,MUNICIPIO DE OTZOLOAPAN SIN TIPO DE SOCIEDAD,FRACCION VII,2025,10,01/01/2026
MOM850101K40,MUNICIPIO DE OTZOLOAPAN SIN TIPO DE SOCIEDAD,FRACCION VII,2025,11,01/01/2026
MMR8909159XA,MUNICIPIO DE MATIAS ROMERO AVENDAÑO SIN TIPO DE SOCIEDAD,FRACCION VII,2025,11,01/01/2026
MCM8501014K5,MUNICIPIO DE CHILCHOTA MICHOACAN SIN TIPO DE SOCIEDAD,FRACCION VII,2025,11,01/01/2026
MCB980406J9A,MUNICIPIO DE LOS CABOS SIN TIPO DE SOCIEDAD,FRACCION VII,2023,1,01/01/2026
MCB980406J9A,MUNICIPIO DE LOS CABOS SIN TIPO DE SOCIEDAD,FRACCION VII,2023,2,01/01/2026
MCB980406J9A,MUNICIPIO DE LOS CABOS SIN TIPO DE SOCIEDAD,FRACCION VII,2023,3,01/01/2026
MCB980406J9A,MUNICIPIO DE LOS CABOS SIN TIPO DE SOCIEDAD,FRACCION VII,2023,4,01/01/2026
MCB980406J9A,MUNICIPIO DE LOS CABOS SIN TIPO DE SOCIEDAD,FRACCION VII,2023,5,01/01/2026
MCB980406J9A,MUNICIPIO DE LOS CABOS SIN TIPO DE SOCIEDAD,FRACCION VII,2023,6,01/01/2026
MCB980406J9A,MUNICIPIO DE LOS CABOS SIN TIPO DE SOCIEDAD,FRACCION VII,2025,10,01/01/2026
MCB980406J9A,MUNICIPIO DE LOS CABOS SIN TIPO DE SOCIEDAD,FRACCION VII,2025,11,01/01/2026
MIL850101BI9,MUNICIPIO DE ILAMATLAN SIN TIPO DE SOCIEDAD,FRACCION VII,2025,9,01/01/2026
MIL850101BI9,MUNICIPIO DE ILAMATLAN SIN TIPO DE SOCIEDAD,FRACCION VII,2025,10,01/01/2026
MIL850101BI9,MUNICIPIO DE ILAMATLAN SIN TIPO DE SOCIEDAD,FRACCION VII,2025,11,01/01/2026
UTH981009NE1,UNIVERSIDAD TECNOLOGICA DE HERMOSILLO SONORA SIN TIPO DE SOCIEDAD,FRACCION VII,2025,11,01/01/2026
UTS101027LZA,UNIVERSIDAD TECNOLOGICA DE LA SIERRA SIN TIPO DE SOCIEDAD,FRACCION VII,2025,11,01/01/2026
MLP850101CN1,MUNICIPIO DE LAFRAGUA PUEBLA SIN TIPO DE SOCIEDAD,FRACCION VII,2025,9,01/01/2026
MLP850101CN1,MUNICIPIO DE LAFRAGUA PUEBLA SIN TIPO DE SOCIEDAD,FRACCION VII,2025,10,01/01/2026
MLP850101CN1,MUNICIPIO DE LAFRAGUA PUEBLA SIN TIPO DE SOCIEDAD,FRACCION VII,2025,11,01/01/2026
MJM850101EE9,MUNICIPIO DE JIQUILPAN MICHOACAN SIN TIPO DE SOCIEDAD,FRACCION VII,2025,10,01/01/2026
MGF8501018S1,MUNICIPIO GENERAL FELIPE ANGELES PUEBLA SIN TIPO DE SOCIEDAD,FRACCION VII,2025,7,01/01/2026
MGF8501018S1,MUNICIPIO GENERAL FELIPE ANGELES PUEBLA SIN TIPO DE SOCIEDAD,FRACCION VII,2025,8,01/01/2026
MGF8501018S1,MUNICIPIO GENERAL FELIPE ANGELES PUEBLA SIN TIPO DE SOCIEDAD,FRACCION VII,2025,9,01/01/2026
MGF8501018S1,MUNICIPIO GENERAL FELIPE ANGELES PUEBLA SIN TIPO DE SOCIEDAD,FRACCION VII,2025,10,01/01/2026
MGF8501018S1,MUNICIPIO GENERAL FELIPE ANGELES PUEBLA SIN TIPO DE SOCIEDAD,FRACCION VII,2025,11,01/01/2026
MOC850101CZ5,MUNICIPIO DE OCUILAN SIN TIPO DE SOCIEDAD,FRACCION VII,2025,9,01/01/2026
MOC850101CZ5,MUNICIPIO DE OCUILAN SIN TIPO DE SOCIEDAD,FRACCION VII,2025,10,01/01/2026
MOC850101CZ5,MUNICIPIO DE OCUILAN SIN TIPO DE SOCIEDAD,FRACCION VII,2025,11,01/01/2026
MCO980112TJ0,MUNICIPIO DE COSALA SIN TIPO DE SOCIEDAD,FRACCION VII,2025,9,01/01/2026
MCO980112TJ0,MUNICIPIO DE COSALA SIN TIPO DE SOCIEDAD,FRACCION VII,2025,10,01/01/2026
MCO980112TJ0,MUNICIPIO DE COSALA SIN TIPO DE SOCIEDAD,FRACCION VII,2025,11,01/01/2026
MJU630102DN0,MUNICIPIO DE JULIMES SIN TIPO DE SOCIEDAD,FRACCION VII,2025,9,01/01/2026
MPH850101UL5,MUNICIPIO DE PLUMA HIDALGO SIN TIPO DE SOCIEDAD,FRACCION VII,2025,10,01/01/2026
MTC850101IG5,MUNICIPIO DE TEOCUITATLAN DE CORONA JALISCO SIN TIPO DE SOCIEDAD,FRACCION VII,2025,10,01/01/2026
MTC850101IG5,MUNICIPIO DE TEOCUITATLAN DE CORONA JALISCO SIN TIPO DE SOCIEDAD,FRACCION VII,2025,11,01/01/2026
MCY850101DQA,MUNICIPIO DE CHACSINKIN SIN TIPO DE SOCIEDAD,FRACCION VII,2025,9,01/01/2026
MCY850101DQA,MUNICIPIO DE CHACSINKIN SIN TIPO DE SOCIEDAD,FRACCION VII,2025,10,01/01/2026
MCY850101DQA,MUNICIPIO DE CHACSINKIN SIN TIPO DE SOCIEDAD,FRACCION VII,2025,11,01/01/2026
MBJ961227K65,MUNICIPIO DE BENITO JUAREZ SIN TIPO DE SOCIEDAD,FRACCION VII,2025,9,01/01/2026
MBJ961227K65,MUNICIPIO DE BENITO JUAREZ SIN TIPO DE SOCIEDAD,FRACCION VII,2025,10,01/01/2026
MBJ961227K65,MUNICIPIO DE BENITO JUAREZ SIN TIPO DE SOCIEDAD,FRACCION VII,2025,11,01/01/2026
MNA8501016I2,MUNICIPIO DE NARANJOS AMATLAN SIN TIPO DE SOCIEDAD,FRACCION VII,2025,9,01/01/2026
MNA8501016I2,MUNICIPIO DE NARANJOS AMATLAN SIN TIPO DE SOCIEDAD,FRACCION VII,2025,10,01/01/2026
MNA8501016I2,MUNICIPIO DE NARANJOS AMATLAN SIN TIPO DE SOCIEDAD,FRACCION VII,2025,11,01/01/2026
MSP850101FU9,MUNICIPIO DE SAN PEDRO COMITANCILLO SIN TIPO DE SOCIEDAD,FRACCION VII,2025,1,01/01/2026
MSP850101FU9,MUNICIPIO DE SAN PEDRO COMITANCILLO SIN TIPO DE SOCIEDAD,FRACCION VII,2025,2,01/01/2026
MSP850101FU9,MUNICIPIO DE SAN PEDRO COMITANCILLO SIN TIPO DE SOCIEDAD,FRACCION VII,2025,3,01/01/2026
MSP850101FU9,MUNICIPIO DE SAN PEDRO COMITANCILLO SIN TIPO DE SOCIEDAD,FRACCION VII,2025,4,01/01/2026
MSP850101FU9,MUNICIPIO DE SAN PEDRO COMITANCILLO SIN TIPO DE SOCIEDAD,FRACCION VII,2025,5,01/01/2026
MSP850101FU9,MUNICIPIO DE SAN PEDRO COMITANCILLO SIN TIPO DE SOCIEDAD,FRACCION VII,2025,6,01/01/2026
MCP8501017D3,MUNICIPIO DE CHIETLA PUEBLA SIN TIPO DE SOCIEDAD,FRACCION VII,2025,1,01/07/2025
MCP8501017D3,MUNICIPIO DE CHIETLA PUEBLA SIN TIPO DE SOCIEDAD,FRACCION VII,2025,2,01/07/2025
MCP8501017D3,MUNICIPIO DE CHIETLA PUEBLA SIN TIPO DE SOCIEDAD,FRACCION VII,2025,3,01/07/2025
MCP8501017D3,MUNICIPIO DE CHIETLA PUEBLA SIN TIPO DE SOCIEDAD,FRACCION VII,2025,4,01/07/2025
MCP8501017D3,MUNICIPIO DE CHIETLA PUEBLA SIN TIPO DE SOCIEDAD,FRACCION VII,2025,5,01/07/2025
MCP8501017D3,MUNICIPIO DE CHIETLA PUEBLA SIN TIPO DE SOCIEDAD,FRACCION VII,2025,6,01/01/2026
MCP8501017D3,MUNICIPIO DE CHIETLA PUEBLA SIN TIPO DE SOCIEDAD,FRACCION VII,2025,7,01/01/2026
MCP8501017D3,MUNICIPIO DE CHIETLA PUEBLA SIN TIPO DE SOCIEDAD,FRACCION VII,2025,8,01/01/2026
MCP8501017D3,MUNICIPIO DE CHIETLA PUEBLA SIN TIPO DE SOCIEDAD,FRACCION VII,2025,9,01/01/2026
MCP8501017D3,MUNICIPIO DE CHIETLA PUEBLA SIN TIPO DE SOCIEDAD,FRACCION VII,2025,10,01/01/2026
MCP8501017D3,MUNICIPIO DE CHIETLA PUEBLA SIN TIPO DE SOCIEDAD,FRACCION VII,2025,11,01/01/2026
MMJ850101B85,MUNICIPIO DE MAGDALENA JALISCO SIN TIPO DE SOCIEDAD,FRACCION VII,2025,9,01/01/2026
MMJ850101B85,MUNICIPIO DE MAGDALENA JALISCO SIN TIPO DE SOCIEDAD,FRACCION VII,2025,10,01/01/2026
MMJ850101B85,MUNICIPIO DE MAGDALENA JALISCO SIN TIPO DE SOCIEDAD,FRACCION VII,2025,11,01/01/2026
MZM620201RB9,MUNICIPIO DE ZINAPECUARO MICHOACAN SIN TIPO DE SOCIEDAD,FRACCION VII,2025,11,01/01/2026
MTG850101JY1,MUNICIPIO DE TUZAMAPAN DE GALEANA SIN TIPO DE SOCIEDAD,FRACCION VII,2025,9,01/01/2026
MTG850101JY1,MUNICIPIO DE TUZAMAPAN DE GALEANA SIN TIPO DE SOCIEDAD,FRACCION VII,2025,10,01/01/2026
MTG850101JY1,MUNICIPIO DE TUZAMAPAN DE GALEANA SIN TIPO DE SOCIEDAD,FRACCION VII,2025,11,01/01/2026
MSG850101848,MUNICIPIO DE SOLEDAD DE GRACIANO SANCHEZ SLP SIN TIPO DE SOCIEDAD,FRACCION VII,2025,11,01/01/2026
MPC850101QV1,MUNICIPIO DE PARRAS COAHUILA SIN TIPO DE SOCIEDAD,FRACCION VII,2025,11,01/01/2026
AMS890920IB2,GRAL. PLUTARCO ELIAS CALLES SIN TIPO DE SOCIEDAD,FRACCION VII,2025,9,01/01/2026
AMS890920IB2,GRAL. PLUTARCO ELIAS CALLES SIN TIPO DE SOCIEDAD,FRACCION VII,2025,10,01/01/2026
AMS890920IB2,GRAL. PLUTARCO ELIAS CALLES SIN TIPO DE SOCIEDAD,FRACCION VII,2025,11,01/01/2026
HAM7201019B2,HONORABLE AYUNTAMIENTO DE MULEGE SIN TIPO DE SOCIEDAD,FRACCION VII,2025,9,01/01/2026
HAM7201019B2,HONORABLE AYUNTAMIENTO DE MULEGE SIN TIPO DE SOCIEDAD,FRACCION VII,2025,10,01/01/2026
HAM7201019B2,HONORABLE AYUNTAMIENTO DE MULEGE SIN TIPO DE SOCIEDAD,FRACCION VII,2025,11,01/01/2026
MCG850101A34,MUNICIPIO DE COPANDARO DE GALEANA MICH SIN TIPO DE SOCIEDAD,FRACCION VII,2025,10,01/01/2026
MCG850101A34,MUNICIPIO DE COPANDARO DE GALEANA MICH SIN TIPO DE SOCIEDAD,FRACCION VII,2025,11,01/01/2026
MCI850101PW8,MUNICIPIO DE CHINIPAS SIN TIPO DE SOCIEDAD,FRACCION VII,2025,9,01/01/2026
MNP850101QF5,MUNICIPIO DE NUEVO PARANGARICUTIRO MICHOACAN SIN TIPO DE SOCIEDAD,FRACCION VII,2025,11,01/01/2026
MZP930215CD1,MUNICIPIO DE ZIHUATEUTLA PUEBLA SIN TIPO DE SOCIEDAD,FRACCION VII,2025,9,01/01/2026
MZP930215CD1,MUNICIPIO DE ZIHUATEUTLA PUEBLA SIN TIPO DE SOCIEDAD,FRACCION VII,2025,10,01/01/2026
MZP930215CD1,MUNICIPIO DE ZIHUATEUTLA PUEBLA SIN TIPO DE SOCIEDAD,FRACCION VII,2025,11,01/01/2026
MSA8501011U2,MUNICIPIO DE SAN ANDRES CABECERA NUEVA SIN TIPO DE SOCIEDAD,FRACCION VII,2025,7,01/01/2026
MSA8501011U2,MUNICIPIO DE SAN ANDRES CABECERA NUEVA SIN TIPO DE SOCIEDAD,FRACCION VII,2025,8,01/01/2026
MSA8501011U2,MUNICIPIO DE SAN ANDRES CABECERA NUEVA SIN TIPO DE SOCIEDAD,FRACCION VII,2025,9,01/01/2026
MMS941202EE9,MUNICIPIO DE MATLAPA SLP SIN TIPO DE SOCIEDAD,FRACCION VII,2025,9,01/01/2026
MMS941202EE9,MUNICIPIO DE MATLAPA SLP SIN TIPO DE SOCIEDAD,FRACCION VII,2025,10,01/01/2026
MMS941202EE9,MUNICIPIO DE MATLAPA SLP SIN TIPO DE SOCIEDAD,FRACCION VII,2025,11,01/01/2026
MMN8501015D6,MUNICIPIO DE MONTEMORELOS NL SIN TIPO DE SOCIEDAD,FRACCION VII,2025,9,01/01/2026
MMN8501015D6,MUNICIPIO DE MONTEMORELOS NL SIN TIPO DE SOCIEDAD,FRACCION VII,2025,10,01/01/2026
MMN8501015D6,MUNICIPIO DE MONTEMORELOS NL SIN TIPO DE SOCIEDAD,FRACCION VII,2025,11,01/01/2026
MFU961008S93,MUNICIPIO DE EL FUERTE SIN TIPO DE SOCIEDAD,FRACCION VII,2025,3,01/07/2025
MFU961008S93,MUNICIPIO DE EL FUERTE SIN TIPO DE SOCIEDAD,FRACCION VII,2025,4,01/07/2025
MFU961008S93,MUNICIPIO DE EL FUERTE SIN TIPO DE SOCIEDAD,FRACCION VII,2025,5,01/07/2025
MFU961008S93,MUNICIPIO DE EL FUERTE SIN TIPO DE SOCIEDAD,FRACCION VII,2025,6,01/01/2026
MFU961008S93,MUNICIPIO DE EL FUERTE SIN TIPO DE SOCIEDAD,FRACCION VII,2025,7,01/01/2026
MFU961008S93,MUNICIPIO DE EL FUERTE SIN TIPO DE SOCIEDAD,FRACCION VII,2025,8,01/01/2026
MFU961008S93,MUNICIPIO DE EL FUERTE SIN TIPO DE SOCIEDAD,FRACCION VII,2025,9,01/01/2026
MFU961008S93,MUNICIPIO DE EL FUERTE SIN TIPO DE SOCIEDAD,FRACCION VII,2025,10,01/01/2026
MFU961008S93,MUNICIPIO DE EL FUERTE SIN TIPO DE SOCIEDAD,FRACCION VII,2025,11,01/01/2026
MTE760601V44,MUNICIPIO DE TEPALCINGO SIN TIPO DE SOCIEDAD,FRACCION VII,2025,11,01/01/2026
MYN850101M38,MUNICIPIO DE LA YESCA NAYARIT SIN TIPO DE SOCIEDAD,FRACCION VII,2025,1,01/04/2025
MTE850101SH5,MUNICIPIO DE TEJUPILCO SIN TIPO DE SOCIEDAD,FRACCION VII,2025,10,01/01/2026
MTE850101SH5,MUNICIPIO DE TEJUPILCO SIN TIPO DE SOCIEDAD,FRACCION VII,2025,11,01/01/2026
MCG850101CE9,MUNICIPIO DE COPANATOYAC GUERRERO SIN TIPO DE SOCIEDAD,FRACCION VII,2025,9,01/01/2026
MTV850101EF6,MUNICIPIO DE TEXHUACAN VER SIN TIPO DE SOCIEDAD,FRACCION VII,2025,11,01/01/2026
MSC850101K68,MUNICIPIO DE SANTA CRUZ ACATEPEC SIN TIPO DE SOCIEDAD,FRACCION VII,2025,9,01/01/2026
MSC850101K68,MUNICIPIO DE SANTA CRUZ ACATEPEC SIN TIPO DE SOCIEDAD,FRACCION VII,2025,10,01/01/2026
MSC850101K68,MUNICIPIO DE SANTA CRUZ ACATEPEC SIN TIPO DE SOCIEDAD,FRACCION VII,2025,11,01/01/2026
MCM8501012U0,MUNICIPIO DE CAÑADA MORELOS SIN TIPO DE SOCIEDAD,FRACCION VII,2025,11,01/01/2026
MTP930215QP7,MUNICIPIO DE TLATLAUQUITEPEC PUEBLA SIN TIPO DE SOCIEDAD,FRACCION VII,2025,10,01/01/2026
MTP930215QP7,MUNICIPIO DE TLATLAUQUITEPEC PUEBLA SIN TIPO DE SOCIEDAD,FRACCION VII,2025,11,01/01/2026
MSM8501011G0,MUNICIPIO DE SAN MARTIN TOXPALAN SIN TIPO DE SOCIEDAD,FRACCION VII,2025,11,01/01/2026
MCY8501012V0,MUNICIPIO DE CUZAMA SIN TIPO DE SOCIEDAD,FRACCION VII,2025,10,01/01/2026
MCY8501012V0,MUNICIPIO DE CUZAMA SIN TIPO DE SOCIEDAD,FRACCION VII,2025,11,01/01/2026
MTE751009KS6,MUNICIPIO DE TEMOSACHIC SIN TIPO DE SOCIEDAD,FRACCION VII,2025,10,01/01/2026
MTE751009KS6,MUNICIPIO DE TEMOSACHIC SIN TIPO DE SOCIEDAD,FRACCION VII,2025,11,01/01/2026
MCM850101SQ4,MUNICIPIO CONTEPEC SIN TIPO DE SOCIEDAD,FRACCION VII,2025,9,01/01/2026
MCM850101SQ4,MUNICIPIO CONTEPEC SIN TIPO DE SOCIEDAD,FRACCION VII,2025,10,01/01/2026
MCM850101SQ4,MUNICIPIO CONTEPEC SIN TIPO DE SOCIEDAD,FRACCION VII,2025,11,01/01/2026
MSD8501014YA,MUNICIPIO DE SANTO DOMINGO PETAPA SIN TIPO DE SOCIEDAD,FRACCION VII,2025,8,01/01/2026
MSD8501014YA,MUNICIPIO DE SANTO DOMINGO PETAPA SIN TIPO DE SOCIEDAD,FRACCION VII,2025,9,01/01/2026
MSD8501014YA,MUNICIPIO DE SANTO DOMINGO PETAPA SIN TIPO DE SOCIEDAD,FRACCION VII,2025,10,01/01/2026
MSD8501014YA,MUNICIPIO DE SANTO DOMINGO PETAPA SIN TIPO DE SOCIEDAD,FRACCION VII,2025,11,01/01/2026
MMY850101284,MUNICIPIO DE MUNA SIN TIPO DE SOCIEDAD,FRACCION VII,2025,9,01/01/2026
MMY850101284,MUNICIPIO DE MUNA SIN TIPO DE SOCIEDAD,FRACCION VII,2025,10,01/01/2026
MMY850101284,MUNICIPIO DE MUNA SIN TIPO DE SOCIEDAD,FRACCION VII,2025,11,01/01/2026
MTF850101SW7,MUNICIPIO DE TEOTITLAN DE FLORES MAGON SIN TIPO DE SOCIEDAD,FRACCION VII,2025,4,01/07/2025
MTF850101SW7,MUNICIPIO DE TEOTITLAN DE FLORES MAGON SIN TIPO DE SOCIEDAD,FRACCION VII,2025,5,01/07/2025
MTF850101SW7,MUNICIPIO DE TEOTITLAN DE FLORES MAGON SIN TIPO DE SOCIEDAD,FRACCION VII,2025,6,01/01/2026
MTF850101SW7,MUNICIPIO DE TEOTITLAN DE FLORES MAGON SIN TIPO DE SOCIEDAD,FRACCION VII,2025,7,01/01/2026
MTF850101SW7,MUNICIPIO DE TEOTITLAN DE FLORES MAGON SIN TIPO DE SOCIEDAD,FRACCION VII,2025,8,01/01/2026
MTF850101SW7,MUNICIPIO DE TEOTITLAN DE FLORES MAGON SIN TIPO DE SOCIEDAD,FRACCION VII,2025,9,01/01/2026
MTE7501023Z6,MUNICIPIO DE TETECALA SIN TIPO DE SOCIEDAD,FRACCION VII,2025,9,01/01/2026
MTE7501023Z6,MUNICIPIO DE TETECALA SIN TIPO DE SOCIEDAD,FRACCION VII,2025,10,01/01/2026
MTE7501023Z6,MUNICIPIO DE TETECALA SIN TIPO DE SOCIEDAD,FRACCION VII,2025,11,01/01/2026
MNO750115RY4,MUNICIPIO DE ASUNCION NOCHIXTLAN SIN TIPO DE SOCIEDAD,FRACCION VII,2025,9,01/01/2026
MNO750115RY4,MUNICIPIO DE ASUNCION NOCHIXTLAN SIN TIPO DE SOCIEDAD,FRACCION VII,2025,10,01/01/2026
MNO750115RY4,MUNICIPIO DE ASUNCION NOCHIXTLAN SIN TIPO DE SOCIEDAD,FRACCION VII,2025,11,01/01/2026
MSY960101246,MUNICIPIO DE SANTIAGO YAVEO SIN TIPO DE SOCIEDAD,FRACCION VII,2025,11,01/01/2026
MCM850101398,MUNICIPIO DE COAHUAYANA MICHOACAN DE OCAMPO SIN TIPO DE SOCIEDAD,FRACCION VII,2025,9,01/01/2026
MTP850101RWA,MUNICIPIO DE TELCHAC PUEBLO SIN TIPO DE SOCIEDAD,FRACCION VII,2025,10,01/01/2026
MTP850101RWA,MUNICIPIO DE TELCHAC PUEBLO SIN TIPO DE SOCIEDAD,FRACCION VII,2025,11,01/01/2026
MAC850101KK2,MUNICIPIO DE ARMERIA COLIMA SIN TIPO DE SOCIEDAD,FRACCION VII,2025,11,01/01/2026
ITS030912U81,INSTITUTO TECNOLOGICO SUPERIOR DE JEREZ ZAC SIN TIPO DE SOCIEDAD,FRACCION VII,2025,9,01/01/2026
ITS030912U81,INSTITUTO TECNOLOGICO SUPERIOR DE JEREZ ZAC SIN TIPO DE SOCIEDAD,FRACCION VII,2025,10,01/01/2026
ITS030912U81,INSTITUTO TECNOLOGICO SUPERIOR DE JEREZ ZAC SIN TIPO DE SOCIEDAD,FRACCION VII,2025,11,01/01/2026
MMA7410102X8,MUNICIPIO DE MATACHI SIN TIPO DE SOCIEDAD,FRACCION VII,2025,7,01/01/2026
MMA7410102X8,MUNICIPIO DE MATACHI SIN TIPO DE SOCIEDAD,FRACCION VII,2025,8,01/01/2026
MMA8501013DA,MUNICIPIO DE MIXTLA DE ALTAMIRANO VER SIN TIPO DE SOCIEDAD,FRACCION VII,2025,9,01/01/2026
ICT120921GZ0,INSTITUTO DE CAPACITACION PARA EL TRABAJO DEL ESTADO DE GUERRERO SIN TIPO DE SOCIEDAD,FRACCION VII,2025,11,01/01/2026
TMC6401019D1,TESORERIA MPAL CASTAÑOS SIN TIPO DE SOCIEDAD,FRACCION VII,2025,11,01/01/2026
MMC850101DS5,MUNICIPIO DE MINATITLAN COLIMA SIN TIPO DE SOCIEDAD,FRACCION VII,2025,9,01/01/2026
MMC850101DS5,MUNICIPIO DE MINATITLAN COLIMA SIN TIPO DE SOCIEDAD,FRACCION VII,2025,10,01/01/2026
MMC850101DS5,MUNICIPIO DE MINATITLAN COLIMA SIN TIPO DE SOCIEDAD,FRACCION VII,2025,11,01/01/2026
MSJ850101AV4,MUNICIPIO DE SAN JACINTO AMILPAS SIN TIPO DE SOCIEDAD,FRACCION VII,2025,9,01/01/2026
MSJ850101AV4,MUNICIPIO DE SAN JACINTO AMILPAS SIN TIPO DE SOCIEDAD,FRACCION VII,2025,10,01/01/2026
MSJ850101AV4,MUNICIPIO DE SAN JACINTO AMILPAS SIN TIPO DE SOCIEDAD,FRACCION VII,2025,11,01/01/2026
MQU850101AYA,MUNICIPIO DE QUITUPAN JALISCO SIN TIPO DE SOCIEDAD,FRACCION VII,2025,9,01/01/2026
MQU850101AYA,MUNICIPIO DE QUITUPAN JALISCO SIN TIPO DE SOCIEDAD,FRACCION VII,2025,10,01/01/2026
MQU850101AYA,MUNICIPIO DE QUITUPAN JALISCO SIN TIPO DE SOCIEDAD,FRACCION VII,2025,11,01/01/2026
UTG120828GW1,UNIVERSIDAD TECNOLOGICA DE GUAYMAS SIN TIPO DE SOCIEDAD,FRACCION VII,2025,11,01/01/2026
MTV000101EK9,MUNICIPIO DE TEPATLAXCO VER SIN TIPO DE SOCIEDAD,FRACCION VII,2025,10,01/01/2026
MTV000101EK9,MUNICIPIO DE TEPATLAXCO VER SIN TIPO DE SOCIEDAD,FRACCION VII,2025,11,01/01/2026
MMT620701DY6,MUNICIPIO DE EL MANTE TAMAULIPAS SIN TIPO DE SOCIEDAD,FRACCION VII,2025,9,01/01/2026
MMT620701DY6,MUNICIPIO DE EL MANTE TAMAULIPAS SIN TIPO DE SOCIEDAD,FRACCION VII,2025,10,01/01/2026
MMT620701DY6,MUNICIPIO DE EL MANTE TAMAULIPAS SIN TIPO DE SOCIEDAD,FRACCION VII,2025,11,01/01/2026
MIZ741002F72,MUNICIPIO DE IGNACIO ZARAGOZA SIN TIPO DE SOCIEDAD,FRACCION VII,2025,9,01/01/2026
MIZ741002F72,MUNICIPIO DE IGNACIO ZARAGOZA SIN TIPO DE SOCIEDAD,FRACCION VII,2025,10,01/01/2026
CEC970226F65,COMISION ESTATAL DE CONCILIACION Y ARBITRAJE MEDICO SIN TIPO DE SOCIEDAD,FRACCION VII,2025,9,01/01/2026
CEC970226F65,COMISION ESTATAL DE CONCILIACION Y ARBITRAJE MEDICO SIN TIPO DE SOCIEDAD,FRACCION VII,2025,10,01/01/2026
CEC970226F65,COMISION ESTATAL DE CONCILIACION Y ARBITRAJE MEDICO SIN TIPO DE SOCIEDAD,FRACCION VII,2025,11,01/01/2026
MIV430101EA2,MUNICIPIO DE IXMATLAHUACAN VERACRUZ SIN TIPO DE SOCIEDAD,FRACCION VII,2025,7,01/01/2026
MIV430101EA2,MUNICIPIO DE IXMATLAHUACAN VERACRUZ SIN TIPO DE SOCIEDAD,FRACCION VII,2025,8,01/01/2026
MIV430101EA2,MUNICIPIO DE IXMATLAHUACAN VERACRUZ SIN TIPO DE SOCIEDAD,FRACCION VII,2025,9,01/01/2026
MIV430101EA2,MUNICIPIO DE IXMATLAHUACAN VERACRUZ SIN TIPO DE SOCIEDAD,FRACCION VII,2025,10,01/01/2026
MIV430101EA2,MUNICIPIO DE IXMATLAHUACAN VERACRUZ SIN TIPO DE SOCIEDAD,FRACCION VII,2025,11,01/01/2026
TMC6401019D1,TESORERIA MPAL CASTAÑOS SIN TIPO DE SOCIEDAD,FRACCION VII,2025,10,01/01/2026
MYN850101M38,MUNICIPIO DE LA YESCA NAYARIT SIN TIPO DE SOCIEDAD,FRACCION VII,2025,2,01/04/2025
MYN850101M38,MUNICIPIO DE LA YESCA NAYARIT SIN TIPO DE SOCIEDAD,FRACCION VII,2025,3,01/07/2025
MYN850101M38,MUNICIPIO DE LA YESCA NAYARIT SIN TIPO DE SOCIEDAD,FRACCION VII,2025,4,01/07/2025
MYN850101M38,MUNICIPIO DE LA YESCA NAYARIT SIN TIPO DE SOCIEDAD,FRACCION VII,2025,5,01/07/2025
MYN850101M38,MUNICIPIO DE LA YESCA NAYARIT SIN TIPO DE SOCIEDAD,FRACCION VII,2025,6,01/01/2026
MYN850101M38,MUNICIPIO DE LA YESCA NAYARIT SIN TIPO DE SOCIEDAD,FRACCION VII,2025,7,01/01/2026
MYN850101M38,MUNICIPIO DE LA YESCA NAYARIT SIN TIPO DE SOCIEDAD,FRACCION VII,2025,8,01/01/2026
MPI850101BL0,MUNICIPIO DE PISAFLORES SIN TIPO DE SOCIEDAD,FRACCION VII,2025,11,01/01/2026
MNM850101TP3,MUNICIPIO DE NOCUPETARO MICH SIN TIPO DE SOCIEDAD,FRACCION VII,2025,9,01/01/2026
MNM850101TP3,MUNICIPIO DE NOCUPETARO MICH SIN TIPO DE SOCIEDAD,FRACCION VII,2025,10,01/01/2026
MNM850101TP3,MUNICIPIO DE NOCUPETARO MICH SIN TIPO DE SOCIEDAD,FRACCION VII,2025,11,01/01/2026
MCH850101RCA,MUNICIPIO DE CHALCATONGO DE HIDALGO SIN TIPO DE SOCIEDAD,FRACCION VII,2024,12,01/01/2026
MLM850101G68,MUNICIPIO DE LANDA DE MATAMOROS QRO SIN TIPO DE SOCIEDAD,FRACCION VII,2025,9,01/01/2026
MLM850101G68,MUNICIPIO DE LANDA DE MATAMOROS QRO SIN TIPO DE SOCIEDAD,FRACCION VII,2025,10,01/01/2026
MLM850101G68,MUNICIPIO DE LANDA DE MATAMOROS QRO SIN TIPO DE SOCIEDAD,FRACCION VII,2025,11,01/01/2026
MOR850101CH4,MUNICIPIO DE EL ORO SIN TIPO DE SOCIEDAD,FRACCION VII,2025,10,01/01/2026
MTE930215EY5,MUNICIPIO DE TECAMACHALCO SIN TIPO DE SOCIEDAD,FRACCION VII,2025,7,01/01/2026
MTE930215EY5,MUNICIPIO DE TECAMACHALCO SIN TIPO DE SOCIEDAD,FRACCION VII,2025,8,01/01/2026
MOP930215MX6,MUNICIPIO DE ORIENTAL PUEBLA SIN TIPO DE SOCIEDAD,FRACCION VII,2025,9,01/01/2026
MOP930215MX6,MUNICIPIO DE ORIENTAL PUEBLA SIN TIPO DE SOCIEDAD,FRACCION VII,2025,10,01/01/2026
MOP930215MX6,MUNICIPIO DE ORIENTAL PUEBLA SIN TIPO DE SOCIEDAD,FRACCION VII,2025,11,01/01/2026
MCY8501012V0,MUNICIPIO DE CUZAMA SIN TIPO DE SOCIEDAD,FRACCION VII,2025,9,01/01/2026
MMT8501017A2,MUNICIPIO DE MAGDALENA TLACOTEPEC SIN TIPO DE SOCIEDAD,FRACCION VII,2025,7,01/01/2026
MMT8501017A2,MUNICIPIO DE MAGDALENA TLACOTEPEC SIN TIPO DE SOCIEDAD,FRACCION VII,2025,8,01/01/2026
MMT8501017A2,MUNICIPIO DE MAGDALENA TLACOTEPEC SIN TIPO DE SOCIEDAD,FRACCION VII,2025,9,01/01/2026
MMT8501017A2,MUNICIPIO DE MAGDALENA TLACOTEPEC SIN TIPO DE SOCIEDAD,FRACCION VII,2025,10,01/01/2026
MMT8501017A2,MUNICIPIO DE MAGDALENA TLACOTEPEC SIN TIPO DE SOCIEDAD,FRACCION VII,2025,11,01/01/2026
MCA850101GP0,MUNICIPIO DE CALVILLO SIN TIPO DE SOCIEDAD,FRACCION VII,2025,10,01/01/2026
MCA850101GP0,MUNICIPIO DE CALVILLO SIN TIPO DE SOCIEDAD,FRACCION VII,2025,11,01/01/2026
MMY850101TB2,MUNICIPIO DE MANI SIN TIPO DE SOCIEDAD,FRACCION VII,2025,10,01/01/2026
MMY850101TB2,MUNICIPIO DE MANI SIN TIPO DE SOCIEDAD,FRACCION VII,2025,11,01/01/2026
SDI980310PG0,SISTEMA PARA EL DESARROLLO INTEGRAL DE LA FAMILIA DEL MUNICIPIO DE ACATIC JALISCO SIN TIPO DE SOCIEDAD,FRACCION VII,2025,11,01/01/2026
MFH8501018S3,MUNICIPIO DE FRONTERA HIDALGO CHIAPAS SIN TIPO DE SOCIEDAD,FRACCION VII,2024,11,01/07/2025
MFH8501018S3,MUNICIPIO DE FRONTERA HIDALGO CHIAPAS SIN TIPO DE SOCIEDAD,FRACCION VII,2024,12,01/07/2025
MCP930215628,MUNICIPIO DE CHICONCUAUTLA PUEBLA SIN TIPO DE SOCIEDAD,FRACCION VII,2025,9,01/01/2026
MCP930215628,MUNICIPIO DE CHICONCUAUTLA PUEBLA SIN TIPO DE SOCIEDAD,FRACCION VII,2025,10,01/01/2026
MCP930215628,MUNICIPIO DE CHICONCUAUTLA PUEBLA SIN TIPO DE SOCIEDAD,FRACCION VII,2025,11,01/01/2026
MTH850101LU4,MUNICIPIO DE TECALI DE HERRERA PUEBLA SIN TIPO DE SOCIEDAD,FRACCION VII,2025,10,01/01/2026
MTH850101LU4,MUNICIPIO DE TECALI DE HERRERA PUEBLA SIN TIPO DE SOCIEDAD,FRACCION VII,2025,11,01/01/2026
MNS941202UQ9,MUNICIPIO DE EL NARANJO SLP SIN TIPO DE SOCIEDAD,FRACCION VII,2025,9,01/01/2026
MNS941202UQ9,MUNICIPIO DE EL NARANJO SLP SIN TIPO DE SOCIEDAD,FRACCION VII,2025,10,01/01/2026
MNS941202UQ9,MUNICIPIO DE EL NARANJO SLP SIN TIPO DE SOCIEDAD,FRACCION VII,2025,11,01/01/2026
MCM850101RUA,MUNICIPIO DE CIUDAD DEL MAIZ SLP SIN TIPO DE SOCIEDAD,FRACCION VII,2025,9,01/01/2026
MCM850101RUA,MUNICIPIO DE CIUDAD DEL MAIZ SLP SIN TIPO DE SOCIEDAD,FRACCION VII,2025,10,01/01/2026
MCM850101RUA,MUNICIPIO DE CIUDAD DEL MAIZ SLP SIN TIPO DE SOCIEDAD,FRACCION VII,2025,11,01/01/2026
ITS910821L92,INSTITUTO TECNOLOGICO SUPERIOR DE LA MONTAÑA SIN TIPO DE SOCIEDAD,FRACCION VII,2025,9,01/01/2026
ITS910821L92,INSTITUTO TECNOLOGICO SUPERIOR DE LA MONTAÑA SIN TIPO DE SOCIEDAD,FRACCION VII,2025,10,01/01/2026
MAY8501018B2,MUNICIPIO DE ABALA SIN TIPO DE SOCIEDAD,FRACCION VII,2025,9,01/01/2026
MAY8501018B2,MUNICIPIO DE ABALA SIN TIPO DE SOCIEDAD,FRACCION VII,2025,10,01/01/2026
MAY8501018B2,MUNICIPIO DE ABALA SIN TIPO DE SOCIEDAD,FRACCION VII,2025,11,01/01/2026
MJF8501019NA,MUNICIPIO DE JUCHIQUE DE FERRER VER SIN TIPO DE SOCIEDAD,FRACCION VII,2025,5,01/07/2025
MJF8501019NA,MUNICIPIO DE JUCHIQUE DE FERRER VER SIN TIPO DE SOCIEDAD,FRACCION VII,2025,6,01/01/2026
MJF8501019NA,MUNICIPIO DE JUCHIQUE DE FERRER VER SIN TIPO DE SOCIEDAD,FRACCION VII,2025,7,01/01/2026
MJF8501019NA,MUNICIPIO DE JUCHIQUE DE FERRER VER SIN TIPO DE SOCIEDAD,FRACCION VII,2025,8,01/01/2026
MJF8501019NA,MUNICIPIO DE JUCHIQUE DE FERRER VER SIN TIPO DE SOCIEDAD,FRACCION VII,2025,9,01/01/2026
MJF8501019NA,MUNICIPIO DE JUCHIQUE DE FERRER VER SIN TIPO DE SOCIEDAD,FRACCION VII,2025,10,01/01/2026
MJF8501019NA,MUNICIPIO DE JUCHIQUE DE FERRER VER SIN TIPO DE SOCIEDAD,FRACCION VII,2025,11,01/01/2026
MCM850101M45,MUNICIPIO DE CHAVINDA MICHOACAN SIN TIPO DE SOCIEDAD,FRACCION VII,2025,9,01/01/2026
MCM850101M45,MUNICIPIO DE CHAVINDA MICHOACAN SIN TIPO DE SOCIEDAD,FRACCION VII,2025,10,01/01/2026
MCM850101M45,MUNICIPIO DE CHAVINDA MICHOACAN SIN TIPO DE SOCIEDAD,FRACCION VII,2025,11,01/01/2026
MRL850101MM1,MUNICIPIO DE RIO LAGARTOS SIN TIPO DE SOCIEDAD,FRACCION VII,2025,11,01/01/2026
MOJ850101TJ3,MUNICIPIO DE OMITLAN DE JUAREZ SIN TIPO DE SOCIEDAD,FRACCION VII,2025,9,01/01/2026
MOJ850101TJ3,MUNICIPIO DE OMITLAN DE JUAREZ SIN TIPO DE SOCIEDAD,FRACCION VII,2025,10,01/01/2026
MOJ850101TJ3,MUNICIPIO DE OMITLAN DE JUAREZ SIN TIPO DE SOCIEDAD,FRACCION VII,2025,11,01/01/2026
MCO850101HI6,MUNICIPIO DE CHOIX SIN TIPO DE SOCIEDAD,FRACCION VII,2025,9,01/01/2026
MCO850101HI6,MUNICIPIO DE CHOIX SIN TIPO DE SOCIEDAD,FRACCION VII,2025,10,01/01/2026
MCO850101HI6,MUNICIPIO DE CHOIX SIN TIPO DE SOCIEDAD,FRACCION VII,2025,11,01/01/2026
MCI850101PW8,MUNICIPIO DE CHINIPAS SIN TIPO DE SOCIEDAD,FRACCION VII,2025,10,01/01/2026
MCI850101PW8,MUNICIPIO DE CHINIPAS SIN TIPO DE SOCIEDAD,FRACCION VII,2025,11,01/01/2026
MXP930215TG7,MUNICIPIO DE XICOTEPEC PUEBLA SIN TIPO DE SOCIEDAD,FRACCION VII,2025,10,01/01/2026
MXP930215TG7,MUNICIPIO DE XICOTEPEC PUEBLA SIN TIPO DE SOCIEDAD,FRACCION VII,2025,11,01/01/2026
MSM850101MF5,MUNICIPIO DE SAN MARTIN CHALCHICUAUTLA SIN TIPO DE SOCIEDAD,FRACCION VII,2025,10,01/01/2026
MAM850101215,MUNICIPIO DE AMANALCO SIN TIPO DE SOCIEDAD,FRACCION VII,2025,9,01/01/2026
MAM850101215,MUNICIPIO DE AMANALCO SIN TIPO DE SOCIEDAD,FRACCION VII,2025,10,01/01/2026
MAM850101215,MUNICIPIO DE AMANALCO SIN TIPO DE SOCIEDAD,FRACCION VII,2025,11,01/01/2026
MPM850101LZA,MUNICIPIO DE PARACHO MICHOACAN SIN TIPO DE SOCIEDAD,FRACCION VII,2025,10,01/01/2026
MPM850101LZA,MUNICIPIO DE PARACHO MICHOACAN SIN TIPO DE SOCIEDAD,FRACCION VII,2025,11,01/01/2026
MSP8501017U0,MUNICIPIO DE SAN PEDRO IXTLAHUACA SIN TIPO DE SOCIEDAD,FRACCION VII,2025,1,01/04/2025
MSP8501017U0,MUNICIPIO DE SAN PEDRO IXTLAHUACA SIN TIPO DE SOCIEDAD,FRACCION VII,2025,2,01/04/2025
MCG850101CE9,MUNICIPIO DE COPANATOYAC GUERRERO SIN TIPO DE SOCIEDAD,FRACCION VII,2025,11,01/01/2026
MRS850101UN2,MUNICIPIO DE RAYON SLP SIN TIPO DE SOCIEDAD,FRACCION VII,2025,9,01/01/2026
MRS850101UN2,MUNICIPIO DE RAYON SLP SIN TIPO DE SOCIEDAD,FRACCION VII,2025,10,01/01/2026
MRS850101UN2,MUNICIPIO DE RAYON SLP SIN TIPO DE SOCIEDAD,FRACCION VII,2025,11,01/01/2026
MSR040101AA5,MUNICIPIO DE SAN RAFAEL SIN TIPO DE SOCIEDAD,FRACCION VII,2025,11,01/01/2026
MTT850101BD6,MUNICIPIO DE TZOMPANTEPEC TLAX SIN TIPO DE SOCIEDAD,FRACCION VII,2025,9,01/01/2026
MTT850101BD6,MUNICIPIO DE TZOMPANTEPEC TLAX SIN TIPO DE SOCIEDAD,FRACCION VII,2025,10,01/01/2026
MTT850101BD6,MUNICIPIO DE TZOMPANTEPEC TLAX SIN TIPO DE SOCIEDAD,FRACCION VII,2025,11,01/01/2026
UTC970703GT4,UNIVERSIDAD TECNOLOGICA DE LA COSTA GRANDE DE GUERRERO SIN TIPO DE SOCIEDAD,FRACCION VII,2025,11,01/01/2026
MXG850101JR4,MUNICIPIO DE XOCHIHUEHUETLAN GUERRERO SIN TIPO DE SOCIEDAD,FRACCION VII,2025,1,01/01/2026
MXG850101JR4,MUNICIPIO DE XOCHIHUEHUETLAN GUERRERO SIN TIPO DE SOCIEDAD,FRACCION VII,2025,2,01/01/2026
MXG850101JR4,MUNICIPIO DE XOCHIHUEHUETLAN GUERRERO SIN TIPO DE SOCIEDAD,FRACCION VII,2025,3,01/01/2026
MXG850101JR4,MUNICIPIO DE XOCHIHUEHUETLAN GUERRERO SIN TIPO DE SOCIEDAD,FRACCION VII,2025,4,01/01/2026
MXG850101JR4,MUNICIPIO DE XOCHIHUEHUETLAN GUERRERO SIN TIPO DE SOCIEDAD,FRACCION VII,2025,5,01/01/2026
MXG850101JR4,MUNICIPIO DE XOCHIHUEHUETLAN GUERRERO SIN TIPO DE SOCIEDAD,FRACCION VII,2025,8,01/01/2026
MXG850101JR4,MUNICIPIO DE XOCHIHUEHUETLAN GUERRERO SIN TIPO DE SOCIEDAD,FRACCION VII,2025,9,01/01/2026
MXG850101JR4,MUNICIPIO DE XOCHIHUEHUETLAN GUERRERO SIN TIPO DE SOCIEDAD,FRACCION VII,2025,10,01/01/2026
MCM850101592,MUNICIPIO DE CUAPIAXTLA DE MADERO SIN TIPO DE SOCIEDAD,FRACCION VII,2025,10,01/01/2026
MCM850101592,MUNICIPIO DE CUAPIAXTLA DE MADERO SIN TIPO DE SOCIEDAD,FRACCION VII,2025,11,01/01/2026
MPM850101D4A,MUNICIPIO DE PATZCUARO MICHOACAN SIN TIPO DE SOCIEDAD,FRACCION VII,2025,11,01/01/2026
MNU850101PV1,MUNICIPIO DE NUEVO URECHO MICHOACAN SIN TIPO DE SOCIEDAD,FRACCION VII,2025,10,01/01/2026
MNU850101PV1,MUNICIPIO DE NUEVO URECHO MICHOACAN SIN TIPO DE SOCIEDAD,FRACCION VII,2025,11,01/01/2026
GED620101652,GOBIERNO DEL ESTADO DE DURANGO SIN TIPO DE SOCIEDAD,FRACCION VII,2025,10,01/01/2026
GED620101652,GOBIERNO DEL ESTADO DE DURANGO SIN TIPO DE SOCIEDAD,FRACCION VII,2025,11,01/01/2026
PMV8501019S0,PRESIDENCIA MUNICIPAL DE VIESCA COAH SIN TIPO DE SOCIEDAD,FRACCION VII,2025,9,01/01/2026
PMV8501019S0,PRESIDENCIA MUNICIPAL DE VIESCA COAH SIN TIPO DE SOCIEDAD,FRACCION VII,2025,10,01/01/2026
PMV8501019S0,PRESIDENCIA MUNICIPAL DE VIESCA COAH SIN TIPO DE SOCIEDAD,FRACCION VII,2025,11,01/01/2026
MOG850101G11,MUNICIPIO DE OMETEPEC GRO SIN TIPO DE SOCIEDAD,FRACCION VII,2025,11,01/01/2026
MYN850101M38,MUNICIPIO DE LA YESCA NAYARIT SIN TIPO DE SOCIEDAD,FRACCION VII,2025,9,01/01/2026
MYN850101M38,MUNICIPIO DE LA YESCA NAYARIT SIN TIPO DE SOCIEDAD,FRACCION VII,2025,10,01/01/2026
MYN850101M38,MUNICIPIO DE LA YESCA NAYARIT SIN TIPO DE SOCIEDAD,FRACCION VII,2025,11,01/01/2026
MBY850101DZ3,MUNICIPIO DE BUCTZOTZ SIN TIPO DE SOCIEDAD,FRACCION VII,2025,9,01/01/2026
MBY850101DZ3,MUNICIPIO DE BUCTZOTZ SIN TIPO DE SOCIEDAD,FRACCION VII,2025,10,01/01/2026
MBY850101DZ3,MUNICIPIO DE BUCTZOTZ SIN TIPO DE SOCIEDAD,FRACCION VII,2025,11,01/01/2026
MCM850101IZ8,MUNICIPIO DE CHARO DE MICHOACAN SIN TIPO DE SOCIEDAD,FRACCION VII,2025,9,01/01/2026
MCM850101IZ8,MUNICIPIO DE CHARO DE MICHOACAN SIN TIPO DE SOCIEDAD,FRACCION VII,2025,10,01/01/2026
MCM850101IZ8,MUNICIPIO DE CHARO DE MICHOACAN SIN TIPO DE SOCIEDAD,FRACCION VII,2025,11,01/01/2026
MLB850101R73,MUNICIPIO DE LEONARDO BRAVO GUERRERO SIN TIPO DE SOCIEDAD,FRACCION VII,2025,9,01/01/2026
MLB850101R73,MUNICIPIO DE LEONARDO BRAVO GUERRERO SIN TIPO DE SOCIEDAD,FRACCION VII,2025,10,01/01/2026
MLB850101R73,MUNICIPIO DE LEONARDO BRAVO GUERRERO SIN TIPO DE SOCIEDAD,FRACCION VII,2025,11,01/01/2026
MCD850101H75,MUNICIPIO DE CALIMAYA SIN TIPO DE SOCIEDAD,FRACCION VII,2025,9,01/01/2026
MCD850101H75,MUNICIPIO DE CALIMAYA SIN TIPO DE SOCIEDAD,FRACCION VII,2025,10,01/01/2026
MCD850101H75,MUNICIPIO DE CALIMAYA SIN TIPO DE SOCIEDAD,FRACCION VII,2025,11,01/01/2026
MJP850101AM9,MUNICIPIO DE JONOTLA PUEBLA SIN TIPO DE SOCIEDAD,FRACCION VII,2025,9,01/01/2026
MJP850101AM9,MUNICIPIO DE JONOTLA PUEBLA SIN TIPO DE SOCIEDAD,FRACCION VII,2025,10,01/01/2026
MJP850101AM9,MUNICIPIO DE JONOTLA PUEBLA SIN TIPO DE SOCIEDAD,FRACCION VII,2025,11,01/01/2026
MAT850101CJ2,MUNICIPIO DE AXTLA DE TERRAZAS SLP SIN TIPO DE SOCIEDAD,FRACCION VII,2025,11,01/01/2026
MSM850101MF5,MUNICIPIO DE SAN MARTIN CHALCHICUAUTLA SIN TIPO DE SOCIEDAD,FRACCION VII,2025,7,01/01/2026
MSM850101MF5,MUNICIPIO DE SAN MARTIN CHALCHICUAUTLA SIN TIPO DE SOCIEDAD,FRACCION VII,2025,8,01/01/2026
MSM850101MF5,MUNICIPIO DE SAN MARTIN CHALCHICUAUTLA SIN TIPO DE SOCIEDAD,FRACCION VII,2025,9,01/01/2026
MOT630101GC5,MUNICIPIO DE OCAMPO TAMAULIPAS SIN TIPO DE SOCIEDAD,FRACCION VII,2025,9,01/01/2026
MOT630101GC5,MUNICIPIO DE OCAMPO TAMAULIPAS SIN TIPO DE SOCIEDAD,FRACCION VII,2025,10,01/01/2026
MOT630101GC5,MUNICIPIO DE OCAMPO TAMAULIPAS SIN TIPO DE SOCIEDAD,FRACCION VII,2025,11,01/01/2026
MYM850101M45,MUNICIPIO DE YURECUARO MICHOACAN SIN TIPO DE SOCIEDAD,FRACCION VII,2025,9,01/01/2026
MYM850101M45,MUNICIPIO DE YURECUARO MICHOACAN SIN TIPO DE SOCIEDAD,FRACCION VII,2025,10,01/01/2026
MPM850101M88,MUNICIPIO DE PAJACUARAN MICHOACAN SIN TIPO DE SOCIEDAD,FRACCION VII,2025,9,01/01/2026
MPM850101M88,MUNICIPIO DE PAJACUARAN MICHOACAN SIN TIPO DE SOCIEDAD,FRACCION VII,2025,10,01/01/2026
MPM850101M88,MUNICIPIO DE PAJACUARAN MICHOACAN SIN TIPO DE SOCIEDAD,FRACCION VII,2025,11,01/01/2026
MSR860201IY2,MUNICIPIO DE SANTOS REYES TEPEJILLO SIN TIPO DE SOCIEDAD,FRACCION VII,2025,11,01/01/2026
MSF8501015Y9,MUNICIPIO DE SAN FRANCISCO DE BORJA SIN TIPO DE SOCIEDAD,FRACCION VII,2025,10,01/01/2026
CAG190602UP1,"CONSEJO DE ADMINISTRACION Y GESTION COMUNAL DE LA COMUNIDAD INDIGENA DE TARECUATO MUNICIPIO DE TANGAMANDAPIO, MICHOACAN SIN TIPO DE SOCIEDAD",FRACCION VII,2025,11,01/01/2026
MSA850101U23,MUNICIPIO DE SAN ANTONIO DE LA CAL SIN TIPO DE SOCIEDAD,FRACCION VII,2025,10,01/01/2026
MSA850101U23,MUNICIPIO DE SAN ANTONIO DE LA CAL SIN TIPO DE SOCIEDAD,FRACCION VII,2025,11,01/01/2026
MST670215CTA,MUNICIPIO DE SANTIAGO TUXTLA VER SIN TIPO DE SOCIEDAD,FRACCION VII,2025,9,01/01/2026
MST670215CTA,MUNICIPIO DE SANTIAGO TUXTLA VER SIN TIPO DE SOCIEDAD,FRACCION VII,2025,10,01/01/2026
MST670215CTA,MUNICIPIO DE SANTIAGO TUXTLA VER SIN TIPO DE SOCIEDAD,FRACCION VII,2025,11,01/01/2026
PMI8501019M0,MUNICIPIO DE IXTAPAN DEL ORO SIN TIPO DE SOCIEDAD,FRACCION VII,2025,9,01/01/2026
PMI8501019M0,MUNICIPIO DE IXTAPAN DEL ORO SIN TIPO DE SOCIEDAD,FRACCION VII,2025,10,01/01/2026
PMI8501019M0,MUNICIPIO DE IXTAPAN DEL ORO SIN TIPO DE SOCIEDAD,FRACCION VII,2025,11,01/01/2026
PMM850101343,PRESIDENCIA MUNICIPAL DE MATAMOROS COAH SIN TIPO DE SOCIEDAD,FRACCION VII,2025,9,01/01/2026
PMM850101343,PRESIDENCIA MUNICIPAL DE MATAMOROS COAH SIN TIPO DE SOCIEDAD,FRACCION VII,2025,10,01/01/2026
PMM850101343,PRESIDENCIA MUNICIPAL DE MATAMOROS COAH SIN TIPO DE SOCIEDAD,FRACCION VII,2025,11,01/01/2026
MRP850101MP9,MUNICIPIO DE REFORMA DE PINEDA SIN TIPO DE SOCIEDAD,FRACCION VII,2025,10,01/01/2026
MRP850101MP9,MUNICIPIO DE REFORMA DE PINEDA SIN TIPO DE SOCIEDAD,FRACCION VII,2025,11,01/01/2026
MSM670101D84,MUNICIPIO DE SAN MARCOS GRO SIN TIPO DE SOCIEDAD,FRACCION VII,2025,9,01/01/2026
MSM670101D84,MUNICIPIO DE SAN MARCOS GRO SIN TIPO DE SOCIEDAD,FRACCION VII,2025,10,01/01/2026
MSM670101D84,MUNICIPIO DE SAN MARCOS GRO SIN TIPO DE SOCIEDAD,FRACCION VII,2025,11,01/01/2026
MRP850101MP9,MUNICIPIO DE REFORMA DE PINEDA SIN TIPO DE SOCIEDAD,FRACCION VII,2025,9,01/01/2026
MAY850101TD9,MUNICIPIO DE AKIL SIN TIPO DE SOCIEDAD,FRACCION VII,2025,9,01/01/2026
MAY850101TD9,MUNICIPIO DE AKIL SIN TIPO DE SOCIEDAD,FRACCION VII,2025,10,01/01/2026
MAY850101TD9,MUNICIPIO DE AKIL SIN TIPO DE SOCIEDAD,FRACCION VII,2025,11,01/01/2026
MPM850101LZA,MUNICIPIO DE PARACHO MICHOACAN SIN TIPO DE SOCIEDAD,FRACCION VII,2025,9,01/01/2026
MSA970825J64,MUNICIPIO DE SALVADOR ALVARADO SIN TIPO DE SOCIEDAD,FRACCION VII,2025,10,01/01/2026
MMY850101DU2,MUNICIPIO DE MAYAPAN SIN TIPO DE SOCIEDAD,FRACCION VII,2025,9,01/01/2026
MMY850101DU2,MUNICIPIO DE MAYAPAN SIN TIPO DE SOCIEDAD,FRACCION VII,2025,10,01/01/2026
MMY850101DU2,MUNICIPIO DE MAYAPAN SIN TIPO DE SOCIEDAD,FRACCION VII,2025,11,01/01/2026
MSA951002VCA,MUNICIPIO DE SANTA ANA NOPALUCAN TLAX SIN TIPO DE SOCIEDAD,FRACCION VII,2025,10,01/01/2026
MSA951002VCA,MUNICIPIO DE SANTA ANA NOPALUCAN TLAX SIN TIPO DE SOCIEDAD,FRACCION VII,2025,11,01/01/2026
MJA850101JX8,MUNICIPIO DE JANTETELCO SIN TIPO DE SOCIEDAD,FRACCION VII,2025,9,01/01/2026
MJA850101JX8,MUNICIPIO DE JANTETELCO SIN TIPO DE SOCIEDAD,FRACCION VII,2025,10,01/01/2026
MJA850101JX8,MUNICIPIO DE JANTETELCO SIN TIPO DE SOCIEDAD,FRACCION VII,2025,11,01/01/2026
